110.72670235 132.99037978 -58.60000000
108.08930694 134.90655970 -58.60000000
105.45191154 136.82273962 -58.60000000
102.81451614 138.73891954 -58.60000000
110.72670235 132.99037978 -55.34000000
108.08930694 134.90655970 -55.34000000
105.45191154 136.82273962 -55.34000000
102.81451614 138.73891954 -55.34000000
0.00000000 0.00000000 0.00000000
0.00000000 0.00000000 0.00000000
121.27628395 125.32566009 -58.60000000
118.63888855 127.24184001 -58.60000000
116.00149315 129.15801993 -58.60000000
113.36409775 131.07419985 -58.60000000
121.27628395 125.32566009 -55.34000000
118.63888855 127.24184001 -55.34000000
116.00149315 129.15801993 -55.34000000
113.36409775 131.07419985 -55.34000000
102.81451614 138.73891954 -61.86000000
105.45191154 136.82273962 -61.86000000
108.08930694 134.90655970 -61.86000000
110.72670235 132.99037978 -61.86000000
102.81451614 138.73891954 -65.12000000
105.45191154 136.82273962 -65.12000000
108.08930694 134.90655970 -65.12000000
110.72670235 132.99037978 -65.12000000
0.00000000 0.00000000 0.00000000
0.00000000 0.00000000 0.00000000
113.36409775 131.07419985 -61.86000000
116.00149315 129.15801993 -61.86000000
118.63888855 127.24184001 -61.86000000
121.27628395 125.32566009 -61.86000000
113.36409775 131.07419985 -65.12000000
116.00149315 129.15801993 -65.12000000
118.63888855 127.24184001 -65.12000000
121.27628395 125.32566009 -65.12000000
110.72670235 132.99037978 -71.64000000
108.08930694 134.90655970 -71.64000000
105.45191154 136.82273962 -71.64000000
102.81451614 138.73891954 -71.64000000
110.72670235 132.99037978 -68.38000000
108.08930694 134.90655970 -68.38000000
105.45191154 136.82273962 -68.38000000
102.81451614 138.73891954 -68.38000000
0.00000000 0.00000000 0.00000000
0.00000000 0.00000000 0.00000000
121.27628395 125.32566009 -71.64000000
118.63888855 127.24184001 -71.64000000
116.00149315 129.15801993 -71.64000000
113.36409775 131.07419985 -71.64000000
121.27628395 125.32566009 -68.38000000
118.63888855 127.24184001 -68.38000000
116.00149315 129.15801993 -68.38000000
113.36409775 131.07419985 -68.38000000
102.81451614 138.73891954 -74.90000000
105.45191154 136.82273962 -74.90000000
108.08930694 134.90655970 -74.90000000
110.72670235 132.99037978 -74.90000000
102.81451614 138.73891954 -78.16000000
105.45191154 136.82273962 -78.16000000
108.08930694 134.90655970 -78.16000000
110.72670235 132.99037978 -78.16000000
0.00000000 0.00000000 0.00000000
0.00000000 0.00000000 0.00000000
113.36409775 131.07419985 -74.90000000
116.00149315 129.15801993 -74.90000000
118.63888855 127.24184001 -74.90000000
121.27628395 125.32566009 -74.90000000
113.36409775 131.07419985 -78.16000000
116.00149315 129.15801993 -78.16000000
118.63888855 127.24184001 -78.16000000
121.27628395 125.32566009 -78.16000000
92.26493453 146.40363923 -74.90000000
94.90232994 144.48745931 -74.90000000
97.53972534 142.57127939 -74.90000000
100.17712074 140.65509946 -74.90000000
92.26493453 146.40363923 -78.16000000
94.90232994 144.48745931 -78.16000000
97.53972534 142.57127939 -78.16000000
100.17712074 140.65509946 -78.16000000
0.00000000 0.00000000 0.00000000
0.00000000 0.00000000 0.00000000
81.71535293 154.06835892 -74.90000000
84.35274833 152.15217900 -74.90000000
86.99014373 150.23599908 -74.90000000
89.62753913 148.31981915 -74.90000000
81.71535293 154.06835892 -78.16000000
84.35274833 152.15217900 -78.16000000
86.99014373 150.23599908 -78.16000000
89.62753913 148.31981915 -78.16000000
100.17712074 140.65509946 -71.64000000
97.53972534 142.57127939 -71.64000000
94.90232994 144.48745931 -71.64000000
92.26493453 146.40363923 -71.64000000
100.17712074 140.65509946 -68.38000000
97.53972534 142.57127939 -68.38000000
94.90232994 144.48745931 -68.38000000
92.26493453 146.40363923 -68.38000000
0.00000000 0.00000000 0.00000000
0.00000000 0.00000000 0.00000000
89.62753913 148.31981915 -71.64000000
86.99014373 150.23599908 -71.64000000
84.35274833 152.15217900 -71.64000000
81.71535293 154.06835892 -71.64000000
89.62753913 148.31981915 -68.38000000
86.99014373 150.23599908 -68.38000000
84.35274833 152.15217900 -68.38000000
81.71535293 154.06835892 -68.38000000
92.26493453 146.40363923 -61.86000000
94.90232994 144.48745931 -61.86000000
97.53972534 142.57127939 -61.86000000
100.17712074 140.65509946 -61.86000000
92.26493453 146.40363923 -65.12000000
94.90232994 144.48745931 -65.12000000
97.53972534 142.57127939 -65.12000000
100.17712074 140.65509946 -65.12000000
0.00000000 0.00000000 0.00000000
0.00000000 0.00000000 0.00000000
81.71535293 154.06835892 -61.86000000
84.35274833 152.15217900 -61.86000000
86.99014373 150.23599908 -61.86000000
89.62753913 148.31981915 -61.86000000
81.71535293 154.06835892 -65.12000000
84.35274833 152.15217900 -65.12000000
86.99014373 150.23599908 -65.12000000
89.62753913 148.31981915 -65.12000000
100.17712074 140.65509946 -58.60000000
97.53972534 142.57127939 -58.60000000
94.90232994 144.48745931 -58.60000000
92.26493453 146.40363923 -58.60000000
100.17712074 140.65509946 -55.34000000
97.53972534 142.57127939 -55.34000000
94.90232994 144.48745931 -55.34000000
92.26493453 146.40363923 -55.34000000
0.00000000 0.00000000 0.00000000
0.00000000 0.00000000 0.00000000
89.62753913 148.31981915 -58.60000000
86.99014373 150.23599908 -58.60000000
84.35274833 152.15217900 -58.60000000
81.71535293 154.06835892 -58.60000000
89.62753913 148.31981915 -55.34000000
86.99014373 150.23599908 -55.34000000
84.35274833 152.15217900 -55.34000000
81.71535293 154.06835892 -55.34000000
110.72670235 132.99037978 -31.90000000
108.08930694 134.90655970 -31.90000000
105.45191154 136.82273962 -31.90000000
102.81451614 138.73891954 -31.90000000
110.72670235 132.99037978 -28.64000000
108.08930694 134.90655970 -28.64000000
105.45191154 136.82273962 -28.64000000
102.81451614 138.73891954 -28.64000000
0.00000000 0.00000000 0.00000000
0.00000000 0.00000000 0.00000000
121.27628395 125.32566009 -31.90000000
118.63888855 127.24184001 -31.90000000
116.00149315 129.15801993 -31.90000000
113.36409775 131.07419985 -31.90000000
121.27628395 125.32566009 -28.64000000
118.63888855 127.24184001 -28.64000000
116.00149315 129.15801993 -28.64000000
113.36409775 131.07419985 -28.64000000
102.81451614 138.73891954 -35.16000000
105.45191154 136.82273962 -35.16000000
108.08930694 134.90655970 -35.16000000
110.72670235 132.99037978 -35.16000000
102.81451614 138.73891954 -38.42000000
105.45191154 136.82273962 -38.42000000
108.08930694 134.90655970 -38.42000000
110.72670235 132.99037978 -38.42000000
0.00000000 0.00000000 0.00000000
0.00000000 0.00000000 0.00000000
113.36409775 131.07419985 -35.16000000
116.00149315 129.15801993 -35.16000000
118.63888855 127.24184001 -35.16000000
121.27628395 125.32566009 -35.16000000
113.36409775 131.07419985 -38.42000000
116.00149315 129.15801993 -38.42000000
118.63888855 127.24184001 -38.42000000
121.27628395 125.32566009 -38.42000000
110.72670235 132.99037978 -44.94000000
108.08930694 134.90655970 -44.94000000
105.45191154 136.82273962 -44.94000000
102.81451614 138.73891954 -44.94000000
110.72670235 132.99037978 -41.68000000
108.08930694 134.90655970 -41.68000000
105.45191154 136.82273962 -41.68000000
102.81451614 138.73891954 -41.68000000
0.00000000 0.00000000 0.00000000
0.00000000 0.00000000 0.00000000
121.27628395 125.32566009 -44.94000000
118.63888855 127.24184001 -44.94000000
116.00149315 129.15801993 -44.94000000
113.36409775 131.07419985 -44.94000000
121.27628395 125.32566009 -41.68000000
118.63888855 127.24184001 -41.68000000
116.00149315 129.15801993 -41.68000000
113.36409775 131.07419985 -41.68000000
102.81451614 138.73891954 -48.20000000
105.45191154 136.82273962 -48.20000000
108.08930694 134.90655970 -48.20000000
110.72670235 132.99037978 -48.20000000
102.81451614 138.73891954 -51.46000000
105.45191154 136.82273962 -51.46000000
108.08930694 134.90655970 -51.46000000
110.72670235 132.99037978 -51.46000000
0.00000000 0.00000000 0.00000000
0.00000000 0.00000000 0.00000000
113.36409775 131.07419985 -48.20000000
116.00149315 129.15801993 -48.20000000
118.63888855 127.24184001 -48.20000000
121.27628395 125.32566009 -48.20000000
113.36409775 131.07419985 -51.46000000
116.00149315 129.15801993 -51.46000000
118.63888855 127.24184001 -51.46000000
121.27628395 125.32566009 -51.46000000
92.26493453 146.40363923 -48.20000000
94.90232994 144.48745931 -48.20000000
97.53972534 142.57127939 -48.20000000
100.17712074 140.65509946 -48.20000000
92.26493453 146.40363923 -51.46000000
94.90232994 144.48745931 -51.46000000
97.53972534 142.57127939 -51.46000000
100.17712074 140.65509946 -51.46000000
0.00000000 0.00000000 0.00000000
0.00000000 0.00000000 0.00000000
81.71535293 154.06835892 -48.20000000
84.35274833 152.15217900 -48.20000000
86.99014373 150.23599908 -48.20000000
89.62753913 148.31981915 -48.20000000
81.71535293 154.06835892 -51.46000000
84.35274833 152.15217900 -51.46000000
86.99014373 150.23599908 -51.46000000
89.62753913 148.31981915 -51.46000000
100.17712074 140.65509946 -44.94000000
97.53972534 142.57127939 -44.94000000
94.90232994 144.48745931 -44.94000000
92.26493453 146.40363923 -44.94000000
100.17712074 140.65509946 -41.68000000
97.53972534 142.57127939 -41.68000000
94.90232994 144.48745931 -41.68000000
92.26493453 146.40363923 -41.68000000
0.00000000 0.00000000 0.00000000
0.00000000 0.00000000 0.00000000
89.62753913 148.31981915 -44.94000000
86.99014373 150.23599908 -44.94000000
84.35274833 152.15217900 -44.94000000
81.71535293 154.06835892 -44.94000000
89.62753913 148.31981915 -41.68000000
86.99014373 150.23599908 -41.68000000
84.35274833 152.15217900 -41.68000000
81.71535293 154.06835892 -41.68000000
92.26493453 146.40363923 -35.16000000
94.90232994 144.48745931 -35.16000000
97.53972534 142.57127939 -35.16000000
100.17712074 140.65509946 -35.16000000
92.26493453 146.40363923 -38.42000000
94.90232994 144.48745931 -38.42000000
97.53972534 142.57127939 -38.42000000
100.17712074 140.65509946 -38.42000000
0.00000000 0.00000000 0.00000000
0.00000000 0.00000000 0.00000000
81.71535293 154.06835892 -35.16000000
84.35274833 152.15217900 -35.16000000
86.99014373 150.23599908 -35.16000000
89.62753913 148.31981915 -35.16000000
81.71535293 154.06835892 -38.42000000
84.35274833 152.15217900 -38.42000000
86.99014373 150.23599908 -38.42000000
89.62753913 148.31981915 -38.42000000
100.17712074 140.65509946 -31.90000000
97.53972534 142.57127939 -31.90000000
94.90232994 144.48745931 -31.90000000
92.26493453 146.40363923 -31.90000000
100.17712074 140.65509946 -28.64000000
97.53972534 142.57127939 -28.64000000
94.90232994 144.48745931 -28.64000000
92.26493453 146.40363923 -28.64000000
0.00000000 0.00000000 0.00000000
0.00000000 0.00000000 0.00000000
89.62753913 148.31981915 -31.90000000
86.99014373 150.23599908 -31.90000000
84.35274833 152.15217900 -31.90000000
81.71535293 154.06835892 -31.90000000
89.62753913 148.31981915 -28.64000000
86.99014373 150.23599908 -28.64000000
84.35274833 152.15217900 -28.64000000
81.71535293 154.06835892 -28.64000000
110.72670235 132.99037978 -5.20000000
108.08930694 134.90655970 -5.20000000
105.45191154 136.82273962 -5.20000000
102.81451614 138.73891954 -5.20000000
110.72670235 132.99037978 -1.94000000
108.08930694 134.90655970 -1.94000000
105.45191154 136.82273962 -1.94000000
102.81451614 138.73891954 -1.94000000
0.00000000 0.00000000 0.00000000
0.00000000 0.00000000 0.00000000
121.27628395 125.32566009 -5.20000000
118.63888855 127.24184001 -5.20000000
116.00149315 129.15801993 -5.20000000
113.36409775 131.07419985 -5.20000000
121.27628395 125.32566009 -1.94000000
118.63888855 127.24184001 -1.94000000
116.00149315 129.15801993 -1.94000000
113.36409775 131.07419985 -1.94000000
102.81451614 138.73891954 -8.46000000
105.45191154 136.82273962 -8.46000000
108.08930694 134.90655970 -8.46000000
110.72670235 132.99037978 -8.46000000
102.81451614 138.73891954 -11.72000000
105.45191154 136.82273962 -11.72000000
108.08930694 134.90655970 -11.72000000
110.72670235 132.99037978 -11.72000000
0.00000000 0.00000000 0.00000000
0.00000000 0.00000000 0.00000000
113.36409775 131.07419985 -8.46000000
116.00149315 129.15801993 -8.46000000
118.63888855 127.24184001 -8.46000000
121.27628395 125.32566009 -8.46000000
113.36409775 131.07419985 -11.72000000
116.00149315 129.15801993 -11.72000000
118.63888855 127.24184001 -11.72000000
121.27628395 125.32566009 -11.72000000
110.72670235 132.99037978 -18.24000000
108.08930694 134.90655970 -18.24000000
105.45191154 136.82273962 -18.24000000
102.81451614 138.73891954 -18.24000000
110.72670235 132.99037978 -14.98000000
108.08930694 134.90655970 -14.98000000
105.45191154 136.82273962 -14.98000000
102.81451614 138.73891954 -14.98000000
0.00000000 0.00000000 0.00000000
0.00000000 0.00000000 0.00000000
121.27628395 125.32566009 -18.24000000
118.63888855 127.24184001 -18.24000000
116.00149315 129.15801993 -18.24000000
113.36409775 131.07419985 -18.24000000
121.27628395 125.32566009 -14.98000000
118.63888855 127.24184001 -14.98000000
116.00149315 129.15801993 -14.98000000
113.36409775 131.07419985 -14.98000000
102.81451614 138.73891954 -21.50000000
105.45191154 136.82273962 -21.50000000
108.08930694 134.90655970 -21.50000000
110.72670235 132.99037978 -21.50000000
102.81451614 138.73891954 -24.76000000
105.45191154 136.82273962 -24.76000000
108.08930694 134.90655970 -24.76000000
110.72670235 132.99037978 -24.76000000
0.00000000 0.00000000 0.00000000
0.00000000 0.00000000 0.00000000
113.36409775 131.07419985 -21.50000000
116.00149315 129.15801993 -21.50000000
118.63888855 127.24184001 -21.50000000
121.27628395 125.32566009 -21.50000000
113.36409775 131.07419985 -24.76000000
116.00149315 129.15801993 -24.76000000
118.63888855 127.24184001 -24.76000000
121.27628395 125.32566009 -24.76000000
92.26493453 146.40363923 -21.50000000
94.90232994 144.48745931 -21.50000000
97.53972534 142.57127939 -21.50000000
100.17712074 140.65509946 -21.50000000
92.26493453 146.40363923 -24.76000000
94.90232994 144.48745931 -24.76000000
97.53972534 142.57127939 -24.76000000
100.17712074 140.65509946 -24.76000000
0.00000000 0.00000000 0.00000000
0.00000000 0.00000000 0.00000000
81.71535293 154.06835892 -21.50000000
84.35274833 152.15217900 -21.50000000
86.99014373 150.23599908 -21.50000000
89.62753913 148.31981915 -21.50000000
81.71535293 154.06835892 -24.76000000
84.35274833 152.15217900 -24.76000000
86.99014373 150.23599908 -24.76000000
89.62753913 148.31981915 -24.76000000
100.17712074 140.65509946 -18.24000000
97.53972534 142.57127939 -18.24000000
94.90232994 144.48745931 -18.24000000
92.26493453 146.40363923 -18.24000000
100.17712074 140.65509946 -14.98000000
97.53972534 142.57127939 -14.98000000
94.90232994 144.48745931 -14.98000000
92.26493453 146.40363923 -14.98000000
0.00000000 0.00000000 0.00000000
0.00000000 0.00000000 0.00000000
89.62753913 148.31981915 -18.24000000
86.99014373 150.23599908 -18.24000000
84.35274833 152.15217900 -18.24000000
81.71535293 154.06835892 -18.24000000
89.62753913 148.31981915 -14.98000000
86.99014373 150.23599908 -14.98000000
84.35274833 152.15217900 -14.98000000
81.71535293 154.06835892 -14.98000000
92.26493453 146.40363923 -8.46000000
94.90232994 144.48745931 -8.46000000
97.53972534 142.57127939 -8.46000000
100.17712074 140.65509946 -8.46000000
92.26493453 146.40363923 -11.72000000
94.90232994 144.48745931 -11.72000000
97.53972534 142.57127939 -11.72000000
100.17712074 140.65509946 -11.72000000
0.00000000 0.00000000 0.00000000
0.00000000 0.00000000 0.00000000
81.71535293 154.06835892 -8.46000000
84.35274833 152.15217900 -8.46000000
86.99014373 150.23599908 -8.46000000
89.62753913 148.31981915 -8.46000000
81.71535293 154.06835892 -11.72000000
84.35274833 152.15217900 -11.72000000
86.99014373 150.23599908 -11.72000000
89.62753913 148.31981915 -11.72000000
100.17712074 140.65509946 -5.20000000
97.53972534 142.57127939 -5.20000000
94.90232994 144.48745931 -5.20000000
92.26493453 146.40363923 -5.20000000
100.17712074 140.65509946 -1.94000000
97.53972534 142.57127939 -1.94000000
94.90232994 144.48745931 -1.94000000
92.26493453 146.40363923 -1.94000000
0.00000000 0.00000000 0.00000000
0.00000000 0.00000000 0.00000000
89.62753913 148.31981915 -5.20000000
86.99014373 150.23599908 -5.20000000
84.35274833 152.15217900 -5.20000000
81.71535293 154.06835892 -5.20000000
89.62753913 148.31981915 -1.94000000
86.99014373 150.23599908 -1.94000000
84.35274833 152.15217900 -1.94000000
81.71535293 154.06835892 -1.94000000
110.72670235 132.99037978 21.50000000
108.08930694 134.90655970 21.50000000
105.45191154 136.82273962 21.50000000
102.81451614 138.73891954 21.50000000
110.72670235 132.99037978 24.76000000
108.08930694 134.90655970 24.76000000
105.45191154 136.82273962 24.76000000
102.81451614 138.73891954 24.76000000
0.00000000 0.00000000 0.00000000
0.00000000 0.00000000 0.00000000
121.27628395 125.32566009 21.50000000
118.63888855 127.24184001 21.50000000
116.00149315 129.15801993 21.50000000
113.36409775 131.07419985 21.50000000
121.27628395 125.32566009 24.76000000
118.63888855 127.24184001 24.76000000
116.00149315 129.15801993 24.76000000
113.36409775 131.07419985 24.76000000
102.81451614 138.73891954 18.24000000
105.45191154 136.82273962 18.24000000
108.08930694 134.90655970 18.24000000
110.72670235 132.99037978 18.24000000
102.81451614 138.73891954 14.98000000
105.45191154 136.82273962 14.98000000
108.08930694 134.90655970 14.98000000
110.72670235 132.99037978 14.98000000
0.00000000 0.00000000 0.00000000
0.00000000 0.00000000 0.00000000
113.36409775 131.07419985 18.24000000
116.00149315 129.15801993 18.24000000
118.63888855 127.24184001 18.24000000
121.27628395 125.32566009 18.24000000
113.36409775 131.07419985 14.98000000
116.00149315 129.15801993 14.98000000
118.63888855 127.24184001 14.98000000
121.27628395 125.32566009 14.98000000
110.72670235 132.99037978 8.46000000
108.08930694 134.90655970 8.46000000
105.45191154 136.82273962 8.46000000
102.81451614 138.73891954 8.46000000
110.72670235 132.99037978 11.72000000
108.08930694 134.90655970 11.72000000
105.45191154 136.82273962 11.72000000
102.81451614 138.73891954 11.72000000
0.00000000 0.00000000 0.00000000
0.00000000 0.00000000 0.00000000
121.27628395 125.32566009 8.46000000
118.63888855 127.24184001 8.46000000
116.00149315 129.15801993 8.46000000
113.36409775 131.07419985 8.46000000
121.27628395 125.32566009 11.72000000
118.63888855 127.24184001 11.72000000
116.00149315 129.15801993 11.72000000
113.36409775 131.07419985 11.72000000
102.81451614 138.73891954 5.20000000
105.45191154 136.82273962 5.20000000
108.08930694 134.90655970 5.20000000
110.72670235 132.99037978 5.20000000
102.81451614 138.73891954 1.94000000
105.45191154 136.82273962 1.94000000
108.08930694 134.90655970 1.94000000
110.72670235 132.99037978 1.94000000
0.00000000 0.00000000 0.00000000
0.00000000 0.00000000 0.00000000
113.36409775 131.07419985 5.20000000
116.00149315 129.15801993 5.20000000
118.63888855 127.24184001 5.20000000
121.27628395 125.32566009 5.20000000
113.36409775 131.07419985 1.94000000
116.00149315 129.15801993 1.94000000
118.63888855 127.24184001 1.94000000
121.27628395 125.32566009 1.94000000
92.26493453 146.40363923 5.20000000
94.90232994 144.48745931 5.20000000
97.53972534 142.57127939 5.20000000
100.17712074 140.65509946 5.20000000
92.26493453 146.40363923 1.94000000
94.90232994 144.48745931 1.94000000
97.53972534 142.57127939 1.94000000
100.17712074 140.65509946 1.94000000
0.00000000 0.00000000 0.00000000
0.00000000 0.00000000 0.00000000
81.71535293 154.06835892 5.20000000
84.35274833 152.15217900 5.20000000
86.99014373 150.23599908 5.20000000
89.62753913 148.31981915 5.20000000
81.71535293 154.06835892 1.94000000
84.35274833 152.15217900 1.94000000
86.99014373 150.23599908 1.94000000
89.62753913 148.31981915 1.94000000
100.17712074 140.65509946 8.46000000
97.53972534 142.57127939 8.46000000
94.90232994 144.48745931 8.46000000
92.26493453 146.40363923 8.46000000
100.17712074 140.65509946 11.72000000
97.53972534 142.57127939 11.72000000
94.90232994 144.48745931 11.72000000
92.26493453 146.40363923 11.72000000
0.00000000 0.00000000 0.00000000
0.00000000 0.00000000 0.00000000
89.62753913 148.31981915 8.46000000
86.99014373 150.23599908 8.46000000
84.35274833 152.15217900 8.46000000
81.71535293 154.06835892 8.46000000
89.62753913 148.31981915 11.72000000
86.99014373 150.23599908 11.72000000
84.35274833 152.15217900 11.72000000
81.71535293 154.06835892 11.72000000
92.26493453 146.40363923 18.24000000
94.90232994 144.48745931 18.24000000
97.53972534 142.57127939 18.24000000
100.17712074 140.65509946 18.24000000
92.26493453 146.40363923 14.98000000
94.90232994 144.48745931 14.98000000
97.53972534 142.57127939 14.98000000
100.17712074 140.65509946 14.98000000
0.00000000 0.00000000 0.00000000
0.00000000 0.00000000 0.00000000
81.71535293 154.06835892 18.24000000
84.35274833 152.15217900 18.24000000
86.99014373 150.23599908 18.24000000
89.62753913 148.31981915 18.24000000
81.71535293 154.06835892 14.98000000
84.35274833 152.15217900 14.98000000
86.99014373 150.23599908 14.98000000
89.62753913 148.31981915 14.98000000
100.17712074 140.65509946 21.50000000
97.53972534 142.57127939 21.50000000
94.90232994 144.48745931 21.50000000
92.26493453 146.40363923 21.50000000
100.17712074 140.65509946 24.76000000
97.53972534 142.57127939 24.76000000
94.90232994 144.48745931 24.76000000
92.26493453 146.40363923 24.76000000
0.00000000 0.00000000 0.00000000
0.00000000 0.00000000 0.00000000
89.62753913 148.31981915 21.50000000
86.99014373 150.23599908 21.50000000
84.35274833 152.15217900 21.50000000
81.71535293 154.06835892 21.50000000
89.62753913 148.31981915 24.76000000
86.99014373 150.23599908 24.76000000
84.35274833 152.15217900 24.76000000
81.71535293 154.06835892 24.76000000
110.72670235 132.99037978 48.20000000
108.08930694 134.90655970 48.20000000
105.45191154 136.82273962 48.20000000
102.81451614 138.73891954 48.20000000
110.72670235 132.99037978 51.46000000
108.08930694 134.90655970 51.46000000
105.45191154 136.82273962 51.46000000
102.81451614 138.73891954 51.46000000
0.00000000 0.00000000 0.00000000
0.00000000 0.00000000 0.00000000
121.27628395 125.32566009 48.20000000
118.63888855 127.24184001 48.20000000
116.00149315 129.15801993 48.20000000
113.36409775 131.07419985 48.20000000
121.27628395 125.32566009 51.46000000
118.63888855 127.24184001 51.46000000
116.00149315 129.15801993 51.46000000
113.36409775 131.07419985 51.46000000
102.81451614 138.73891954 44.94000000
105.45191154 136.82273962 44.94000000
108.08930694 134.90655970 44.94000000
110.72670235 132.99037978 44.94000000
102.81451614 138.73891954 41.68000000
105.45191154 136.82273962 41.68000000
108.08930694 134.90655970 41.68000000
110.72670235 132.99037978 41.68000000
0.00000000 0.00000000 0.00000000
0.00000000 0.00000000 0.00000000
113.36409775 131.07419985 44.94000000
116.00149315 129.15801993 44.94000000
118.63888855 127.24184001 44.94000000
121.27628395 125.32566009 44.94000000
113.36409775 131.07419985 41.68000000
116.00149315 129.15801993 41.68000000
118.63888855 127.24184001 41.68000000
121.27628395 125.32566009 41.68000000
110.72670235 132.99037978 35.16000000
108.08930694 134.90655970 35.16000000
105.45191154 136.82273962 35.16000000
102.81451614 138.73891954 35.16000000
110.72670235 132.99037978 38.42000000
108.08930694 134.90655970 38.42000000
105.45191154 136.82273962 38.42000000
102.81451614 138.73891954 38.42000000
0.00000000 0.00000000 0.00000000
0.00000000 0.00000000 0.00000000
121.27628395 125.32566009 35.16000000
118.63888855 127.24184001 35.16000000
116.00149315 129.15801993 35.16000000
113.36409775 131.07419985 35.16000000
121.27628395 125.32566009 38.42000000
118.63888855 127.24184001 38.42000000
116.00149315 129.15801993 38.42000000
113.36409775 131.07419985 38.42000000
102.81451614 138.73891954 31.90000000
105.45191154 136.82273962 31.90000000
108.08930694 134.90655970 31.90000000
110.72670235 132.99037978 31.90000000
102.81451614 138.73891954 28.64000000
105.45191154 136.82273962 28.64000000
108.08930694 134.90655970 28.64000000
110.72670235 132.99037978 28.64000000
0.00000000 0.00000000 0.00000000
0.00000000 0.00000000 0.00000000
113.36409775 131.07419985 31.90000000
116.00149315 129.15801993 31.90000000
118.63888855 127.24184001 31.90000000
121.27628395 125.32566009 31.90000000
113.36409775 131.07419985 28.64000000
116.00149315 129.15801993 28.64000000
118.63888855 127.24184001 28.64000000
121.27628395 125.32566009 28.64000000
92.26493453 146.40363923 31.90000000
94.90232994 144.48745931 31.90000000
97.53972534 142.57127939 31.90000000
100.17712074 140.65509946 31.90000000
92.26493453 146.40363923 28.64000000
94.90232994 144.48745931 28.64000000
97.53972534 142.57127939 28.64000000
100.17712074 140.65509946 28.64000000
0.00000000 0.00000000 0.00000000
0.00000000 0.00000000 0.00000000
81.71535293 154.06835892 31.90000000
84.35274833 152.15217900 31.90000000
86.99014373 150.23599908 31.90000000
89.62753913 148.31981915 31.90000000
81.71535293 154.06835892 28.64000000
84.35274833 152.15217900 28.64000000
86.99014373 150.23599908 28.64000000
89.62753913 148.31981915 28.64000000
100.17712074 140.65509946 35.16000000
97.53972534 142.57127939 35.16000000
94.90232994 144.48745931 35.16000000
92.26493453 146.40363923 35.16000000
100.17712074 140.65509946 38.42000000
97.53972534 142.57127939 38.42000000
94.90232994 144.48745931 38.42000000
92.26493453 146.40363923 38.42000000
0.00000000 0.00000000 0.00000000
0.00000000 0.00000000 0.00000000
89.62753913 148.31981915 35.16000000
86.99014373 150.23599908 35.16000000
84.35274833 152.15217900 35.16000000
81.71535293 154.06835892 35.16000000
89.62753913 148.31981915 38.42000000
86.99014373 150.23599908 38.42000000
84.35274833 152.15217900 38.42000000
81.71535293 154.06835892 38.42000000
92.26493453 146.40363923 44.94000000
94.90232994 144.48745931 44.94000000
97.53972534 142.57127939 44.94000000
100.17712074 140.65509946 44.94000000
92.26493453 146.40363923 41.68000000
94.90232994 144.48745931 41.68000000
97.53972534 142.57127939 41.68000000
100.17712074 140.65509946 41.68000000
0.00000000 0.00000000 0.00000000
0.00000000 0.00000000 0.00000000
81.71535293 154.06835892 44.94000000
84.35274833 152.15217900 44.94000000
86.99014373 150.23599908 44.94000000
89.62753913 148.31981915 44.94000000
81.71535293 154.06835892 41.68000000
84.35274833 152.15217900 41.68000000
86.99014373 150.23599908 41.68000000
89.62753913 148.31981915 41.68000000
100.17712074 140.65509946 48.20000000
97.53972534 142.57127939 48.20000000
94.90232994 144.48745931 48.20000000
92.26493453 146.40363923 48.20000000
100.17712074 140.65509946 51.46000000
97.53972534 142.57127939 51.46000000
94.90232994 144.48745931 51.46000000
92.26493453 146.40363923 51.46000000
0.00000000 0.00000000 0.00000000
0.00000000 0.00000000 0.00000000
89.62753913 148.31981915 48.20000000
86.99014373 150.23599908 48.20000000
84.35274833 152.15217900 48.20000000
81.71535293 154.06835892 48.20000000
89.62753913 148.31981915 51.46000000
86.99014373 150.23599908 51.46000000
84.35274833 152.15217900 51.46000000
81.71535293 154.06835892 51.46000000
110.72670235 132.99037978 74.90000000
108.08930694 134.90655970 74.90000000
105.45191154 136.82273962 74.90000000
102.81451614 138.73891954 74.90000000
110.72670235 132.99037978 78.16000000
108.08930694 134.90655970 78.16000000
105.45191154 136.82273962 78.16000000
102.81451614 138.73891954 78.16000000
0.00000000 0.00000000 0.00000000
0.00000000 0.00000000 0.00000000
121.27628395 125.32566009 74.90000000
118.63888855 127.24184001 74.90000000
116.00149315 129.15801993 74.90000000
113.36409775 131.07419985 74.90000000
121.27628395 125.32566009 78.16000000
118.63888855 127.24184001 78.16000000
116.00149315 129.15801993 78.16000000
113.36409775 131.07419985 78.16000000
102.81451614 138.73891954 71.64000000
105.45191154 136.82273962 71.64000000
108.08930694 134.90655970 71.64000000
110.72670235 132.99037978 71.64000000
102.81451614 138.73891954 68.38000000
105.45191154 136.82273962 68.38000000
108.08930694 134.90655970 68.38000000
110.72670235 132.99037978 68.38000000
0.00000000 0.00000000 0.00000000
0.00000000 0.00000000 0.00000000
113.36409775 131.07419985 71.64000000
116.00149315 129.15801993 71.64000000
118.63888855 127.24184001 71.64000000
121.27628395 125.32566009 71.64000000
113.36409775 131.07419985 68.38000000
116.00149315 129.15801993 68.38000000
118.63888855 127.24184001 68.38000000
121.27628395 125.32566009 68.38000000
110.72670235 132.99037978 61.86000000
108.08930694 134.90655970 61.86000000
105.45191154 136.82273962 61.86000000
102.81451614 138.73891954 61.86000000
110.72670235 132.99037978 65.12000000
108.08930694 134.90655970 65.12000000
105.45191154 136.82273962 65.12000000
102.81451614 138.73891954 65.12000000
0.00000000 0.00000000 0.00000000
0.00000000 0.00000000 0.00000000
121.27628395 125.32566009 61.86000000
118.63888855 127.24184001 61.86000000
116.00149315 129.15801993 61.86000000
113.36409775 131.07419985 61.86000000
121.27628395 125.32566009 65.12000000
118.63888855 127.24184001 65.12000000
116.00149315 129.15801993 65.12000000
113.36409775 131.07419985 65.12000000
102.81451614 138.73891954 58.60000000
105.45191154 136.82273962 58.60000000
108.08930694 134.90655970 58.60000000
110.72670235 132.99037978 58.60000000
102.81451614 138.73891954 55.34000000
105.45191154 136.82273962 55.34000000
108.08930694 134.90655970 55.34000000
110.72670235 132.99037978 55.34000000
0.00000000 0.00000000 0.00000000
0.00000000 0.00000000 0.00000000
113.36409775 131.07419985 58.60000000
116.00149315 129.15801993 58.60000000
118.63888855 127.24184001 58.60000000
121.27628395 125.32566009 58.60000000
113.36409775 131.07419985 55.34000000
116.00149315 129.15801993 55.34000000
118.63888855 127.24184001 55.34000000
121.27628395 125.32566009 55.34000000
92.26493453 146.40363923 58.60000000
94.90232994 144.48745931 58.60000000
97.53972534 142.57127939 58.60000000
100.17712074 140.65509946 58.60000000
92.26493453 146.40363923 55.34000000
94.90232994 144.48745931 55.34000000
97.53972534 142.57127939 55.34000000
100.17712074 140.65509946 55.34000000
0.00000000 0.00000000 0.00000000
0.00000000 0.00000000 0.00000000
81.71535293 154.06835892 58.60000000
84.35274833 152.15217900 58.60000000
86.99014373 150.23599908 58.60000000
89.62753913 148.31981915 58.60000000
81.71535293 154.06835892 55.34000000
84.35274833 152.15217900 55.34000000
86.99014373 150.23599908 55.34000000
89.62753913 148.31981915 55.34000000
100.17712074 140.65509946 61.86000000
97.53972534 142.57127939 61.86000000
94.90232994 144.48745931 61.86000000
92.26493453 146.40363923 61.86000000
100.17712074 140.65509946 65.12000000
97.53972534 142.57127939 65.12000000
94.90232994 144.48745931 65.12000000
92.26493453 146.40363923 65.12000000
0.00000000 0.00000000 0.00000000
0.00000000 0.00000000 0.00000000
89.62753913 148.31981915 61.86000000
86.99014373 150.23599908 61.86000000
84.35274833 152.15217900 61.86000000
81.71535293 154.06835892 61.86000000
89.62753913 148.31981915 65.12000000
86.99014373 150.23599908 65.12000000
84.35274833 152.15217900 65.12000000
81.71535293 154.06835892 65.12000000
92.26493453 146.40363923 71.64000000
94.90232994 144.48745931 71.64000000
97.53972534 142.57127939 71.64000000
100.17712074 140.65509946 71.64000000
92.26493453 146.40363923 68.38000000
94.90232994 144.48745931 68.38000000
97.53972534 142.57127939 68.38000000
100.17712074 140.65509946 68.38000000
0.00000000 0.00000000 0.00000000
0.00000000 0.00000000 0.00000000
81.71535293 154.06835892 71.64000000
84.35274833 152.15217900 71.64000000
86.99014373 150.23599908 71.64000000
89.62753913 148.31981915 71.64000000
81.71535293 154.06835892 68.38000000
84.35274833 152.15217900 68.38000000
86.99014373 150.23599908 68.38000000
89.62753913 148.31981915 68.38000000
100.17712074 140.65509946 74.90000000
97.53972534 142.57127939 74.90000000
94.90232994 144.48745931 74.90000000
92.26493453 146.40363923 74.90000000
100.17712074 140.65509946 78.16000000
97.53972534 142.57127939 78.16000000
94.90232994 144.48745931 78.16000000
92.26493453 146.40363923 78.16000000
0.00000000 0.00000000 0.00000000
0.00000000 0.00000000 0.00000000
89.62753913 148.31981915 74.90000000
86.99014373 150.23599908 74.90000000
84.35274833 152.15217900 74.90000000
81.71535293 154.06835892 74.90000000
89.62753913 148.31981915 78.16000000
86.99014373 150.23599908 78.16000000
84.35274833 152.15217900 78.16000000
81.71535293 154.06835892 78.16000000
153.19134900 80.49381539 -58.60000000
151.48800368 83.27342232 -58.60000000
149.78465836 86.05302926 -58.60000000
148.08131304 88.83263619 -58.60000000
153.19134900 80.49381539 -55.34000000
151.48800368 83.27342232 -55.34000000
149.78465836 86.05302926 -55.34000000
148.08131304 88.83263619 -55.34000000
0.00000000 0.00000000 0.00000000
0.00000000 0.00000000 0.00000000
160.00473029 69.37538764 -58.60000000
158.30138497 72.15499458 -58.60000000
156.59803965 74.93460152 -58.60000000
154.89469432 77.71420845 -58.60000000
160.00473029 69.37538764 -55.34000000
158.30138497 72.15499458 -55.34000000
156.59803965 74.93460152 -55.34000000
154.89469432 77.71420845 -55.34000000
148.08131304 88.83263619 -61.86000000
149.78465836 86.05302926 -61.86000000
151.48800368 83.27342232 -61.86000000
153.19134900 80.49381539 -61.86000000
148.08131304 88.83263619 -65.12000000
149.78465836 86.05302926 -65.12000000
151.48800368 83.27342232 -65.12000000
153.19134900 80.49381539 -65.12000000
0.00000000 0.00000000 0.00000000
0.00000000 0.00000000 0.00000000
154.89469432 77.71420845 -61.86000000
156.59803965 74.93460152 -61.86000000
158.30138497 72.15499458 -61.86000000
160.00473029 69.37538764 -61.86000000
154.89469432 77.71420845 -65.12000000
156.59803965 74.93460152 -65.12000000
158.30138497 72.15499458 -65.12000000
160.00473029 69.37538764 -65.12000000
153.19134900 80.49381539 -71.64000000
151.48800368 83.27342232 -71.64000000
149.78465836 86.05302926 -71.64000000
148.08131304 88.83263619 -71.64000000
153.19134900 80.49381539 -68.38000000
151.48800368 83.27342232 -68.38000000
149.78465836 86.05302926 -68.38000000
148.08131304 88.83263619 -68.38000000
0.00000000 0.00000000 0.00000000
0.00000000 0.00000000 0.00000000
160.00473029 69.37538764 -71.64000000
158.30138497 72.15499458 -71.64000000
156.59803965 74.93460152 -71.64000000
154.89469432 77.71420845 -71.64000000
160.00473029 69.37538764 -68.38000000
158.30138497 72.15499458 -68.38000000
156.59803965 74.93460152 -68.38000000
154.89469432 77.71420845 -68.38000000
148.08131304 88.83263619 -74.90000000
149.78465836 86.05302926 -74.90000000
151.48800368 83.27342232 -74.90000000
153.19134900 80.49381539 -74.90000000
148.08131304 88.83263619 -78.16000000
149.78465836 86.05302926 -78.16000000
151.48800368 83.27342232 -78.16000000
153.19134900 80.49381539 -78.16000000
0.00000000 0.00000000 0.00000000
0.00000000 0.00000000 0.00000000
154.89469432 77.71420845 -74.90000000
156.59803965 74.93460152 -74.90000000
158.30138497 72.15499458 -74.90000000
160.00473029 69.37538764 -74.90000000
154.89469432 77.71420845 -78.16000000
156.59803965 74.93460152 -78.16000000
158.30138497 72.15499458 -78.16000000
160.00473029 69.37538764 -78.16000000
141.26793176 99.95106394 -74.90000000
142.97127708 97.17145700 -74.90000000
144.67462240 94.39185007 -74.90000000
146.37796772 91.61224313 -74.90000000
141.26793176 99.95106394 -78.16000000
142.97127708 97.17145700 -78.16000000
144.67462240 94.39185007 -78.16000000
146.37796772 91.61224313 -78.16000000
0.00000000 0.00000000 0.00000000
0.00000000 0.00000000 0.00000000
134.45455047 111.06949168 -74.90000000
136.15789579 108.28988474 -74.90000000
137.86124111 105.51027781 -74.90000000
139.56458644 102.73067087 -74.90000000
134.45455047 111.06949168 -78.16000000
136.15789579 108.28988474 -78.16000000
137.86124111 105.51027781 -78.16000000
139.56458644 102.73067087 -78.16000000
146.37796772 91.61224313 -71.64000000
144.67462240 94.39185007 -71.64000000
142.97127708 97.17145700 -71.64000000
141.26793176 99.95106394 -71.64000000
146.37796772 91.61224313 -68.38000000
144.67462240 94.39185007 -68.38000000
142.97127708 97.17145700 -68.38000000
141.26793176 99.95106394 -68.38000000
0.00000000 0.00000000 0.00000000
0.00000000 0.00000000 0.00000000
139.56458644 102.73067087 -71.64000000
137.86124111 105.51027781 -71.64000000
136.15789579 108.28988474 -71.64000000
134.45455047 111.06949168 -71.64000000
139.56458644 102.73067087 -68.38000000
137.86124111 105.51027781 -68.38000000
136.15789579 108.28988474 -68.38000000
134.45455047 111.06949168 -68.38000000
141.26793176 99.95106394 -61.86000000
142.97127708 97.17145700 -61.86000000
144.67462240 94.39185007 -61.86000000
146.37796772 91.61224313 -61.86000000
141.26793176 99.95106394 -65.12000000
142.97127708 97.17145700 -65.12000000
144.67462240 94.39185007 -65.12000000
146.37796772 91.61224313 -65.12000000
0.00000000 0.00000000 0.00000000
0.00000000 0.00000000 0.00000000
134.45455047 111.06949168 -61.86000000
136.15789579 108.28988474 -61.86000000
137.86124111 105.51027781 -61.86000000
139.56458644 102.73067087 -61.86000000
134.45455047 111.06949168 -65.12000000
136.15789579 108.28988474 -65.12000000
137.86124111 105.51027781 -65.12000000
139.56458644 102.73067087 -65.12000000
146.37796772 91.61224313 -58.60000000
144.67462240 94.39185007 -58.60000000
142.97127708 97.17145700 -58.60000000
141.26793176 99.95106394 -58.60000000
146.37796772 91.61224313 -55.34000000
144.67462240 94.39185007 -55.34000000
142.97127708 97.17145700 -55.34000000
141.26793176 99.95106394 -55.34000000
0.00000000 0.00000000 0.00000000
0.00000000 0.00000000 0.00000000
139.56458644 102.73067087 -58.60000000
137.86124111 105.51027781 -58.60000000
136.15789579 108.28988474 -58.60000000
134.45455047 111.06949168 -58.60000000
139.56458644 102.73067087 -55.34000000
137.86124111 105.51027781 -55.34000000
136.15789579 108.28988474 -55.34000000
134.45455047 111.06949168 -55.34000000
153.19134900 80.49381539 -31.90000000
151.48800368 83.27342232 -31.90000000
149.78465836 86.05302926 -31.90000000
148.08131304 88.83263619 -31.90000000
153.19134900 80.49381539 -28.64000000
151.48800368 83.27342232 -28.64000000
149.78465836 86.05302926 -28.64000000
148.08131304 88.83263619 -28.64000000
0.00000000 0.00000000 0.00000000
0.00000000 0.00000000 0.00000000
160.00473029 69.37538764 -31.90000000
158.30138497 72.15499458 -31.90000000
156.59803965 74.93460152 -31.90000000
154.89469432 77.71420845 -31.90000000
160.00473029 69.37538764 -28.64000000
158.30138497 72.15499458 -28.64000000
156.59803965 74.93460152 -28.64000000
154.89469432 77.71420845 -28.64000000
148.08131304 88.83263619 -35.16000000
149.78465836 86.05302926 -35.16000000
151.48800368 83.27342232 -35.16000000
153.19134900 80.49381539 -35.16000000
148.08131304 88.83263619 -38.42000000
149.78465836 86.05302926 -38.42000000
151.48800368 83.27342232 -38.42000000
153.19134900 80.49381539 -38.42000000
0.00000000 0.00000000 0.00000000
0.00000000 0.00000000 0.00000000
154.89469432 77.71420845 -35.16000000
156.59803965 74.93460152 -35.16000000
158.30138497 72.15499458 -35.16000000
160.00473029 69.37538764 -35.16000000
154.89469432 77.71420845 -38.42000000
156.59803965 74.93460152 -38.42000000
158.30138497 72.15499458 -38.42000000
160.00473029 69.37538764 -38.42000000
153.19134900 80.49381539 -44.94000000
151.48800368 83.27342232 -44.94000000
149.78465836 86.05302926 -44.94000000
148.08131304 88.83263619 -44.94000000
153.19134900 80.49381539 -41.68000000
151.48800368 83.27342232 -41.68000000
149.78465836 86.05302926 -41.68000000
148.08131304 88.83263619 -41.68000000
0.00000000 0.00000000 0.00000000
0.00000000 0.00000000 0.00000000
160.00473029 69.37538764 -44.94000000
158.30138497 72.15499458 -44.94000000
156.59803965 74.93460152 -44.94000000
154.89469432 77.71420845 -44.94000000
160.00473029 69.37538764 -41.68000000
158.30138497 72.15499458 -41.68000000
156.59803965 74.93460152 -41.68000000
154.89469432 77.71420845 -41.68000000
148.08131304 88.83263619 -48.20000000
149.78465836 86.05302926 -48.20000000
151.48800368 83.27342232 -48.20000000
153.19134900 80.49381539 -48.20000000
148.08131304 88.83263619 -51.46000000
149.78465836 86.05302926 -51.46000000
151.48800368 83.27342232 -51.46000000
153.19134900 80.49381539 -51.46000000
0.00000000 0.00000000 0.00000000
0.00000000 0.00000000 0.00000000
154.89469432 77.71420845 -48.20000000
156.59803965 74.93460152 -48.20000000
158.30138497 72.15499458 -48.20000000
160.00473029 69.37538764 -48.20000000
154.89469432 77.71420845 -51.46000000
156.59803965 74.93460152 -51.46000000
158.30138497 72.15499458 -51.46000000
160.00473029 69.37538764 -51.46000000
141.26793176 99.95106394 -48.20000000
142.97127708 97.17145700 -48.20000000
144.67462240 94.39185007 -48.20000000
146.37796772 91.61224313 -48.20000000
141.26793176 99.95106394 -51.46000000
142.97127708 97.17145700 -51.46000000
144.67462240 94.39185007 -51.46000000
146.37796772 91.61224313 -51.46000000
0.00000000 0.00000000 0.00000000
0.00000000 0.00000000 0.00000000
134.45455047 111.06949168 -48.20000000
136.15789579 108.28988474 -48.20000000
137.86124111 105.51027781 -48.20000000
139.56458644 102.73067087 -48.20000000
134.45455047 111.06949168 -51.46000000
136.15789579 108.28988474 -51.46000000
137.86124111 105.51027781 -51.46000000
139.56458644 102.73067087 -51.46000000
146.37796772 91.61224313 -44.94000000
144.67462240 94.39185007 -44.94000000
142.97127708 97.17145700 -44.94000000
141.26793176 99.95106394 -44.94000000
146.37796772 91.61224313 -41.68000000
144.67462240 94.39185007 -41.68000000
142.97127708 97.17145700 -41.68000000
141.26793176 99.95106394 -41.68000000
0.00000000 0.00000000 0.00000000
0.00000000 0.00000000 0.00000000
139.56458644 102.73067087 -44.94000000
137.86124111 105.51027781 -44.94000000
136.15789579 108.28988474 -44.94000000
134.45455047 111.06949168 -44.94000000
139.56458644 102.73067087 -41.68000000
137.86124111 105.51027781 -41.68000000
136.15789579 108.28988474 -41.68000000
134.45455047 111.06949168 -41.68000000
141.26793176 99.95106394 -35.16000000
142.97127708 97.17145700 -35.16000000
144.67462240 94.39185007 -35.16000000
146.37796772 91.61224313 -35.16000000
141.26793176 99.95106394 -38.42000000
142.97127708 97.17145700 -38.42000000
144.67462240 94.39185007 -38.42000000
146.37796772 91.61224313 -38.42000000
0.00000000 0.00000000 0.00000000
0.00000000 0.00000000 0.00000000
134.45455047 111.06949168 -35.16000000
136.15789579 108.28988474 -35.16000000
137.86124111 105.51027781 -35.16000000
139.56458644 102.73067087 -35.16000000
134.45455047 111.06949168 -38.42000000
136.15789579 108.28988474 -38.42000000
137.86124111 105.51027781 -38.42000000
139.56458644 102.73067087 -38.42000000
146.37796772 91.61224313 -31.90000000
144.67462240 94.39185007 -31.90000000
142.97127708 97.17145700 -31.90000000
141.26793176 99.95106394 -31.90000000
146.37796772 91.61224313 -28.64000000
144.67462240 94.39185007 -28.64000000
142.97127708 97.17145700 -28.64000000
141.26793176 99.95106394 -28.64000000
0.00000000 0.00000000 0.00000000
0.00000000 0.00000000 0.00000000
139.56458644 102.73067087 -31.90000000
137.86124111 105.51027781 -31.90000000
136.15789579 108.28988474 -31.90000000
134.45455047 111.06949168 -31.90000000
139.56458644 102.73067087 -28.64000000
137.86124111 105.51027781 -28.64000000
136.15789579 108.28988474 -28.64000000
134.45455047 111.06949168 -28.64000000
153.19134900 80.49381539 -5.20000000
151.48800368 83.27342232 -5.20000000
149.78465836 86.05302926 -5.20000000
148.08131304 88.83263619 -5.20000000
153.19134900 80.49381539 -1.94000000
151.48800368 83.27342232 -1.94000000
149.78465836 86.05302926 -1.94000000
148.08131304 88.83263619 -1.94000000
0.00000000 0.00000000 0.00000000
0.00000000 0.00000000 0.00000000
160.00473029 69.37538764 -5.20000000
158.30138497 72.15499458 -5.20000000
156.59803965 74.93460152 -5.20000000
154.89469432 77.71420845 -5.20000000
160.00473029 69.37538764 -1.94000000
158.30138497 72.15499458 -1.94000000
156.59803965 74.93460152 -1.94000000
154.89469432 77.71420845 -1.94000000
148.08131304 88.83263619 -8.46000000
149.78465836 86.05302926 -8.46000000
151.48800368 83.27342232 -8.46000000
153.19134900 80.49381539 -8.46000000
148.08131304 88.83263619 -11.72000000
149.78465836 86.05302926 -11.72000000
151.48800368 83.27342232 -11.72000000
153.19134900 80.49381539 -11.72000000
0.00000000 0.00000000 0.00000000
0.00000000 0.00000000 0.00000000
154.89469432 77.71420845 -8.46000000
156.59803965 74.93460152 -8.46000000
158.30138497 72.15499458 -8.46000000
160.00473029 69.37538764 -8.46000000
154.89469432 77.71420845 -11.72000000
156.59803965 74.93460152 -11.72000000
158.30138497 72.15499458 -11.72000000
160.00473029 69.37538764 -11.72000000
153.19134900 80.49381539 -18.24000000
151.48800368 83.27342232 -18.24000000
149.78465836 86.05302926 -18.24000000
148.08131304 88.83263619 -18.24000000
153.19134900 80.49381539 -14.98000000
151.48800368 83.27342232 -14.98000000
149.78465836 86.05302926 -14.98000000
148.08131304 88.83263619 -14.98000000
0.00000000 0.00000000 0.00000000
0.00000000 0.00000000 0.00000000
160.00473029 69.37538764 -18.24000000
158.30138497 72.15499458 -18.24000000
156.59803965 74.93460152 -18.24000000
154.89469432 77.71420845 -18.24000000
160.00473029 69.37538764 -14.98000000
158.30138497 72.15499458 -14.98000000
156.59803965 74.93460152 -14.98000000
154.89469432 77.71420845 -14.98000000
148.08131304 88.83263619 -21.50000000
149.78465836 86.05302926 -21.50000000
151.48800368 83.27342232 -21.50000000
153.19134900 80.49381539 -21.50000000
148.08131304 88.83263619 -24.76000000
149.78465836 86.05302926 -24.76000000
151.48800368 83.27342232 -24.76000000
153.19134900 80.49381539 -24.76000000
0.00000000 0.00000000 0.00000000
0.00000000 0.00000000 0.00000000
154.89469432 77.71420845 -21.50000000
156.59803965 74.93460152 -21.50000000
158.30138497 72.15499458 -21.50000000
160.00473029 69.37538764 -21.50000000
154.89469432 77.71420845 -24.76000000
156.59803965 74.93460152 -24.76000000
158.30138497 72.15499458 -24.76000000
160.00473029 69.37538764 -24.76000000
141.26793176 99.95106394 -21.50000000
142.97127708 97.17145700 -21.50000000
144.67462240 94.39185007 -21.50000000
146.37796772 91.61224313 -21.50000000
141.26793176 99.95106394 -24.76000000
142.97127708 97.17145700 -24.76000000
144.67462240 94.39185007 -24.76000000
146.37796772 91.61224313 -24.76000000
0.00000000 0.00000000 0.00000000
0.00000000 0.00000000 0.00000000
134.45455047 111.06949168 -21.50000000
136.15789579 108.28988474 -21.50000000
137.86124111 105.51027781 -21.50000000
139.56458644 102.73067087 -21.50000000
134.45455047 111.06949168 -24.76000000
136.15789579 108.28988474 -24.76000000
137.86124111 105.51027781 -24.76000000
139.56458644 102.73067087 -24.76000000
146.37796772 91.61224313 -18.24000000
144.67462240 94.39185007 -18.24000000
142.97127708 97.17145700 -18.24000000
141.26793176 99.95106394 -18.24000000
146.37796772 91.61224313 -14.98000000
144.67462240 94.39185007 -14.98000000
142.97127708 97.17145700 -14.98000000
141.26793176 99.95106394 -14.98000000
0.00000000 0.00000000 0.00000000
0.00000000 0.00000000 0.00000000
139.56458644 102.73067087 -18.24000000
137.86124111 105.51027781 -18.24000000
136.15789579 108.28988474 -18.24000000
134.45455047 111.06949168 -18.24000000
139.56458644 102.73067087 -14.98000000
137.86124111 105.51027781 -14.98000000
136.15789579 108.28988474 -14.98000000
134.45455047 111.06949168 -14.98000000
141.26793176 99.95106394 -8.46000000
142.97127708 97.17145700 -8.46000000
144.67462240 94.39185007 -8.46000000
146.37796772 91.61224313 -8.46000000
141.26793176 99.95106394 -11.72000000
142.97127708 97.17145700 -11.72000000
144.67462240 94.39185007 -11.72000000
146.37796772 91.61224313 -11.72000000
0.00000000 0.00000000 0.00000000
0.00000000 0.00000000 0.00000000
134.45455047 111.06949168 -8.46000000
136.15789579 108.28988474 -8.46000000
137.86124111 105.51027781 -8.46000000
139.56458644 102.73067087 -8.46000000
134.45455047 111.06949168 -11.72000000
136.15789579 108.28988474 -11.72000000
137.86124111 105.51027781 -11.72000000
139.56458644 102.73067087 -11.72000000
146.37796772 91.61224313 -5.20000000
144.67462240 94.39185007 -5.20000000
142.97127708 97.17145700 -5.20000000
141.26793176 99.95106394 -5.20000000
146.37796772 91.61224313 -1.94000000
144.67462240 94.39185007 -1.94000000
142.97127708 97.17145700 -1.94000000
141.26793176 99.95106394 -1.94000000
0.00000000 0.00000000 0.00000000
0.00000000 0.00000000 0.00000000
139.56458644 102.73067087 -5.20000000
137.86124111 105.51027781 -5.20000000
136.15789579 108.28988474 -5.20000000
134.45455047 111.06949168 -5.20000000
139.56458644 102.73067087 -1.94000000
137.86124111 105.51027781 -1.94000000
136.15789579 108.28988474 -1.94000000
134.45455047 111.06949168 -1.94000000
153.19134900 80.49381539 21.50000000
151.48800368 83.27342232 21.50000000
149.78465836 86.05302926 21.50000000
148.08131304 88.83263619 21.50000000
153.19134900 80.49381539 24.76000000
151.48800368 83.27342232 24.76000000
149.78465836 86.05302926 24.76000000
148.08131304 88.83263619 24.76000000
0.00000000 0.00000000 0.00000000
0.00000000 0.00000000 0.00000000
160.00473029 69.37538764 21.50000000
158.30138497 72.15499458 21.50000000
156.59803965 74.93460152 21.50000000
154.89469432 77.71420845 21.50000000
160.00473029 69.37538764 24.76000000
158.30138497 72.15499458 24.76000000
156.59803965 74.93460152 24.76000000
154.89469432 77.71420845 24.76000000
148.08131304 88.83263619 18.24000000
149.78465836 86.05302926 18.24000000
151.48800368 83.27342232 18.24000000
153.19134900 80.49381539 18.24000000
148.08131304 88.83263619 14.98000000
149.78465836 86.05302926 14.98000000
151.48800368 83.27342232 14.98000000
153.19134900 80.49381539 14.98000000
0.00000000 0.00000000 0.00000000
0.00000000 0.00000000 0.00000000
154.89469432 77.71420845 18.24000000
156.59803965 74.93460152 18.24000000
158.30138497 72.15499458 18.24000000
160.00473029 69.37538764 18.24000000
154.89469432 77.71420845 14.98000000
156.59803965 74.93460152 14.98000000
158.30138497 72.15499458 14.98000000
160.00473029 69.37538764 14.98000000
153.19134900 80.49381539 8.46000000
151.48800368 83.27342232 8.46000000
149.78465836 86.05302926 8.46000000
148.08131304 88.83263619 8.46000000
153.19134900 80.49381539 11.72000000
151.48800368 83.27342232 11.72000000
149.78465836 86.05302926 11.72000000
148.08131304 88.83263619 11.72000000
0.00000000 0.00000000 0.00000000
0.00000000 0.00000000 0.00000000
160.00473029 69.37538764 8.46000000
158.30138497 72.15499458 8.46000000
156.59803965 74.93460152 8.46000000
154.89469432 77.71420845 8.46000000
160.00473029 69.37538764 11.72000000
158.30138497 72.15499458 11.72000000
156.59803965 74.93460152 11.72000000
154.89469432 77.71420845 11.72000000
148.08131304 88.83263619 5.20000000
149.78465836 86.05302926 5.20000000
151.48800368 83.27342232 5.20000000
153.19134900 80.49381539 5.20000000
148.08131304 88.83263619 1.94000000
149.78465836 86.05302926 1.94000000
151.48800368 83.27342232 1.94000000
153.19134900 80.49381539 1.94000000
0.00000000 0.00000000 0.00000000
0.00000000 0.00000000 0.00000000
154.89469432 77.71420845 5.20000000
156.59803965 74.93460152 5.20000000
158.30138497 72.15499458 5.20000000
160.00473029 69.37538764 5.20000000
154.89469432 77.71420845 1.94000000
156.59803965 74.93460152 1.94000000
158.30138497 72.15499458 1.94000000
160.00473029 69.37538764 1.94000000
141.26793176 99.95106394 5.20000000
142.97127708 97.17145700 5.20000000
144.67462240 94.39185007 5.20000000
146.37796772 91.61224313 5.20000000
141.26793176 99.95106394 1.94000000
142.97127708 97.17145700 1.94000000
144.67462240 94.39185007 1.94000000
146.37796772 91.61224313 1.94000000
0.00000000 0.00000000 0.00000000
0.00000000 0.00000000 0.00000000
134.45455047 111.06949168 5.20000000
136.15789579 108.28988474 5.20000000
137.86124111 105.51027781 5.20000000
139.56458644 102.73067087 5.20000000
134.45455047 111.06949168 1.94000000
136.15789579 108.28988474 1.94000000
137.86124111 105.51027781 1.94000000
139.56458644 102.73067087 1.94000000
146.37796772 91.61224313 8.46000000
144.67462240 94.39185007 8.46000000
142.97127708 97.17145700 8.46000000
141.26793176 99.95106394 8.46000000
146.37796772 91.61224313 11.72000000
144.67462240 94.39185007 11.72000000
142.97127708 97.17145700 11.72000000
141.26793176 99.95106394 11.72000000
0.00000000 0.00000000 0.00000000
0.00000000 0.00000000 0.00000000
139.56458644 102.73067087 8.46000000
137.86124111 105.51027781 8.46000000
136.15789579 108.28988474 8.46000000
134.45455047 111.06949168 8.46000000
139.56458644 102.73067087 11.72000000
137.86124111 105.51027781 11.72000000
136.15789579 108.28988474 11.72000000
134.45455047 111.06949168 11.72000000
141.26793176 99.95106394 18.24000000
142.97127708 97.17145700 18.24000000
144.67462240 94.39185007 18.24000000
146.37796772 91.61224313 18.24000000
141.26793176 99.95106394 14.98000000
142.97127708 97.17145700 14.98000000
144.67462240 94.39185007 14.98000000
146.37796772 91.61224313 14.98000000
0.00000000 0.00000000 0.00000000
0.00000000 0.00000000 0.00000000
134.45455047 111.06949168 18.24000000
136.15789579 108.28988474 18.24000000
137.86124111 105.51027781 18.24000000
139.56458644 102.73067087 18.24000000
134.45455047 111.06949168 14.98000000
136.15789579 108.28988474 14.98000000
137.86124111 105.51027781 14.98000000
139.56458644 102.73067087 14.98000000
146.37796772 91.61224313 21.50000000
144.67462240 94.39185007 21.50000000
142.97127708 97.17145700 21.50000000
141.26793176 99.95106394 21.50000000
146.37796772 91.61224313 24.76000000
144.67462240 94.39185007 24.76000000
142.97127708 97.17145700 24.76000000
141.26793176 99.95106394 24.76000000
0.00000000 0.00000000 0.00000000
0.00000000 0.00000000 0.00000000
139.56458644 102.73067087 21.50000000
137.86124111 105.51027781 21.50000000
136.15789579 108.28988474 21.50000000
134.45455047 111.06949168 21.50000000
139.56458644 102.73067087 24.76000000
137.86124111 105.51027781 24.76000000
136.15789579 108.28988474 24.76000000
134.45455047 111.06949168 24.76000000
153.19134900 80.49381539 48.20000000
151.48800368 83.27342232 48.20000000
149.78465836 86.05302926 48.20000000
148.08131304 88.83263619 48.20000000
153.19134900 80.49381539 51.46000000
151.48800368 83.27342232 51.46000000
149.78465836 86.05302926 51.46000000
148.08131304 88.83263619 51.46000000
0.00000000 0.00000000 0.00000000
0.00000000 0.00000000 0.00000000
160.00473029 69.37538764 48.20000000
158.30138497 72.15499458 48.20000000
156.59803965 74.93460152 48.20000000
154.89469432 77.71420845 48.20000000
160.00473029 69.37538764 51.46000000
158.30138497 72.15499458 51.46000000
156.59803965 74.93460152 51.46000000
154.89469432 77.71420845 51.46000000
148.08131304 88.83263619 44.94000000
149.78465836 86.05302926 44.94000000
151.48800368 83.27342232 44.94000000
153.19134900 80.49381539 44.94000000
148.08131304 88.83263619 41.68000000
149.78465836 86.05302926 41.68000000
151.48800368 83.27342232 41.68000000
153.19134900 80.49381539 41.68000000
0.00000000 0.00000000 0.00000000
0.00000000 0.00000000 0.00000000
154.89469432 77.71420845 44.94000000
156.59803965 74.93460152 44.94000000
158.30138497 72.15499458 44.94000000
160.00473029 69.37538764 44.94000000
154.89469432 77.71420845 41.68000000
156.59803965 74.93460152 41.68000000
158.30138497 72.15499458 41.68000000
160.00473029 69.37538764 41.68000000
153.19134900 80.49381539 35.16000000
151.48800368 83.27342232 35.16000000
149.78465836 86.05302926 35.16000000
148.08131304 88.83263619 35.16000000
153.19134900 80.49381539 38.42000000
151.48800368 83.27342232 38.42000000
149.78465836 86.05302926 38.42000000
148.08131304 88.83263619 38.42000000
0.00000000 0.00000000 0.00000000
0.00000000 0.00000000 0.00000000
160.00473029 69.37538764 35.16000000
158.30138497 72.15499458 35.16000000
156.59803965 74.93460152 35.16000000
154.89469432 77.71420845 35.16000000
160.00473029 69.37538764 38.42000000
158.30138497 72.15499458 38.42000000
156.59803965 74.93460152 38.42000000
154.89469432 77.71420845 38.42000000
148.08131304 88.83263619 31.90000000
149.78465836 86.05302926 31.90000000
151.48800368 83.27342232 31.90000000
153.19134900 80.49381539 31.90000000
148.08131304 88.83263619 28.64000000
149.78465836 86.05302926 28.64000000
151.48800368 83.27342232 28.64000000
153.19134900 80.49381539 28.64000000
0.00000000 0.00000000 0.00000000
0.00000000 0.00000000 0.00000000
154.89469432 77.71420845 31.90000000
156.59803965 74.93460152 31.90000000
158.30138497 72.15499458 31.90000000
160.00473029 69.37538764 31.90000000
154.89469432 77.71420845 28.64000000
156.59803965 74.93460152 28.64000000
158.30138497 72.15499458 28.64000000
160.00473029 69.37538764 28.64000000
141.26793176 99.95106394 31.90000000
142.97127708 97.17145700 31.90000000
144.67462240 94.39185007 31.90000000
146.37796772 91.61224313 31.90000000
141.26793176 99.95106394 28.64000000
142.97127708 97.17145700 28.64000000
144.67462240 94.39185007 28.64000000
146.37796772 91.61224313 28.64000000
0.00000000 0.00000000 0.00000000
0.00000000 0.00000000 0.00000000
134.45455047 111.06949168 31.90000000
136.15789579 108.28988474 31.90000000
137.86124111 105.51027781 31.90000000
139.56458644 102.73067087 31.90000000
134.45455047 111.06949168 28.64000000
136.15789579 108.28988474 28.64000000
137.86124111 105.51027781 28.64000000
139.56458644 102.73067087 28.64000000
146.37796772 91.61224313 35.16000000
144.67462240 94.39185007 35.16000000
142.97127708 97.17145700 35.16000000
141.26793176 99.95106394 35.16000000
146.37796772 91.61224313 38.42000000
144.67462240 94.39185007 38.42000000
142.97127708 97.17145700 38.42000000
141.26793176 99.95106394 38.42000000
0.00000000 0.00000000 0.00000000
0.00000000 0.00000000 0.00000000
139.56458644 102.73067087 35.16000000
137.86124111 105.51027781 35.16000000
136.15789579 108.28988474 35.16000000
134.45455047 111.06949168 35.16000000
139.56458644 102.73067087 38.42000000
137.86124111 105.51027781 38.42000000
136.15789579 108.28988474 38.42000000
134.45455047 111.06949168 38.42000000
141.26793176 99.95106394 44.94000000
142.97127708 97.17145700 44.94000000
144.67462240 94.39185007 44.94000000
146.37796772 91.61224313 44.94000000
141.26793176 99.95106394 41.68000000
142.97127708 97.17145700 41.68000000
144.67462240 94.39185007 41.68000000
146.37796772 91.61224313 41.68000000
0.00000000 0.00000000 0.00000000
0.00000000 0.00000000 0.00000000
134.45455047 111.06949168 44.94000000
136.15789579 108.28988474 44.94000000
137.86124111 105.51027781 44.94000000
139.56458644 102.73067087 44.94000000
134.45455047 111.06949168 41.68000000
136.15789579 108.28988474 41.68000000
137.86124111 105.51027781 41.68000000
139.56458644 102.73067087 41.68000000
146.37796772 91.61224313 48.20000000
144.67462240 94.39185007 48.20000000
142.97127708 97.17145700 48.20000000
141.26793176 99.95106394 48.20000000
146.37796772 91.61224313 51.46000000
144.67462240 94.39185007 51.46000000
142.97127708 97.17145700 51.46000000
141.26793176 99.95106394 51.46000000
0.00000000 0.00000000 0.00000000
0.00000000 0.00000000 0.00000000
139.56458644 102.73067087 48.20000000
137.86124111 105.51027781 48.20000000
136.15789579 108.28988474 48.20000000
134.45455047 111.06949168 48.20000000
139.56458644 102.73067087 51.46000000
137.86124111 105.51027781 51.46000000
136.15789579 108.28988474 51.46000000
134.45455047 111.06949168 51.46000000
153.19134900 80.49381539 74.90000000
151.48800368 83.27342232 74.90000000
149.78465836 86.05302926 74.90000000
148.08131304 88.83263619 74.90000000
153.19134900 80.49381539 78.16000000
151.48800368 83.27342232 78.16000000
149.78465836 86.05302926 78.16000000
148.08131304 88.83263619 78.16000000
0.00000000 0.00000000 0.00000000
0.00000000 0.00000000 0.00000000
160.00473029 69.37538764 74.90000000
158.30138497 72.15499458 74.90000000
156.59803965 74.93460152 74.90000000
154.89469432 77.71420845 74.90000000
160.00473029 69.37538764 78.16000000
158.30138497 72.15499458 78.16000000
156.59803965 74.93460152 78.16000000
154.89469432 77.71420845 78.16000000
148.08131304 88.83263619 71.64000000
149.78465836 86.05302926 71.64000000
151.48800368 83.27342232 71.64000000
153.19134900 80.49381539 71.64000000
148.08131304 88.83263619 68.38000000
149.78465836 86.05302926 68.38000000
151.48800368 83.27342232 68.38000000
153.19134900 80.49381539 68.38000000
0.00000000 0.00000000 0.00000000
0.00000000 0.00000000 0.00000000
154.89469432 77.71420845 71.64000000
156.59803965 74.93460152 71.64000000
158.30138497 72.15499458 71.64000000
160.00473029 69.37538764 71.64000000
154.89469432 77.71420845 68.38000000
156.59803965 74.93460152 68.38000000
158.30138497 72.15499458 68.38000000
160.00473029 69.37538764 68.38000000
153.19134900 80.49381539 61.86000000
151.48800368 83.27342232 61.86000000
149.78465836 86.05302926 61.86000000
148.08131304 88.83263619 61.86000000
153.19134900 80.49381539 65.12000000
151.48800368 83.27342232 65.12000000
149.78465836 86.05302926 65.12000000
148.08131304 88.83263619 65.12000000
0.00000000 0.00000000 0.00000000
0.00000000 0.00000000 0.00000000
160.00473029 69.37538764 61.86000000
158.30138497 72.15499458 61.86000000
156.59803965 74.93460152 61.86000000
154.89469432 77.71420845 61.86000000
160.00473029 69.37538764 65.12000000
158.30138497 72.15499458 65.12000000
156.59803965 74.93460152 65.12000000
154.89469432 77.71420845 65.12000000
148.08131304 88.83263619 58.60000000
149.78465836 86.05302926 58.60000000
151.48800368 83.27342232 58.60000000
153.19134900 80.49381539 58.60000000
148.08131304 88.83263619 55.34000000
149.78465836 86.05302926 55.34000000
151.48800368 83.27342232 55.34000000
153.19134900 80.49381539 55.34000000
0.00000000 0.00000000 0.00000000
0.00000000 0.00000000 0.00000000
154.89469432 77.71420845 58.60000000
156.59803965 74.93460152 58.60000000
158.30138497 72.15499458 58.60000000
160.00473029 69.37538764 58.60000000
154.89469432 77.71420845 55.34000000
156.59803965 74.93460152 55.34000000
158.30138497 72.15499458 55.34000000
160.00473029 69.37538764 55.34000000
141.26793176 99.95106394 58.60000000
142.97127708 97.17145700 58.60000000
144.67462240 94.39185007 58.60000000
146.37796772 91.61224313 58.60000000
141.26793176 99.95106394 55.34000000
142.97127708 97.17145700 55.34000000
144.67462240 94.39185007 55.34000000
146.37796772 91.61224313 55.34000000
0.00000000 0.00000000 0.00000000
0.00000000 0.00000000 0.00000000
134.45455047 111.06949168 58.60000000
136.15789579 108.28988474 58.60000000
137.86124111 105.51027781 58.60000000
139.56458644 102.73067087 58.60000000
134.45455047 111.06949168 55.34000000
136.15789579 108.28988474 55.34000000
137.86124111 105.51027781 55.34000000
139.56458644 102.73067087 55.34000000
146.37796772 91.61224313 61.86000000
144.67462240 94.39185007 61.86000000
142.97127708 97.17145700 61.86000000
141.26793176 99.95106394 61.86000000
146.37796772 91.61224313 65.12000000
144.67462240 94.39185007 65.12000000
142.97127708 97.17145700 65.12000000
141.26793176 99.95106394 65.12000000
0.00000000 0.00000000 0.00000000
0.00000000 0.00000000 0.00000000
139.56458644 102.73067087 61.86000000
137.86124111 105.51027781 61.86000000
136.15789579 108.28988474 61.86000000
134.45455047 111.06949168 61.86000000
139.56458644 102.73067087 65.12000000
137.86124111 105.51027781 65.12000000
136.15789579 108.28988474 65.12000000
134.45455047 111.06949168 65.12000000
141.26793176 99.95106394 71.64000000
142.97127708 97.17145700 71.64000000
144.67462240 94.39185007 71.64000000
146.37796772 91.61224313 71.64000000
141.26793176 99.95106394 68.38000000
142.97127708 97.17145700 68.38000000
144.67462240 94.39185007 68.38000000
146.37796772 91.61224313 68.38000000
0.00000000 0.00000000 0.00000000
0.00000000 0.00000000 0.00000000
134.45455047 111.06949168 71.64000000
136.15789579 108.28988474 71.64000000
137.86124111 105.51027781 71.64000000
139.56458644 102.73067087 71.64000000
134.45455047 111.06949168 68.38000000
136.15789579 108.28988474 68.38000000
137.86124111 105.51027781 68.38000000
139.56458644 102.73067087 68.38000000
146.37796772 91.61224313 74.90000000
144.67462240 94.39185007 74.90000000
142.97127708 97.17145700 74.90000000
141.26793176 99.95106394 74.90000000
146.37796772 91.61224313 78.16000000
144.67462240 94.39185007 78.16000000
142.97127708 97.17145700 78.16000000
141.26793176 99.95106394 78.16000000
0.00000000 0.00000000 0.00000000
0.00000000 0.00000000 0.00000000
139.56458644 102.73067087 74.90000000
137.86124111 105.51027781 74.90000000
136.15789579 108.28988474 74.90000000
134.45455047 111.06949168 74.90000000
139.56458644 102.73067087 78.16000000
137.86124111 105.51027781 78.16000000
136.15789579 108.28988474 78.16000000
134.45455047 111.06949168 78.16000000
172.33400146 15.74279728 -58.60000000
171.82402510 18.96266127 -58.60000000
171.31404875 22.18252527 -58.60000000
170.80407239 25.40238926 -58.60000000
172.33400146 15.74279728 -55.34000000
171.82402510 18.96266127 -55.34000000
171.31404875 22.18252527 -55.34000000
170.80407239 25.40238926 -55.34000000
0.00000000 0.00000000 0.00000000
0.00000000 0.00000000 0.00000000
174.37390688 2.86334132 -58.60000000
173.86393053 6.08320531 -58.60000000
173.35395417 9.30306930 -58.60000000
172.84397781 12.52293329 -58.60000000
174.37390688 2.86334132 -55.34000000
173.86393053 6.08320531 -55.34000000
173.35395417 9.30306930 -55.34000000
172.84397781 12.52293329 -55.34000000
170.80407239 25.40238926 -61.86000000
171.31404875 22.18252527 -61.86000000
171.82402510 18.96266127 -61.86000000
172.33400146 15.74279728 -61.86000000
170.80407239 25.40238926 -65.12000000
171.31404875 22.18252527 -65.12000000
171.82402510 18.96266127 -65.12000000
172.33400146 15.74279728 -65.12000000
0.00000000 0.00000000 0.00000000
0.00000000 0.00000000 0.00000000
172.84397781 12.52293329 -61.86000000
173.35395417 9.30306930 -61.86000000
173.86393053 6.08320531 -61.86000000
174.37390688 2.86334132 -61.86000000
172.84397781 12.52293329 -65.12000000
173.35395417 9.30306930 -65.12000000
173.86393053 6.08320531 -65.12000000
174.37390688 2.86334132 -65.12000000
172.33400146 15.74279728 -71.64000000
171.82402510 18.96266127 -71.64000000
171.31404875 22.18252527 -71.64000000
170.80407239 25.40238926 -71.64000000
172.33400146 15.74279728 -68.38000000
171.82402510 18.96266127 -68.38000000
171.31404875 22.18252527 -68.38000000
170.80407239 25.40238926 -68.38000000
0.00000000 0.00000000 0.00000000
0.00000000 0.00000000 0.00000000
174.37390688 2.86334132 -71.64000000
173.86393053 6.08320531 -71.64000000
173.35395417 9.30306930 -71.64000000
172.84397781 12.52293329 -71.64000000
174.37390688 2.86334132 -68.38000000
173.86393053 6.08320531 -68.38000000
173.35395417 9.30306930 -68.38000000
172.84397781 12.52293329 -68.38000000
170.80407239 25.40238926 -74.90000000
171.31404875 22.18252527 -74.90000000
171.82402510 18.96266127 -74.90000000
172.33400146 15.74279728 -74.90000000
170.80407239 25.40238926 -78.16000000
171.31404875 22.18252527 -78.16000000
171.82402510 18.96266127 -78.16000000
172.33400146 15.74279728 -78.16000000
0.00000000 0.00000000 0.00000000
0.00000000 0.00000000 0.00000000
172.84397781 12.52293329 -74.90000000
173.35395417 9.30306930 -74.90000000
173.86393053 6.08320531 -74.90000000
174.37390688 2.86334132 -74.90000000
172.84397781 12.52293329 -78.16000000
173.35395417 9.30306930 -78.16000000
173.86393053 6.08320531 -78.16000000
174.37390688 2.86334132 -78.16000000
168.76416697 38.28184522 -74.90000000
169.27414332 35.06198123 -74.90000000
169.78411968 31.84211724 -74.90000000
170.29409603 28.62225325 -74.90000000
168.76416697 38.28184522 -78.16000000
169.27414332 35.06198123 -78.16000000
169.78411968 31.84211724 -78.16000000
170.29409603 28.62225325 -78.16000000
0.00000000 0.00000000 0.00000000
0.00000000 0.00000000 0.00000000
166.72426154 51.16130118 -74.90000000
167.23423790 47.94143719 -74.90000000
167.74421425 44.72157320 -74.90000000
168.25419061 41.50170921 -74.90000000
166.72426154 51.16130118 -78.16000000
167.23423790 47.94143719 -78.16000000
167.74421425 44.72157320 -78.16000000
168.25419061 41.50170921 -78.16000000
170.29409603 28.62225325 -71.64000000
169.78411968 31.84211724 -71.64000000
169.27414332 35.06198123 -71.64000000
168.76416697 38.28184522 -71.64000000
170.29409603 28.62225325 -68.38000000
169.78411968 31.84211724 -68.38000000
169.27414332 35.06198123 -68.38000000
168.76416697 38.28184522 -68.38000000
0.00000000 0.00000000 0.00000000
0.00000000 0.00000000 0.00000000
168.25419061 41.50170921 -71.64000000
167.74421425 44.72157320 -71.64000000
167.23423790 47.94143719 -71.64000000
166.72426154 51.16130118 -71.64000000
168.25419061 41.50170921 -68.38000000
167.74421425 44.72157320 -68.38000000
167.23423790 47.94143719 -68.38000000
166.72426154 51.16130118 -68.38000000
168.76416697 38.28184522 -61.86000000
169.27414332 35.06198123 -61.86000000
169.78411968 31.84211724 -61.86000000
170.29409603 28.62225325 -61.86000000
168.76416697 38.28184522 -65.12000000
169.27414332 35.06198123 -65.12000000
169.78411968 31.84211724 -65.12000000
170.29409603 28.62225325 -65.12000000
0.00000000 0.00000000 0.00000000
0.00000000 0.00000000 0.00000000
166.72426154 51.16130118 -61.86000000
167.23423790 47.94143719 -61.86000000
167.74421425 44.72157320 -61.86000000
168.25419061 41.50170921 -61.86000000
166.72426154 51.16130118 -65.12000000
167.23423790 47.94143719 -65.12000000
167.74421425 44.72157320 -65.12000000
168.25419061 41.50170921 -65.12000000
170.29409603 28.62225325 -58.60000000
169.78411968 31.84211724 -58.60000000
169.27414332 35.06198123 -58.60000000
168.76416697 38.28184522 -58.60000000
170.29409603 28.62225325 -55.34000000
169.78411968 31.84211724 -55.34000000
169.27414332 35.06198123 -55.34000000
168.76416697 38.28184522 -55.34000000
0.00000000 0.00000000 0.00000000
0.00000000 0.00000000 0.00000000
168.25419061 41.50170921 -58.60000000
167.74421425 44.72157320 -58.60000000
167.23423790 47.94143719 -58.60000000
166.72426154 51.16130118 -58.60000000
168.25419061 41.50170921 -55.34000000
167.74421425 44.72157320 -55.34000000
167.23423790 47.94143719 -55.34000000
166.72426154 51.16130118 -55.34000000
172.33400146 15.74279728 -31.90000000
171.82402510 18.96266127 -31.90000000
171.31404875 22.18252527 -31.90000000
170.80407239 25.40238926 -31.90000000
172.33400146 15.74279728 -28.64000000
171.82402510 18.96266127 -28.64000000
171.31404875 22.18252527 -28.64000000
170.80407239 25.40238926 -28.64000000
0.00000000 0.00000000 0.00000000
0.00000000 0.00000000 0.00000000
174.37390688 2.86334132 -31.90000000
173.86393053 6.08320531 -31.90000000
173.35395417 9.30306930 -31.90000000
172.84397781 12.52293329 -31.90000000
174.37390688 2.86334132 -28.64000000
173.86393053 6.08320531 -28.64000000
173.35395417 9.30306930 -28.64000000
172.84397781 12.52293329 -28.64000000
170.80407239 25.40238926 -35.16000000
171.31404875 22.18252527 -35.16000000
171.82402510 18.96266127 -35.16000000
172.33400146 15.74279728 -35.16000000
170.80407239 25.40238926 -38.42000000
171.31404875 22.18252527 -38.42000000
171.82402510 18.96266127 -38.42000000
172.33400146 15.74279728 -38.42000000
0.00000000 0.00000000 0.00000000
0.00000000 0.00000000 0.00000000
172.84397781 12.52293329 -35.16000000
173.35395417 9.30306930 -35.16000000
173.86393053 6.08320531 -35.16000000
174.37390688 2.86334132 -35.16000000
172.84397781 12.52293329 -38.42000000
173.35395417 9.30306930 -38.42000000
173.86393053 6.08320531 -38.42000000
174.37390688 2.86334132 -38.42000000
172.33400146 15.74279728 -44.94000000
171.82402510 18.96266127 -44.94000000
171.31404875 22.18252527 -44.94000000
170.80407239 25.40238926 -44.94000000
172.33400146 15.74279728 -41.68000000
171.82402510 18.96266127 -41.68000000
171.31404875 22.18252527 -41.68000000
170.80407239 25.40238926 -41.68000000
0.00000000 0.00000000 0.00000000
0.00000000 0.00000000 0.00000000
174.37390688 2.86334132 -44.94000000
173.86393053 6.08320531 -44.94000000
173.35395417 9.30306930 -44.94000000
172.84397781 12.52293329 -44.94000000
174.37390688 2.86334132 -41.68000000
173.86393053 6.08320531 -41.68000000
173.35395417 9.30306930 -41.68000000
172.84397781 12.52293329 -41.68000000
170.80407239 25.40238926 -48.20000000
171.31404875 22.18252527 -48.20000000
171.82402510 18.96266127 -48.20000000
172.33400146 15.74279728 -48.20000000
170.80407239 25.40238926 -51.46000000
171.31404875 22.18252527 -51.46000000
171.82402510 18.96266127 -51.46000000
172.33400146 15.74279728 -51.46000000
0.00000000 0.00000000 0.00000000
0.00000000 0.00000000 0.00000000
172.84397781 12.52293329 -48.20000000
173.35395417 9.30306930 -48.20000000
173.86393053 6.08320531 -48.20000000
174.37390688 2.86334132 -48.20000000
172.84397781 12.52293329 -51.46000000
173.35395417 9.30306930 -51.46000000
173.86393053 6.08320531 -51.46000000
174.37390688 2.86334132 -51.46000000
168.76416697 38.28184522 -48.20000000
169.27414332 35.06198123 -48.20000000
169.78411968 31.84211724 -48.20000000
170.29409603 28.62225325 -48.20000000
168.76416697 38.28184522 -51.46000000
169.27414332 35.06198123 -51.46000000
169.78411968 31.84211724 -51.46000000
170.29409603 28.62225325 -51.46000000
0.00000000 0.00000000 0.00000000
0.00000000 0.00000000 0.00000000
166.72426154 51.16130118 -48.20000000
167.23423790 47.94143719 -48.20000000
167.74421425 44.72157320 -48.20000000
168.25419061 41.50170921 -48.20000000
166.72426154 51.16130118 -51.46000000
167.23423790 47.94143719 -51.46000000
167.74421425 44.72157320 -51.46000000
168.25419061 41.50170921 -51.46000000
170.29409603 28.62225325 -44.94000000
169.78411968 31.84211724 -44.94000000
169.27414332 35.06198123 -44.94000000
168.76416697 38.28184522 -44.94000000
170.29409603 28.62225325 -41.68000000
169.78411968 31.84211724 -41.68000000
169.27414332 35.06198123 -41.68000000
168.76416697 38.28184522 -41.68000000
0.00000000 0.00000000 0.00000000
0.00000000 0.00000000 0.00000000
168.25419061 41.50170921 -44.94000000
167.74421425 44.72157320 -44.94000000
167.23423790 47.94143719 -44.94000000
166.72426154 51.16130118 -44.94000000
168.25419061 41.50170921 -41.68000000
167.74421425 44.72157320 -41.68000000
167.23423790 47.94143719 -41.68000000
166.72426154 51.16130118 -41.68000000
168.76416697 38.28184522 -35.16000000
169.27414332 35.06198123 -35.16000000
169.78411968 31.84211724 -35.16000000
170.29409603 28.62225325 -35.16000000
168.76416697 38.28184522 -38.42000000
169.27414332 35.06198123 -38.42000000
169.78411968 31.84211724 -38.42000000
170.29409603 28.62225325 -38.42000000
0.00000000 0.00000000 0.00000000
0.00000000 0.00000000 0.00000000
166.72426154 51.16130118 -35.16000000
167.23423790 47.94143719 -35.16000000
167.74421425 44.72157320 -35.16000000
168.25419061 41.50170921 -35.16000000
166.72426154 51.16130118 -38.42000000
167.23423790 47.94143719 -38.42000000
167.74421425 44.72157320 -38.42000000
168.25419061 41.50170921 -38.42000000
170.29409603 28.62225325 -31.90000000
169.78411968 31.84211724 -31.90000000
169.27414332 35.06198123 -31.90000000
168.76416697 38.28184522 -31.90000000
170.29409603 28.62225325 -28.64000000
169.78411968 31.84211724 -28.64000000
169.27414332 35.06198123 -28.64000000
168.76416697 38.28184522 -28.64000000
0.00000000 0.00000000 0.00000000
0.00000000 0.00000000 0.00000000
168.25419061 41.50170921 -31.90000000
167.74421425 44.72157320 -31.90000000
167.23423790 47.94143719 -31.90000000
166.72426154 51.16130118 -31.90000000
168.25419061 41.50170921 -28.64000000
167.74421425 44.72157320 -28.64000000
167.23423790 47.94143719 -28.64000000
166.72426154 51.16130118 -28.64000000
172.33400146 15.74279728 -5.20000000
171.82402510 18.96266127 -5.20000000
171.31404875 22.18252527 -5.20000000
170.80407239 25.40238926 -5.20000000
172.33400146 15.74279728 -1.94000000
171.82402510 18.96266127 -1.94000000
171.31404875 22.18252527 -1.94000000
170.80407239 25.40238926 -1.94000000
0.00000000 0.00000000 0.00000000
0.00000000 0.00000000 0.00000000
174.37390688 2.86334132 -5.20000000
173.86393053 6.08320531 -5.20000000
173.35395417 9.30306930 -5.20000000
172.84397781 12.52293329 -5.20000000
174.37390688 2.86334132 -1.94000000
173.86393053 6.08320531 -1.94000000
173.35395417 9.30306930 -1.94000000
172.84397781 12.52293329 -1.94000000
170.80407239 25.40238926 -8.46000000
171.31404875 22.18252527 -8.46000000
171.82402510 18.96266127 -8.46000000
172.33400146 15.74279728 -8.46000000
170.80407239 25.40238926 -11.72000000
171.31404875 22.18252527 -11.72000000
171.82402510 18.96266127 -11.72000000
172.33400146 15.74279728 -11.72000000
0.00000000 0.00000000 0.00000000
0.00000000 0.00000000 0.00000000
172.84397781 12.52293329 -8.46000000
173.35395417 9.30306930 -8.46000000
173.86393053 6.08320531 -8.46000000
174.37390688 2.86334132 -8.46000000
172.84397781 12.52293329 -11.72000000
173.35395417 9.30306930 -11.72000000
173.86393053 6.08320531 -11.72000000
174.37390688 2.86334132 -11.72000000
172.33400146 15.74279728 -18.24000000
171.82402510 18.96266127 -18.24000000
171.31404875 22.18252527 -18.24000000
170.80407239 25.40238926 -18.24000000
172.33400146 15.74279728 -14.98000000
171.82402510 18.96266127 -14.98000000
171.31404875 22.18252527 -14.98000000
170.80407239 25.40238926 -14.98000000
0.00000000 0.00000000 0.00000000
0.00000000 0.00000000 0.00000000
174.37390688 2.86334132 -18.24000000
173.86393053 6.08320531 -18.24000000
173.35395417 9.30306930 -18.24000000
172.84397781 12.52293329 -18.24000000
174.37390688 2.86334132 -14.98000000
173.86393053 6.08320531 -14.98000000
173.35395417 9.30306930 -14.98000000
172.84397781 12.52293329 -14.98000000
170.80407239 25.40238926 -21.50000000
171.31404875 22.18252527 -21.50000000
171.82402510 18.96266127 -21.50000000
172.33400146 15.74279728 -21.50000000
170.80407239 25.40238926 -24.76000000
171.31404875 22.18252527 -24.76000000
171.82402510 18.96266127 -24.76000000
172.33400146 15.74279728 -24.76000000
0.00000000 0.00000000 0.00000000
0.00000000 0.00000000 0.00000000
172.84397781 12.52293329 -21.50000000
173.35395417 9.30306930 -21.50000000
173.86393053 6.08320531 -21.50000000
174.37390688 2.86334132 -21.50000000
172.84397781 12.52293329 -24.76000000
173.35395417 9.30306930 -24.76000000
173.86393053 6.08320531 -24.76000000
174.37390688 2.86334132 -24.76000000
168.76416697 38.28184522 -21.50000000
169.27414332 35.06198123 -21.50000000
169.78411968 31.84211724 -21.50000000
170.29409603 28.62225325 -21.50000000
168.76416697 38.28184522 -24.76000000
169.27414332 35.06198123 -24.76000000
169.78411968 31.84211724 -24.76000000
170.29409603 28.62225325 -24.76000000
0.00000000 0.00000000 0.00000000
0.00000000 0.00000000 0.00000000
166.72426154 51.16130118 -21.50000000
167.23423790 47.94143719 -21.50000000
167.74421425 44.72157320 -21.50000000
168.25419061 41.50170921 -21.50000000
166.72426154 51.16130118 -24.76000000
167.23423790 47.94143719 -24.76000000
167.74421425 44.72157320 -24.76000000
168.25419061 41.50170921 -24.76000000
170.29409603 28.62225325 -18.24000000
169.78411968 31.84211724 -18.24000000
169.27414332 35.06198123 -18.24000000
168.76416697 38.28184522 -18.24000000
170.29409603 28.62225325 -14.98000000
169.78411968 31.84211724 -14.98000000
169.27414332 35.06198123 -14.98000000
168.76416697 38.28184522 -14.98000000
0.00000000 0.00000000 0.00000000
0.00000000 0.00000000 0.00000000
168.25419061 41.50170921 -18.24000000
167.74421425 44.72157320 -18.24000000
167.23423790 47.94143719 -18.24000000
166.72426154 51.16130118 -18.24000000
168.25419061 41.50170921 -14.98000000
167.74421425 44.72157320 -14.98000000
167.23423790 47.94143719 -14.98000000
166.72426154 51.16130118 -14.98000000
168.76416697 38.28184522 -8.46000000
169.27414332 35.06198123 -8.46000000
169.78411968 31.84211724 -8.46000000
170.29409603 28.62225325 -8.46000000
168.76416697 38.28184522 -11.72000000
169.27414332 35.06198123 -11.72000000
169.78411968 31.84211724 -11.72000000
170.29409603 28.62225325 -11.72000000
0.00000000 0.00000000 0.00000000
0.00000000 0.00000000 0.00000000
166.72426154 51.16130118 -8.46000000
167.23423790 47.94143719 -8.46000000
167.74421425 44.72157320 -8.46000000
168.25419061 41.50170921 -8.46000000
166.72426154 51.16130118 -11.72000000
167.23423790 47.94143719 -11.72000000
167.74421425 44.72157320 -11.72000000
168.25419061 41.50170921 -11.72000000
170.29409603 28.62225325 -5.20000000
169.78411968 31.84211724 -5.20000000
169.27414332 35.06198123 -5.20000000
168.76416697 38.28184522 -5.20000000
170.29409603 28.62225325 -1.94000000
169.78411968 31.84211724 -1.94000000
169.27414332 35.06198123 -1.94000000
168.76416697 38.28184522 -1.94000000
0.00000000 0.00000000 0.00000000
0.00000000 0.00000000 0.00000000
168.25419061 41.50170921 -5.20000000
167.74421425 44.72157320 -5.20000000
167.23423790 47.94143719 -5.20000000
166.72426154 51.16130118 -5.20000000
168.25419061 41.50170921 -1.94000000
167.74421425 44.72157320 -1.94000000
167.23423790 47.94143719 -1.94000000
166.72426154 51.16130118 -1.94000000
172.33400146 15.74279728 21.50000000
171.82402510 18.96266127 21.50000000
171.31404875 22.18252527 21.50000000
170.80407239 25.40238926 21.50000000
172.33400146 15.74279728 24.76000000
171.82402510 18.96266127 24.76000000
171.31404875 22.18252527 24.76000000
170.80407239 25.40238926 24.76000000
0.00000000 0.00000000 0.00000000
0.00000000 0.00000000 0.00000000
174.37390688 2.86334132 21.50000000
173.86393053 6.08320531 21.50000000
173.35395417 9.30306930 21.50000000
172.84397781 12.52293329 21.50000000
174.37390688 2.86334132 24.76000000
173.86393053 6.08320531 24.76000000
173.35395417 9.30306930 24.76000000
172.84397781 12.52293329 24.76000000
170.80407239 25.40238926 18.24000000
171.31404875 22.18252527 18.24000000
171.82402510 18.96266127 18.24000000
172.33400146 15.74279728 18.24000000
170.80407239 25.40238926 14.98000000
171.31404875 22.18252527 14.98000000
171.82402510 18.96266127 14.98000000
172.33400146 15.74279728 14.98000000
0.00000000 0.00000000 0.00000000
0.00000000 0.00000000 0.00000000
172.84397781 12.52293329 18.24000000
173.35395417 9.30306930 18.24000000
173.86393053 6.08320531 18.24000000
174.37390688 2.86334132 18.24000000
172.84397781 12.52293329 14.98000000
173.35395417 9.30306930 14.98000000
173.86393053 6.08320531 14.98000000
174.37390688 2.86334132 14.98000000
172.33400146 15.74279728 8.46000000
171.82402510 18.96266127 8.46000000
171.31404875 22.18252527 8.46000000
170.80407239 25.40238926 8.46000000
172.33400146 15.74279728 11.72000000
171.82402510 18.96266127 11.72000000
171.31404875 22.18252527 11.72000000
170.80407239 25.40238926 11.72000000
0.00000000 0.00000000 0.00000000
0.00000000 0.00000000 0.00000000
174.37390688 2.86334132 8.46000000
173.86393053 6.08320531 8.46000000
173.35395417 9.30306930 8.46000000
172.84397781 12.52293329 8.46000000
174.37390688 2.86334132 11.72000000
173.86393053 6.08320531 11.72000000
173.35395417 9.30306930 11.72000000
172.84397781 12.52293329 11.72000000
170.80407239 25.40238926 5.20000000
171.31404875 22.18252527 5.20000000
171.82402510 18.96266127 5.20000000
172.33400146 15.74279728 5.20000000
170.80407239 25.40238926 1.94000000
171.31404875 22.18252527 1.94000000
171.82402510 18.96266127 1.94000000
172.33400146 15.74279728 1.94000000
0.00000000 0.00000000 0.00000000
0.00000000 0.00000000 0.00000000
172.84397781 12.52293329 5.20000000
173.35395417 9.30306930 5.20000000
173.86393053 6.08320531 5.20000000
174.37390688 2.86334132 5.20000000
172.84397781 12.52293329 1.94000000
173.35395417 9.30306930 1.94000000
173.86393053 6.08320531 1.94000000
174.37390688 2.86334132 1.94000000
168.76416697 38.28184522 5.20000000
169.27414332 35.06198123 5.20000000
169.78411968 31.84211724 5.20000000
170.29409603 28.62225325 5.20000000
168.76416697 38.28184522 1.94000000
169.27414332 35.06198123 1.94000000
169.78411968 31.84211724 1.94000000
170.29409603 28.62225325 1.94000000
0.00000000 0.00000000 0.00000000
0.00000000 0.00000000 0.00000000
166.72426154 51.16130118 5.20000000
167.23423790 47.94143719 5.20000000
167.74421425 44.72157320 5.20000000
168.25419061 41.50170921 5.20000000
166.72426154 51.16130118 1.94000000
167.23423790 47.94143719 1.94000000
167.74421425 44.72157320 1.94000000
168.25419061 41.50170921 1.94000000
170.29409603 28.62225325 8.46000000
169.78411968 31.84211724 8.46000000
169.27414332 35.06198123 8.46000000
168.76416697 38.28184522 8.46000000
170.29409603 28.62225325 11.72000000
169.78411968 31.84211724 11.72000000
169.27414332 35.06198123 11.72000000
168.76416697 38.28184522 11.72000000
0.00000000 0.00000000 0.00000000
0.00000000 0.00000000 0.00000000
168.25419061 41.50170921 8.46000000
167.74421425 44.72157320 8.46000000
167.23423790 47.94143719 8.46000000
166.72426154 51.16130118 8.46000000
168.25419061 41.50170921 11.72000000
167.74421425 44.72157320 11.72000000
167.23423790 47.94143719 11.72000000
166.72426154 51.16130118 11.72000000
168.76416697 38.28184522 18.24000000
169.27414332 35.06198123 18.24000000
169.78411968 31.84211724 18.24000000
170.29409603 28.62225325 18.24000000
168.76416697 38.28184522 14.98000000
169.27414332 35.06198123 14.98000000
169.78411968 31.84211724 14.98000000
170.29409603 28.62225325 14.98000000
0.00000000 0.00000000 0.00000000
0.00000000 0.00000000 0.00000000
166.72426154 51.16130118 18.24000000
167.23423790 47.94143719 18.24000000
167.74421425 44.72157320 18.24000000
168.25419061 41.50170921 18.24000000
166.72426154 51.16130118 14.98000000
167.23423790 47.94143719 14.98000000
167.74421425 44.72157320 14.98000000
168.25419061 41.50170921 14.98000000
170.29409603 28.62225325 21.50000000
169.78411968 31.84211724 21.50000000
169.27414332 35.06198123 21.50000000
168.76416697 38.28184522 21.50000000
170.29409603 28.62225325 24.76000000
169.78411968 31.84211724 24.76000000
169.27414332 35.06198123 24.76000000
168.76416697 38.28184522 24.76000000
0.00000000 0.00000000 0.00000000
0.00000000 0.00000000 0.00000000
168.25419061 41.50170921 21.50000000
167.74421425 44.72157320 21.50000000
167.23423790 47.94143719 21.50000000
166.72426154 51.16130118 21.50000000
168.25419061 41.50170921 24.76000000
167.74421425 44.72157320 24.76000000
167.23423790 47.94143719 24.76000000
166.72426154 51.16130118 24.76000000
172.33400146 15.74279728 48.20000000
171.82402510 18.96266127 48.20000000
171.31404875 22.18252527 48.20000000
170.80407239 25.40238926 48.20000000
172.33400146 15.74279728 51.46000000
171.82402510 18.96266127 51.46000000
171.31404875 22.18252527 51.46000000
170.80407239 25.40238926 51.46000000
0.00000000 0.00000000 0.00000000
0.00000000 0.00000000 0.00000000
174.37390688 2.86334132 48.20000000
173.86393053 6.08320531 48.20000000
173.35395417 9.30306930 48.20000000
172.84397781 12.52293329 48.20000000
174.37390688 2.86334132 51.46000000
173.86393053 6.08320531 51.46000000
173.35395417 9.30306930 51.46000000
172.84397781 12.52293329 51.46000000
170.80407239 25.40238926 44.94000000
171.31404875 22.18252527 44.94000000
171.82402510 18.96266127 44.94000000
172.33400146 15.74279728 44.94000000
170.80407239 25.40238926 41.68000000
171.31404875 22.18252527 41.68000000
171.82402510 18.96266127 41.68000000
172.33400146 15.74279728 41.68000000
0.00000000 0.00000000 0.00000000
0.00000000 0.00000000 0.00000000
172.84397781 12.52293329 44.94000000
173.35395417 9.30306930 44.94000000
173.86393053 6.08320531 44.94000000
174.37390688 2.86334132 44.94000000
172.84397781 12.52293329 41.68000000
173.35395417 9.30306930 41.68000000
173.86393053 6.08320531 41.68000000
174.37390688 2.86334132 41.68000000
172.33400146 15.74279728 35.16000000
171.82402510 18.96266127 35.16000000
171.31404875 22.18252527 35.16000000
170.80407239 25.40238926 35.16000000
172.33400146 15.74279728 38.42000000
171.82402510 18.96266127 38.42000000
171.31404875 22.18252527 38.42000000
170.80407239 25.40238926 38.42000000
0.00000000 0.00000000 0.00000000
0.00000000 0.00000000 0.00000000
174.37390688 2.86334132 35.16000000
173.86393053 6.08320531 35.16000000
173.35395417 9.30306930 35.16000000
172.84397781 12.52293329 35.16000000
174.37390688 2.86334132 38.42000000
173.86393053 6.08320531 38.42000000
173.35395417 9.30306930 38.42000000
172.84397781 12.52293329 38.42000000
170.80407239 25.40238926 31.90000000
171.31404875 22.18252527 31.90000000
171.82402510 18.96266127 31.90000000
172.33400146 15.74279728 31.90000000
170.80407239 25.40238926 28.64000000
171.31404875 22.18252527 28.64000000
171.82402510 18.96266127 28.64000000
172.33400146 15.74279728 28.64000000
0.00000000 0.00000000 0.00000000
0.00000000 0.00000000 0.00000000
172.84397781 12.52293329 31.90000000
173.35395417 9.30306930 31.90000000
173.86393053 6.08320531 31.90000000
174.37390688 2.86334132 31.90000000
172.84397781 12.52293329 28.64000000
173.35395417 9.30306930 28.64000000
173.86393053 6.08320531 28.64000000
174.37390688 2.86334132 28.64000000
168.76416697 38.28184522 31.90000000
169.27414332 35.06198123 31.90000000
169.78411968 31.84211724 31.90000000
170.29409603 28.62225325 31.90000000
168.76416697 38.28184522 28.64000000
169.27414332 35.06198123 28.64000000
169.78411968 31.84211724 28.64000000
170.29409603 28.62225325 28.64000000
0.00000000 0.00000000 0.00000000
0.00000000 0.00000000 0.00000000
166.72426154 51.16130118 31.90000000
167.23423790 47.94143719 31.90000000
167.74421425 44.72157320 31.90000000
168.25419061 41.50170921 31.90000000
166.72426154 51.16130118 28.64000000
167.23423790 47.94143719 28.64000000
167.74421425 44.72157320 28.64000000
168.25419061 41.50170921 28.64000000
170.29409603 28.62225325 35.16000000
169.78411968 31.84211724 35.16000000
169.27414332 35.06198123 35.16000000
168.76416697 38.28184522 35.16000000
170.29409603 28.62225325 38.42000000
169.78411968 31.84211724 38.42000000
169.27414332 35.06198123 38.42000000
168.76416697 38.28184522 38.42000000
0.00000000 0.00000000 0.00000000
0.00000000 0.00000000 0.00000000
168.25419061 41.50170921 35.16000000
167.74421425 44.72157320 35.16000000
167.23423790 47.94143719 35.16000000
166.72426154 51.16130118 35.16000000
168.25419061 41.50170921 38.42000000
167.74421425 44.72157320 38.42000000
167.23423790 47.94143719 38.42000000
166.72426154 51.16130118 38.42000000
168.76416697 38.28184522 44.94000000
169.27414332 35.06198123 44.94000000
169.78411968 31.84211724 44.94000000
170.29409603 28.62225325 44.94000000
168.76416697 38.28184522 41.68000000
169.27414332 35.06198123 41.68000000
169.78411968 31.84211724 41.68000000
170.29409603 28.62225325 41.68000000
0.00000000 0.00000000 0.00000000
0.00000000 0.00000000 0.00000000
166.72426154 51.16130118 44.94000000
167.23423790 47.94143719 44.94000000
167.74421425 44.72157320 44.94000000
168.25419061 41.50170921 44.94000000
166.72426154 51.16130118 41.68000000
167.23423790 47.94143719 41.68000000
167.74421425 44.72157320 41.68000000
168.25419061 41.50170921 41.68000000
170.29409603 28.62225325 48.20000000
169.78411968 31.84211724 48.20000000
169.27414332 35.06198123 48.20000000
168.76416697 38.28184522 48.20000000
170.29409603 28.62225325 51.46000000
169.78411968 31.84211724 51.46000000
169.27414332 35.06198123 51.46000000
168.76416697 38.28184522 51.46000000
0.00000000 0.00000000 0.00000000
0.00000000 0.00000000 0.00000000
168.25419061 41.50170921 48.20000000
167.74421425 44.72157320 48.20000000
167.23423790 47.94143719 48.20000000
166.72426154 51.16130118 48.20000000
168.25419061 41.50170921 51.46000000
167.74421425 44.72157320 51.46000000
167.23423790 47.94143719 51.46000000
166.72426154 51.16130118 51.46000000
172.33400146 15.74279728 74.90000000
171.82402510 18.96266127 74.90000000
171.31404875 22.18252527 74.90000000
170.80407239 25.40238926 74.90000000
172.33400146 15.74279728 78.16000000
171.82402510 18.96266127 78.16000000
171.31404875 22.18252527 78.16000000
170.80407239 25.40238926 78.16000000
0.00000000 0.00000000 0.00000000
0.00000000 0.00000000 0.00000000
174.37390688 2.86334132 74.90000000
173.86393053 6.08320531 74.90000000
173.35395417 9.30306930 74.90000000
172.84397781 12.52293329 74.90000000
174.37390688 2.86334132 78.16000000
173.86393053 6.08320531 78.16000000
173.35395417 9.30306930 78.16000000
172.84397781 12.52293329 78.16000000
170.80407239 25.40238926 71.64000000
171.31404875 22.18252527 71.64000000
171.82402510 18.96266127 71.64000000
172.33400146 15.74279728 71.64000000
170.80407239 25.40238926 68.38000000
171.31404875 22.18252527 68.38000000
171.82402510 18.96266127 68.38000000
172.33400146 15.74279728 68.38000000
0.00000000 0.00000000 0.00000000
0.00000000 0.00000000 0.00000000
172.84397781 12.52293329 71.64000000
173.35395417 9.30306930 71.64000000
173.86393053 6.08320531 71.64000000
174.37390688 2.86334132 71.64000000
172.84397781 12.52293329 68.38000000
173.35395417 9.30306930 68.38000000
173.86393053 6.08320531 68.38000000
174.37390688 2.86334132 68.38000000
172.33400146 15.74279728 61.86000000
171.82402510 18.96266127 61.86000000
171.31404875 22.18252527 61.86000000
170.80407239 25.40238926 61.86000000
172.33400146 15.74279728 65.12000000
171.82402510 18.96266127 65.12000000
171.31404875 22.18252527 65.12000000
170.80407239 25.40238926 65.12000000
0.00000000 0.00000000 0.00000000
0.00000000 0.00000000 0.00000000
174.37390688 2.86334132 61.86000000
173.86393053 6.08320531 61.86000000
173.35395417 9.30306930 61.86000000
172.84397781 12.52293329 61.86000000
174.37390688 2.86334132 65.12000000
173.86393053 6.08320531 65.12000000
173.35395417 9.30306930 65.12000000
172.84397781 12.52293329 65.12000000
170.80407239 25.40238926 58.60000000
171.31404875 22.18252527 58.60000000
171.82402510 18.96266127 58.60000000
172.33400146 15.74279728 58.60000000
170.80407239 25.40238926 55.34000000
171.31404875 22.18252527 55.34000000
171.82402510 18.96266127 55.34000000
172.33400146 15.74279728 55.34000000
0.00000000 0.00000000 0.00000000
0.00000000 0.00000000 0.00000000
172.84397781 12.52293329 58.60000000
173.35395417 9.30306930 58.60000000
173.86393053 6.08320531 58.60000000
174.37390688 2.86334132 58.60000000
172.84397781 12.52293329 55.34000000
173.35395417 9.30306930 55.34000000
173.86393053 6.08320531 55.34000000
174.37390688 2.86334132 55.34000000
168.76416697 38.28184522 58.60000000
169.27414332 35.06198123 58.60000000
169.78411968 31.84211724 58.60000000
170.29409603 28.62225325 58.60000000
168.76416697 38.28184522 55.34000000
169.27414332 35.06198123 55.34000000
169.78411968 31.84211724 55.34000000
170.29409603 28.62225325 55.34000000
0.00000000 0.00000000 0.00000000
0.00000000 0.00000000 0.00000000
166.72426154 51.16130118 58.60000000
167.23423790 47.94143719 58.60000000
167.74421425 44.72157320 58.60000000
168.25419061 41.50170921 58.60000000
166.72426154 51.16130118 55.34000000
167.23423790 47.94143719 55.34000000
167.74421425 44.72157320 55.34000000
168.25419061 41.50170921 55.34000000
170.29409603 28.62225325 61.86000000
169.78411968 31.84211724 61.86000000
169.27414332 35.06198123 61.86000000
168.76416697 38.28184522 61.86000000
170.29409603 28.62225325 65.12000000
169.78411968 31.84211724 65.12000000
169.27414332 35.06198123 65.12000000
168.76416697 38.28184522 65.12000000
0.00000000 0.00000000 0.00000000
0.00000000 0.00000000 0.00000000
168.25419061 41.50170921 61.86000000
167.74421425 44.72157320 61.86000000
167.23423790 47.94143719 61.86000000
166.72426154 51.16130118 61.86000000
168.25419061 41.50170921 65.12000000
167.74421425 44.72157320 65.12000000
167.23423790 47.94143719 65.12000000
166.72426154 51.16130118 65.12000000
168.76416697 38.28184522 71.64000000
169.27414332 35.06198123 71.64000000
169.78411968 31.84211724 71.64000000
170.29409603 28.62225325 71.64000000
168.76416697 38.28184522 68.38000000
169.27414332 35.06198123 68.38000000
169.78411968 31.84211724 68.38000000
170.29409603 28.62225325 68.38000000
0.00000000 0.00000000 0.00000000
0.00000000 0.00000000 0.00000000
166.72426154 51.16130118 71.64000000
167.23423790 47.94143719 71.64000000
167.74421425 44.72157320 71.64000000
168.25419061 41.50170921 71.64000000
166.72426154 51.16130118 68.38000000
167.23423790 47.94143719 68.38000000
167.74421425 44.72157320 68.38000000
168.25419061 41.50170921 68.38000000
170.29409603 28.62225325 74.90000000
169.78411968 31.84211724 74.90000000
169.27414332 35.06198123 74.90000000
168.76416697 38.28184522 74.90000000
170.29409603 28.62225325 78.16000000
169.78411968 31.84211724 78.16000000
169.27414332 35.06198123 78.16000000
168.76416697 38.28184522 78.16000000
0.00000000 0.00000000 0.00000000
0.00000000 0.00000000 0.00000000
168.25419061 41.50170921 74.90000000
167.74421425 44.72157320 74.90000000
167.23423790 47.94143719 74.90000000
166.72426154 51.16130118 74.90000000
168.25419061 41.50170921 78.16000000
167.74421425 44.72157320 78.16000000
167.23423790 47.94143719 78.16000000
166.72426154 51.16130118 78.16000000
165.24036440 -51.40491900 -58.60000000
166.00139629 -48.23499306 -58.60000000
166.76242818 -45.06506711 -58.60000000
167.52346006 -41.89514117 -58.60000000
165.24036440 -51.40491900 -55.34000000
166.00139629 -48.23499306 -55.34000000
166.76242818 -45.06506711 -55.34000000
167.52346006 -41.89514117 -55.34000000
0.00000000 0.00000000 0.00000000
0.00000000 0.00000000 0.00000000
162.19623686 -64.08462276 -58.60000000
162.95726874 -60.91469682 -58.60000000
163.71830063 -57.74477088 -58.60000000
164.47933252 -54.57484494 -58.60000000
162.19623686 -64.08462276 -55.34000000
162.95726874 -60.91469682 -55.34000000
163.71830063 -57.74477088 -55.34000000
164.47933252 -54.57484494 -55.34000000
167.52346006 -41.89514117 -61.86000000
166.76242818 -45.06506711 -61.86000000
166.00139629 -48.23499306 -61.86000000
165.24036440 -51.40491900 -61.86000000
167.52346006 -41.89514117 -65.12000000
166.76242818 -45.06506711 -65.12000000
166.00139629 -48.23499306 -65.12000000
165.24036440 -51.40491900 -65.12000000
0.00000000 0.00000000 0.00000000
0.00000000 0.00000000 0.00000000
164.47933252 -54.57484494 -61.86000000
163.71830063 -57.74477088 -61.86000000
162.95726874 -60.91469682 -61.86000000
162.19623686 -64.08462276 -61.86000000
164.47933252 -54.57484494 -65.12000000
163.71830063 -57.74477088 -65.12000000
162.95726874 -60.91469682 -65.12000000
162.19623686 -64.08462276 -65.12000000
165.24036440 -51.40491900 -71.64000000
166.00139629 -48.23499306 -71.64000000
166.76242818 -45.06506711 -71.64000000
167.52346006 -41.89514117 -71.64000000
165.24036440 -51.40491900 -68.38000000
166.00139629 -48.23499306 -68.38000000
166.76242818 -45.06506711 -68.38000000
167.52346006 -41.89514117 -68.38000000
0.00000000 0.00000000 0.00000000
0.00000000 0.00000000 0.00000000
162.19623686 -64.08462276 -71.64000000
162.95726874 -60.91469682 -71.64000000
163.71830063 -57.74477088 -71.64000000
164.47933252 -54.57484494 -71.64000000
162.19623686 -64.08462276 -68.38000000
162.95726874 -60.91469682 -68.38000000
163.71830063 -57.74477088 -68.38000000
164.47933252 -54.57484494 -68.38000000
167.52346006 -41.89514117 -74.90000000
166.76242818 -45.06506711 -74.90000000
166.00139629 -48.23499306 -74.90000000
165.24036440 -51.40491900 -74.90000000
167.52346006 -41.89514117 -78.16000000
166.76242818 -45.06506711 -78.16000000
166.00139629 -48.23499306 -78.16000000
165.24036440 -51.40491900 -78.16000000
0.00000000 0.00000000 0.00000000
0.00000000 0.00000000 0.00000000
164.47933252 -54.57484494 -74.90000000
163.71830063 -57.74477088 -74.90000000
162.95726874 -60.91469682 -74.90000000
162.19623686 -64.08462276 -74.90000000
164.47933252 -54.57484494 -78.16000000
163.71830063 -57.74477088 -78.16000000
162.95726874 -60.91469682 -78.16000000
162.19623686 -64.08462276 -78.16000000
170.56758761 -29.21543741 -74.90000000
169.80655572 -32.38536335 -74.90000000
169.04552383 -35.55528929 -74.90000000
168.28449195 -38.72521523 -74.90000000
170.56758761 -29.21543741 -78.16000000
169.80655572 -32.38536335 -78.16000000
169.04552383 -35.55528929 -78.16000000
168.28449195 -38.72521523 -78.16000000
0.00000000 0.00000000 0.00000000
0.00000000 0.00000000 0.00000000
173.61171515 -16.53573365 -74.90000000
172.85068326 -19.70565959 -74.90000000
172.08965138 -22.87558553 -74.90000000
171.32861949 -26.04551147 -74.90000000
173.61171515 -16.53573365 -78.16000000
172.85068326 -19.70565959 -78.16000000
172.08965138 -22.87558553 -78.16000000
171.32861949 -26.04551147 -78.16000000
168.28449195 -38.72521523 -71.64000000
169.04552383 -35.55528929 -71.64000000
169.80655572 -32.38536335 -71.64000000
170.56758761 -29.21543741 -71.64000000
168.28449195 -38.72521523 -68.38000000
169.04552383 -35.55528929 -68.38000000
169.80655572 -32.38536335 -68.38000000
170.56758761 -29.21543741 -68.38000000
0.00000000 0.00000000 0.00000000
0.00000000 0.00000000 0.00000000
171.32861949 -26.04551147 -71.64000000
172.08965138 -22.87558553 -71.64000000
172.85068326 -19.70565959 -71.64000000
173.61171515 -16.53573365 -71.64000000
171.32861949 -26.04551147 -68.38000000
172.08965138 -22.87558553 -68.38000000
172.85068326 -19.70565959 -68.38000000
173.61171515 -16.53573365 -68.38000000
170.56758761 -29.21543741 -61.86000000
169.80655572 -32.38536335 -61.86000000
169.04552383 -35.55528929 -61.86000000
168.28449195 -38.72521523 -61.86000000
170.56758761 -29.21543741 -65.12000000
169.80655572 -32.38536335 -65.12000000
169.04552383 -35.55528929 -65.12000000
168.28449195 -38.72521523 -65.12000000
0.00000000 0.00000000 0.00000000
0.00000000 0.00000000 0.00000000
173.61171515 -16.53573365 -61.86000000
172.85068326 -19.70565959 -61.86000000
172.08965138 -22.87558553 -61.86000000
171.32861949 -26.04551147 -61.86000000
173.61171515 -16.53573365 -65.12000000
172.85068326 -19.70565959 -65.12000000
172.08965138 -22.87558553 -65.12000000
171.32861949 -26.04551147 -65.12000000
168.28449195 -38.72521523 -58.60000000
169.04552383 -35.55528929 -58.60000000
169.80655572 -32.38536335 -58.60000000
170.56758761 -29.21543741 -58.60000000
168.28449195 -38.72521523 -55.34000000
169.04552383 -35.55528929 -55.34000000
169.80655572 -32.38536335 -55.34000000
170.56758761 -29.21543741 -55.34000000
0.00000000 0.00000000 0.00000000
0.00000000 0.00000000 0.00000000
171.32861949 -26.04551147 -58.60000000
172.08965138 -22.87558553 -58.60000000
172.85068326 -19.70565959 -58.60000000
173.61171515 -16.53573365 -58.60000000
171.32861949 -26.04551147 -55.34000000
172.08965138 -22.87558553 -55.34000000
172.85068326 -19.70565959 -55.34000000
173.61171515 -16.53573365 -55.34000000
165.24036440 -51.40491900 -31.90000000
166.00139629 -48.23499306 -31.90000000
166.76242818 -45.06506711 -31.90000000
167.52346006 -41.89514117 -31.90000000
165.24036440 -51.40491900 -28.64000000
166.00139629 -48.23499306 -28.64000000
166.76242818 -45.06506711 -28.64000000
167.52346006 -41.89514117 -28.64000000
0.00000000 0.00000000 0.00000000
0.00000000 0.00000000 0.00000000
162.19623686 -64.08462276 -31.90000000
162.95726874 -60.91469682 -31.90000000
163.71830063 -57.74477088 -31.90000000
164.47933252 -54.57484494 -31.90000000
162.19623686 -64.08462276 -28.64000000
162.95726874 -60.91469682 -28.64000000
163.71830063 -57.74477088 -28.64000000
164.47933252 -54.57484494 -28.64000000
167.52346006 -41.89514117 -35.16000000
166.76242818 -45.06506711 -35.16000000
166.00139629 -48.23499306 -35.16000000
165.24036440 -51.40491900 -35.16000000
167.52346006 -41.89514117 -38.42000000
166.76242818 -45.06506711 -38.42000000
166.00139629 -48.23499306 -38.42000000
165.24036440 -51.40491900 -38.42000000
0.00000000 0.00000000 0.00000000
0.00000000 0.00000000 0.00000000
164.47933252 -54.57484494 -35.16000000
163.71830063 -57.74477088 -35.16000000
162.95726874 -60.91469682 -35.16000000
162.19623686 -64.08462276 -35.16000000
164.47933252 -54.57484494 -38.42000000
163.71830063 -57.74477088 -38.42000000
162.95726874 -60.91469682 -38.42000000
162.19623686 -64.08462276 -38.42000000
165.24036440 -51.40491900 -44.94000000
166.00139629 -48.23499306 -44.94000000
166.76242818 -45.06506711 -44.94000000
167.52346006 -41.89514117 -44.94000000
165.24036440 -51.40491900 -41.68000000
166.00139629 -48.23499306 -41.68000000
166.76242818 -45.06506711 -41.68000000
167.52346006 -41.89514117 -41.68000000
0.00000000 0.00000000 0.00000000
0.00000000 0.00000000 0.00000000
162.19623686 -64.08462276 -44.94000000
162.95726874 -60.91469682 -44.94000000
163.71830063 -57.74477088 -44.94000000
164.47933252 -54.57484494 -44.94000000
162.19623686 -64.08462276 -41.68000000
162.95726874 -60.91469682 -41.68000000
163.71830063 -57.74477088 -41.68000000
164.47933252 -54.57484494 -41.68000000
167.52346006 -41.89514117 -48.20000000
166.76242818 -45.06506711 -48.20000000
166.00139629 -48.23499306 -48.20000000
165.24036440 -51.40491900 -48.20000000
167.52346006 -41.89514117 -51.46000000
166.76242818 -45.06506711 -51.46000000
166.00139629 -48.23499306 -51.46000000
165.24036440 -51.40491900 -51.46000000
0.00000000 0.00000000 0.00000000
0.00000000 0.00000000 0.00000000
164.47933252 -54.57484494 -48.20000000
163.71830063 -57.74477088 -48.20000000
162.95726874 -60.91469682 -48.20000000
162.19623686 -64.08462276 -48.20000000
164.47933252 -54.57484494 -51.46000000
163.71830063 -57.74477088 -51.46000000
162.95726874 -60.91469682 -51.46000000
162.19623686 -64.08462276 -51.46000000
170.56758761 -29.21543741 -48.20000000
169.80655572 -32.38536335 -48.20000000
169.04552383 -35.55528929 -48.20000000
168.28449195 -38.72521523 -48.20000000
170.56758761 -29.21543741 -51.46000000
169.80655572 -32.38536335 -51.46000000
169.04552383 -35.55528929 -51.46000000
168.28449195 -38.72521523 -51.46000000
0.00000000 0.00000000 0.00000000
0.00000000 0.00000000 0.00000000
173.61171515 -16.53573365 -48.20000000
172.85068326 -19.70565959 -48.20000000
172.08965138 -22.87558553 -48.20000000
171.32861949 -26.04551147 -48.20000000
173.61171515 -16.53573365 -51.46000000
172.85068326 -19.70565959 -51.46000000
172.08965138 -22.87558553 -51.46000000
171.32861949 -26.04551147 -51.46000000
168.28449195 -38.72521523 -44.94000000
169.04552383 -35.55528929 -44.94000000
169.80655572 -32.38536335 -44.94000000
170.56758761 -29.21543741 -44.94000000
168.28449195 -38.72521523 -41.68000000
169.04552383 -35.55528929 -41.68000000
169.80655572 -32.38536335 -41.68000000
170.56758761 -29.21543741 -41.68000000
0.00000000 0.00000000 0.00000000
0.00000000 0.00000000 0.00000000
171.32861949 -26.04551147 -44.94000000
172.08965138 -22.87558553 -44.94000000
172.85068326 -19.70565959 -44.94000000
173.61171515 -16.53573365 -44.94000000
171.32861949 -26.04551147 -41.68000000
172.08965138 -22.87558553 -41.68000000
172.85068326 -19.70565959 -41.68000000
173.61171515 -16.53573365 -41.68000000
170.56758761 -29.21543741 -35.16000000
169.80655572 -32.38536335 -35.16000000
169.04552383 -35.55528929 -35.16000000
168.28449195 -38.72521523 -35.16000000
170.56758761 -29.21543741 -38.42000000
169.80655572 -32.38536335 -38.42000000
169.04552383 -35.55528929 -38.42000000
168.28449195 -38.72521523 -38.42000000
0.00000000 0.00000000 0.00000000
0.00000000 0.00000000 0.00000000
173.61171515 -16.53573365 -35.16000000
172.85068326 -19.70565959 -35.16000000
172.08965138 -22.87558553 -35.16000000
171.32861949 -26.04551147 -35.16000000
173.61171515 -16.53573365 -38.42000000
172.85068326 -19.70565959 -38.42000000
172.08965138 -22.87558553 -38.42000000
171.32861949 -26.04551147 -38.42000000
168.28449195 -38.72521523 -31.90000000
169.04552383 -35.55528929 -31.90000000
169.80655572 -32.38536335 -31.90000000
170.56758761 -29.21543741 -31.90000000
168.28449195 -38.72521523 -28.64000000
169.04552383 -35.55528929 -28.64000000
169.80655572 -32.38536335 -28.64000000
170.56758761 -29.21543741 -28.64000000
0.00000000 0.00000000 0.00000000
0.00000000 0.00000000 0.00000000
171.32861949 -26.04551147 -31.90000000
172.08965138 -22.87558553 -31.90000000
172.85068326 -19.70565959 -31.90000000
173.61171515 -16.53573365 -31.90000000
171.32861949 -26.04551147 -28.64000000
172.08965138 -22.87558553 -28.64000000
172.85068326 -19.70565959 -28.64000000
173.61171515 -16.53573365 -28.64000000
165.24036440 -51.40491900 -5.20000000
166.00139629 -48.23499306 -5.20000000
166.76242818 -45.06506711 -5.20000000
167.52346006 -41.89514117 -5.20000000
165.24036440 -51.40491900 -1.94000000
166.00139629 -48.23499306 -1.94000000
166.76242818 -45.06506711 -1.94000000
167.52346006 -41.89514117 -1.94000000
0.00000000 0.00000000 0.00000000
0.00000000 0.00000000 0.00000000
162.19623686 -64.08462276 -5.20000000
162.95726874 -60.91469682 -5.20000000
163.71830063 -57.74477088 -5.20000000
164.47933252 -54.57484494 -5.20000000
162.19623686 -64.08462276 -1.94000000
162.95726874 -60.91469682 -1.94000000
163.71830063 -57.74477088 -1.94000000
164.47933252 -54.57484494 -1.94000000
167.52346006 -41.89514117 -8.46000000
166.76242818 -45.06506711 -8.46000000
166.00139629 -48.23499306 -8.46000000
165.24036440 -51.40491900 -8.46000000
167.52346006 -41.89514117 -11.72000000
166.76242818 -45.06506711 -11.72000000
166.00139629 -48.23499306 -11.72000000
165.24036440 -51.40491900 -11.72000000
0.00000000 0.00000000 0.00000000
0.00000000 0.00000000 0.00000000
164.47933252 -54.57484494 -8.46000000
163.71830063 -57.74477088 -8.46000000
162.95726874 -60.91469682 -8.46000000
162.19623686 -64.08462276 -8.46000000
164.47933252 -54.57484494 -11.72000000
163.71830063 -57.74477088 -11.72000000
162.95726874 -60.91469682 -11.72000000
162.19623686 -64.08462276 -11.72000000
165.24036440 -51.40491900 -18.24000000
166.00139629 -48.23499306 -18.24000000
166.76242818 -45.06506711 -18.24000000
167.52346006 -41.89514117 -18.24000000
165.24036440 -51.40491900 -14.98000000
166.00139629 -48.23499306 -14.98000000
166.76242818 -45.06506711 -14.98000000
167.52346006 -41.89514117 -14.98000000
0.00000000 0.00000000 0.00000000
0.00000000 0.00000000 0.00000000
162.19623686 -64.08462276 -18.24000000
162.95726874 -60.91469682 -18.24000000
163.71830063 -57.74477088 -18.24000000
164.47933252 -54.57484494 -18.24000000
162.19623686 -64.08462276 -14.98000000
162.95726874 -60.91469682 -14.98000000
163.71830063 -57.74477088 -14.98000000
164.47933252 -54.57484494 -14.98000000
167.52346006 -41.89514117 -21.50000000
166.76242818 -45.06506711 -21.50000000
166.00139629 -48.23499306 -21.50000000
165.24036440 -51.40491900 -21.50000000
167.52346006 -41.89514117 -24.76000000
166.76242818 -45.06506711 -24.76000000
166.00139629 -48.23499306 -24.76000000
165.24036440 -51.40491900 -24.76000000
0.00000000 0.00000000 0.00000000
0.00000000 0.00000000 0.00000000
164.47933252 -54.57484494 -21.50000000
163.71830063 -57.74477088 -21.50000000
162.95726874 -60.91469682 -21.50000000
162.19623686 -64.08462276 -21.50000000
164.47933252 -54.57484494 -24.76000000
163.71830063 -57.74477088 -24.76000000
162.95726874 -60.91469682 -24.76000000
162.19623686 -64.08462276 -24.76000000
170.56758761 -29.21543741 -21.50000000
169.80655572 -32.38536335 -21.50000000
169.04552383 -35.55528929 -21.50000000
168.28449195 -38.72521523 -21.50000000
170.56758761 -29.21543741 -24.76000000
169.80655572 -32.38536335 -24.76000000
169.04552383 -35.55528929 -24.76000000
168.28449195 -38.72521523 -24.76000000
0.00000000 0.00000000 0.00000000
0.00000000 0.00000000 0.00000000
173.61171515 -16.53573365 -21.50000000
172.85068326 -19.70565959 -21.50000000
172.08965138 -22.87558553 -21.50000000
171.32861949 -26.04551147 -21.50000000
173.61171515 -16.53573365 -24.76000000
172.85068326 -19.70565959 -24.76000000
172.08965138 -22.87558553 -24.76000000
171.32861949 -26.04551147 -24.76000000
168.28449195 -38.72521523 -18.24000000
169.04552383 -35.55528929 -18.24000000
169.80655572 -32.38536335 -18.24000000
170.56758761 -29.21543741 -18.24000000
168.28449195 -38.72521523 -14.98000000
169.04552383 -35.55528929 -14.98000000
169.80655572 -32.38536335 -14.98000000
170.56758761 -29.21543741 -14.98000000
0.00000000 0.00000000 0.00000000
0.00000000 0.00000000 0.00000000
171.32861949 -26.04551147 -18.24000000
172.08965138 -22.87558553 -18.24000000
172.85068326 -19.70565959 -18.24000000
173.61171515 -16.53573365 -18.24000000
171.32861949 -26.04551147 -14.98000000
172.08965138 -22.87558553 -14.98000000
172.85068326 -19.70565959 -14.98000000
173.61171515 -16.53573365 -14.98000000
170.56758761 -29.21543741 -8.46000000
169.80655572 -32.38536335 -8.46000000
169.04552383 -35.55528929 -8.46000000
168.28449195 -38.72521523 -8.46000000
170.56758761 -29.21543741 -11.72000000
169.80655572 -32.38536335 -11.72000000
169.04552383 -35.55528929 -11.72000000
168.28449195 -38.72521523 -11.72000000
0.00000000 0.00000000 0.00000000
0.00000000 0.00000000 0.00000000
173.61171515 -16.53573365 -8.46000000
172.85068326 -19.70565959 -8.46000000
172.08965138 -22.87558553 -8.46000000
171.32861949 -26.04551147 -8.46000000
173.61171515 -16.53573365 -11.72000000
172.85068326 -19.70565959 -11.72000000
172.08965138 -22.87558553 -11.72000000
171.32861949 -26.04551147 -11.72000000
168.28449195 -38.72521523 -5.20000000
169.04552383 -35.55528929 -5.20000000
169.80655572 -32.38536335 -5.20000000
170.56758761 -29.21543741 -5.20000000
168.28449195 -38.72521523 -1.94000000
169.04552383 -35.55528929 -1.94000000
169.80655572 -32.38536335 -1.94000000
170.56758761 -29.21543741 -1.94000000
0.00000000 0.00000000 0.00000000
0.00000000 0.00000000 0.00000000
171.32861949 -26.04551147 -5.20000000
172.08965138 -22.87558553 -5.20000000
172.85068326 -19.70565959 -5.20000000
173.61171515 -16.53573365 -5.20000000
171.32861949 -26.04551147 -1.94000000
172.08965138 -22.87558553 -1.94000000
172.85068326 -19.70565959 -1.94000000
173.61171515 -16.53573365 -1.94000000
165.24036440 -51.40491900 21.50000000
166.00139629 -48.23499306 21.50000000
166.76242818 -45.06506711 21.50000000
167.52346006 -41.89514117 21.50000000
165.24036440 -51.40491900 24.76000000
166.00139629 -48.23499306 24.76000000
166.76242818 -45.06506711 24.76000000
167.52346006 -41.89514117 24.76000000
0.00000000 0.00000000 0.00000000
0.00000000 0.00000000 0.00000000
162.19623686 -64.08462276 21.50000000
162.95726874 -60.91469682 21.50000000
163.71830063 -57.74477088 21.50000000
164.47933252 -54.57484494 21.50000000
162.19623686 -64.08462276 24.76000000
162.95726874 -60.91469682 24.76000000
163.71830063 -57.74477088 24.76000000
164.47933252 -54.57484494 24.76000000
167.52346006 -41.89514117 18.24000000
166.76242818 -45.06506711 18.24000000
166.00139629 -48.23499306 18.24000000
165.24036440 -51.40491900 18.24000000
167.52346006 -41.89514117 14.98000000
166.76242818 -45.06506711 14.98000000
166.00139629 -48.23499306 14.98000000
165.24036440 -51.40491900 14.98000000
0.00000000 0.00000000 0.00000000
0.00000000 0.00000000 0.00000000
164.47933252 -54.57484494 18.24000000
163.71830063 -57.74477088 18.24000000
162.95726874 -60.91469682 18.24000000
162.19623686 -64.08462276 18.24000000
164.47933252 -54.57484494 14.98000000
163.71830063 -57.74477088 14.98000000
162.95726874 -60.91469682 14.98000000
162.19623686 -64.08462276 14.98000000
165.24036440 -51.40491900 8.46000000
166.00139629 -48.23499306 8.46000000
166.76242818 -45.06506711 8.46000000
167.52346006 -41.89514117 8.46000000
165.24036440 -51.40491900 11.72000000
166.00139629 -48.23499306 11.72000000
166.76242818 -45.06506711 11.72000000
167.52346006 -41.89514117 11.72000000
0.00000000 0.00000000 0.00000000
0.00000000 0.00000000 0.00000000
162.19623686 -64.08462276 8.46000000
162.95726874 -60.91469682 8.46000000
163.71830063 -57.74477088 8.46000000
164.47933252 -54.57484494 8.46000000
162.19623686 -64.08462276 11.72000000
162.95726874 -60.91469682 11.72000000
163.71830063 -57.74477088 11.72000000
164.47933252 -54.57484494 11.72000000
167.52346006 -41.89514117 5.20000000
166.76242818 -45.06506711 5.20000000
166.00139629 -48.23499306 5.20000000
165.24036440 -51.40491900 5.20000000
167.52346006 -41.89514117 1.94000000
166.76242818 -45.06506711 1.94000000
166.00139629 -48.23499306 1.94000000
165.24036440 -51.40491900 1.94000000
0.00000000 0.00000000 0.00000000
0.00000000 0.00000000 0.00000000
164.47933252 -54.57484494 5.20000000
163.71830063 -57.74477088 5.20000000
162.95726874 -60.91469682 5.20000000
162.19623686 -64.08462276 5.20000000
164.47933252 -54.57484494 1.94000000
163.71830063 -57.74477088 1.94000000
162.95726874 -60.91469682 1.94000000
162.19623686 -64.08462276 1.94000000
170.56758761 -29.21543741 5.20000000
169.80655572 -32.38536335 5.20000000
169.04552383 -35.55528929 5.20000000
168.28449195 -38.72521523 5.20000000
170.56758761 -29.21543741 1.94000000
169.80655572 -32.38536335 1.94000000
169.04552383 -35.55528929 1.94000000
168.28449195 -38.72521523 1.94000000
0.00000000 0.00000000 0.00000000
0.00000000 0.00000000 0.00000000
173.61171515 -16.53573365 5.20000000
172.85068326 -19.70565959 5.20000000
172.08965138 -22.87558553 5.20000000
171.32861949 -26.04551147 5.20000000
173.61171515 -16.53573365 1.94000000
172.85068326 -19.70565959 1.94000000
172.08965138 -22.87558553 1.94000000
171.32861949 -26.04551147 1.94000000
168.28449195 -38.72521523 8.46000000
169.04552383 -35.55528929 8.46000000
169.80655572 -32.38536335 8.46000000
170.56758761 -29.21543741 8.46000000
168.28449195 -38.72521523 11.72000000
169.04552383 -35.55528929 11.72000000
169.80655572 -32.38536335 11.72000000
170.56758761 -29.21543741 11.72000000
0.00000000 0.00000000 0.00000000
0.00000000 0.00000000 0.00000000
171.32861949 -26.04551147 8.46000000
172.08965138 -22.87558553 8.46000000
172.85068326 -19.70565959 8.46000000
173.61171515 -16.53573365 8.46000000
171.32861949 -26.04551147 11.72000000
172.08965138 -22.87558553 11.72000000
172.85068326 -19.70565959 11.72000000
173.61171515 -16.53573365 11.72000000
170.56758761 -29.21543741 18.24000000
169.80655572 -32.38536335 18.24000000
169.04552383 -35.55528929 18.24000000
168.28449195 -38.72521523 18.24000000
170.56758761 -29.21543741 14.98000000
169.80655572 -32.38536335 14.98000000
169.04552383 -35.55528929 14.98000000
168.28449195 -38.72521523 14.98000000
0.00000000 0.00000000 0.00000000
0.00000000 0.00000000 0.00000000
173.61171515 -16.53573365 18.24000000
172.85068326 -19.70565959 18.24000000
172.08965138 -22.87558553 18.24000000
171.32861949 -26.04551147 18.24000000
173.61171515 -16.53573365 14.98000000
172.85068326 -19.70565959 14.98000000
172.08965138 -22.87558553 14.98000000
171.32861949 -26.04551147 14.98000000
168.28449195 -38.72521523 21.50000000
169.04552383 -35.55528929 21.50000000
169.80655572 -32.38536335 21.50000000
170.56758761 -29.21543741 21.50000000
168.28449195 -38.72521523 24.76000000
169.04552383 -35.55528929 24.76000000
169.80655572 -32.38536335 24.76000000
170.56758761 -29.21543741 24.76000000
0.00000000 0.00000000 0.00000000
0.00000000 0.00000000 0.00000000
171.32861949 -26.04551147 21.50000000
172.08965138 -22.87558553 21.50000000
172.85068326 -19.70565959 21.50000000
173.61171515 -16.53573365 21.50000000
171.32861949 -26.04551147 24.76000000
172.08965138 -22.87558553 24.76000000
172.85068326 -19.70565959 24.76000000
173.61171515 -16.53573365 24.76000000
165.24036440 -51.40491900 48.20000000
166.00139629 -48.23499306 48.20000000
166.76242818 -45.06506711 48.20000000
167.52346006 -41.89514117 48.20000000
165.24036440 -51.40491900 51.46000000
166.00139629 -48.23499306 51.46000000
166.76242818 -45.06506711 51.46000000
167.52346006 -41.89514117 51.46000000
0.00000000 0.00000000 0.00000000
0.00000000 0.00000000 0.00000000
162.19623686 -64.08462276 48.20000000
162.95726874 -60.91469682 48.20000000
163.71830063 -57.74477088 48.20000000
164.47933252 -54.57484494 48.20000000
162.19623686 -64.08462276 51.46000000
162.95726874 -60.91469682 51.46000000
163.71830063 -57.74477088 51.46000000
164.47933252 -54.57484494 51.46000000
167.52346006 -41.89514117 44.94000000
166.76242818 -45.06506711 44.94000000
166.00139629 -48.23499306 44.94000000
165.24036440 -51.40491900 44.94000000
167.52346006 -41.89514117 41.68000000
166.76242818 -45.06506711 41.68000000
166.00139629 -48.23499306 41.68000000
165.24036440 -51.40491900 41.68000000
0.00000000 0.00000000 0.00000000
0.00000000 0.00000000 0.00000000
164.47933252 -54.57484494 44.94000000
163.71830063 -57.74477088 44.94000000
162.95726874 -60.91469682 44.94000000
162.19623686 -64.08462276 44.94000000
164.47933252 -54.57484494 41.68000000
163.71830063 -57.74477088 41.68000000
162.95726874 -60.91469682 41.68000000
162.19623686 -64.08462276 41.68000000
165.24036440 -51.40491900 35.16000000
166.00139629 -48.23499306 35.16000000
166.76242818 -45.06506711 35.16000000
167.52346006 -41.89514117 35.16000000
165.24036440 -51.40491900 38.42000000
166.00139629 -48.23499306 38.42000000
166.76242818 -45.06506711 38.42000000
167.52346006 -41.89514117 38.42000000
0.00000000 0.00000000 0.00000000
0.00000000 0.00000000 0.00000000
162.19623686 -64.08462276 35.16000000
162.95726874 -60.91469682 35.16000000
163.71830063 -57.74477088 35.16000000
164.47933252 -54.57484494 35.16000000
162.19623686 -64.08462276 38.42000000
162.95726874 -60.91469682 38.42000000
163.71830063 -57.74477088 38.42000000
164.47933252 -54.57484494 38.42000000
167.52346006 -41.89514117 31.90000000
166.76242818 -45.06506711 31.90000000
166.00139629 -48.23499306 31.90000000
165.24036440 -51.40491900 31.90000000
167.52346006 -41.89514117 28.64000000
166.76242818 -45.06506711 28.64000000
166.00139629 -48.23499306 28.64000000
165.24036440 -51.40491900 28.64000000
0.00000000 0.00000000 0.00000000
0.00000000 0.00000000 0.00000000
164.47933252 -54.57484494 31.90000000
163.71830063 -57.74477088 31.90000000
162.95726874 -60.91469682 31.90000000
162.19623686 -64.08462276 31.90000000
164.47933252 -54.57484494 28.64000000
163.71830063 -57.74477088 28.64000000
162.95726874 -60.91469682 28.64000000
162.19623686 -64.08462276 28.64000000
170.56758761 -29.21543741 31.90000000
169.80655572 -32.38536335 31.90000000
169.04552383 -35.55528929 31.90000000
168.28449195 -38.72521523 31.90000000
170.56758761 -29.21543741 28.64000000
169.80655572 -32.38536335 28.64000000
169.04552383 -35.55528929 28.64000000
168.28449195 -38.72521523 28.64000000
0.00000000 0.00000000 0.00000000
0.00000000 0.00000000 0.00000000
173.61171515 -16.53573365 31.90000000
172.85068326 -19.70565959 31.90000000
172.08965138 -22.87558553 31.90000000
171.32861949 -26.04551147 31.90000000
173.61171515 -16.53573365 28.64000000
172.85068326 -19.70565959 28.64000000
172.08965138 -22.87558553 28.64000000
171.32861949 -26.04551147 28.64000000
168.28449195 -38.72521523 35.16000000
169.04552383 -35.55528929 35.16000000
169.80655572 -32.38536335 35.16000000
170.56758761 -29.21543741 35.16000000
168.28449195 -38.72521523 38.42000000
169.04552383 -35.55528929 38.42000000
169.80655572 -32.38536335 38.42000000
170.56758761 -29.21543741 38.42000000
0.00000000 0.00000000 0.00000000
0.00000000 0.00000000 0.00000000
171.32861949 -26.04551147 35.16000000
172.08965138 -22.87558553 35.16000000
172.85068326 -19.70565959 35.16000000
173.61171515 -16.53573365 35.16000000
171.32861949 -26.04551147 38.42000000
172.08965138 -22.87558553 38.42000000
172.85068326 -19.70565959 38.42000000
173.61171515 -16.53573365 38.42000000
170.56758761 -29.21543741 44.94000000
169.80655572 -32.38536335 44.94000000
169.04552383 -35.55528929 44.94000000
168.28449195 -38.72521523 44.94000000
170.56758761 -29.21543741 41.68000000
169.80655572 -32.38536335 41.68000000
169.04552383 -35.55528929 41.68000000
168.28449195 -38.72521523 41.68000000
0.00000000 0.00000000 0.00000000
0.00000000 0.00000000 0.00000000
173.61171515 -16.53573365 44.94000000
172.85068326 -19.70565959 44.94000000
172.08965138 -22.87558553 44.94000000
171.32861949 -26.04551147 44.94000000
173.61171515 -16.53573365 41.68000000
172.85068326 -19.70565959 41.68000000
172.08965138 -22.87558553 41.68000000
171.32861949 -26.04551147 41.68000000
168.28449195 -38.72521523 48.20000000
169.04552383 -35.55528929 48.20000000
169.80655572 -32.38536335 48.20000000
170.56758761 -29.21543741 48.20000000
168.28449195 -38.72521523 51.46000000
169.04552383 -35.55528929 51.46000000
169.80655572 -32.38536335 51.46000000
170.56758761 -29.21543741 51.46000000
0.00000000 0.00000000 0.00000000
0.00000000 0.00000000 0.00000000
171.32861949 -26.04551147 48.20000000
172.08965138 -22.87558553 48.20000000
172.85068326 -19.70565959 48.20000000
173.61171515 -16.53573365 48.20000000
171.32861949 -26.04551147 51.46000000
172.08965138 -22.87558553 51.46000000
172.85068326 -19.70565959 51.46000000
173.61171515 -16.53573365 51.46000000
165.24036440 -51.40491900 74.90000000
166.00139629 -48.23499306 74.90000000
166.76242818 -45.06506711 74.90000000
167.52346006 -41.89514117 74.90000000
165.24036440 -51.40491900 78.16000000
166.00139629 -48.23499306 78.16000000
166.76242818 -45.06506711 78.16000000
167.52346006 -41.89514117 78.16000000
0.00000000 0.00000000 0.00000000
0.00000000 0.00000000 0.00000000
162.19623686 -64.08462276 74.90000000
162.95726874 -60.91469682 74.90000000
163.71830063 -57.74477088 74.90000000
164.47933252 -54.57484494 74.90000000
162.19623686 -64.08462276 78.16000000
162.95726874 -60.91469682 78.16000000
163.71830063 -57.74477088 78.16000000
164.47933252 -54.57484494 78.16000000
167.52346006 -41.89514117 71.64000000
166.76242818 -45.06506711 71.64000000
166.00139629 -48.23499306 71.64000000
165.24036440 -51.40491900 71.64000000
167.52346006 -41.89514117 68.38000000
166.76242818 -45.06506711 68.38000000
166.00139629 -48.23499306 68.38000000
165.24036440 -51.40491900 68.38000000
0.00000000 0.00000000 0.00000000
0.00000000 0.00000000 0.00000000
164.47933252 -54.57484494 71.64000000
163.71830063 -57.74477088 71.64000000
162.95726874 -60.91469682 71.64000000
162.19623686 -64.08462276 71.64000000
164.47933252 -54.57484494 68.38000000
163.71830063 -57.74477088 68.38000000
162.95726874 -60.91469682 68.38000000
162.19623686 -64.08462276 68.38000000
165.24036440 -51.40491900 61.86000000
166.00139629 -48.23499306 61.86000000
166.76242818 -45.06506711 61.86000000
167.52346006 -41.89514117 61.86000000
165.24036440 -51.40491900 65.12000000
166.00139629 -48.23499306 65.12000000
166.76242818 -45.06506711 65.12000000
167.52346006 -41.89514117 65.12000000
0.00000000 0.00000000 0.00000000
0.00000000 0.00000000 0.00000000
162.19623686 -64.08462276 61.86000000
162.95726874 -60.91469682 61.86000000
163.71830063 -57.74477088 61.86000000
164.47933252 -54.57484494 61.86000000
162.19623686 -64.08462276 65.12000000
162.95726874 -60.91469682 65.12000000
163.71830063 -57.74477088 65.12000000
164.47933252 -54.57484494 65.12000000
167.52346006 -41.89514117 58.60000000
166.76242818 -45.06506711 58.60000000
166.00139629 -48.23499306 58.60000000
165.24036440 -51.40491900 58.60000000
167.52346006 -41.89514117 55.34000000
166.76242818 -45.06506711 55.34000000
166.00139629 -48.23499306 55.34000000
165.24036440 -51.40491900 55.34000000
0.00000000 0.00000000 0.00000000
0.00000000 0.00000000 0.00000000
164.47933252 -54.57484494 58.60000000
163.71830063 -57.74477088 58.60000000
162.95726874 -60.91469682 58.60000000
162.19623686 -64.08462276 58.60000000
164.47933252 -54.57484494 55.34000000
163.71830063 -57.74477088 55.34000000
162.95726874 -60.91469682 55.34000000
162.19623686 -64.08462276 55.34000000
170.56758761 -29.21543741 58.60000000
169.80655572 -32.38536335 58.60000000
169.04552383 -35.55528929 58.60000000
168.28449195 -38.72521523 58.60000000
170.56758761 -29.21543741 55.34000000
169.80655572 -32.38536335 55.34000000
169.04552383 -35.55528929 55.34000000
168.28449195 -38.72521523 55.34000000
0.00000000 0.00000000 0.00000000
0.00000000 0.00000000 0.00000000
173.61171515 -16.53573365 58.60000000
172.85068326 -19.70565959 58.60000000
172.08965138 -22.87558553 58.60000000
171.32861949 -26.04551147 58.60000000
173.61171515 -16.53573365 55.34000000
172.85068326 -19.70565959 55.34000000
172.08965138 -22.87558553 55.34000000
171.32861949 -26.04551147 55.34000000
168.28449195 -38.72521523 61.86000000
169.04552383 -35.55528929 61.86000000
169.80655572 -32.38536335 61.86000000
170.56758761 -29.21543741 61.86000000
168.28449195 -38.72521523 65.12000000
169.04552383 -35.55528929 65.12000000
169.80655572 -32.38536335 65.12000000
170.56758761 -29.21543741 65.12000000
0.00000000 0.00000000 0.00000000
0.00000000 0.00000000 0.00000000
171.32861949 -26.04551147 61.86000000
172.08965138 -22.87558553 61.86000000
172.85068326 -19.70565959 61.86000000
173.61171515 -16.53573365 61.86000000
171.32861949 -26.04551147 65.12000000
172.08965138 -22.87558553 65.12000000
172.85068326 -19.70565959 65.12000000
173.61171515 -16.53573365 65.12000000
170.56758761 -29.21543741 71.64000000
169.80655572 -32.38536335 71.64000000
169.04552383 -35.55528929 71.64000000
168.28449195 -38.72521523 71.64000000
170.56758761 -29.21543741 68.38000000
169.80655572 -32.38536335 68.38000000
169.04552383 -35.55528929 68.38000000
168.28449195 -38.72521523 68.38000000
0.00000000 0.00000000 0.00000000
0.00000000 0.00000000 0.00000000
173.61171515 -16.53573365 71.64000000
172.85068326 -19.70565959 71.64000000
172.08965138 -22.87558553 71.64000000
171.32861949 -26.04551147 71.64000000
173.61171515 -16.53573365 68.38000000
172.85068326 -19.70565959 68.38000000
172.08965138 -22.87558553 68.38000000
171.32861949 -26.04551147 68.38000000
168.28449195 -38.72521523 74.90000000
169.04552383 -35.55528929 74.90000000
169.80655572 -32.38536335 74.90000000
170.56758761 -29.21543741 74.90000000
168.28449195 -38.72521523 78.16000000
169.04552383 -35.55528929 78.16000000
169.80655572 -32.38536335 78.16000000
170.56758761 -29.21543741 78.16000000
0.00000000 0.00000000 0.00000000
0.00000000 0.00000000 0.00000000
171.32861949 -26.04551147 74.90000000
172.08965138 -22.87558553 74.90000000
172.85068326 -19.70565959 74.90000000
173.61171515 -16.53573365 74.90000000
171.32861949 -26.04551147 78.16000000
172.08965138 -22.87558553 78.16000000
172.85068326 -19.70565959 78.16000000
173.61171515 -16.53573365 78.16000000
132.99037978 -110.72670235 -58.60000000
134.90655970 -108.08930694 -58.60000000
136.82273962 -105.45191154 -58.60000000
138.73891954 -102.81451614 -58.60000000
132.99037978 -110.72670235 -55.34000000
134.90655970 -108.08930694 -55.34000000
136.82273962 -105.45191154 -55.34000000
138.73891954 -102.81451614 -55.34000000
0.00000000 0.00000000 0.00000000
0.00000000 0.00000000 0.00000000
125.32566009 -121.27628395 -58.60000000
127.24184001 -118.63888855 -58.60000000
129.15801993 -116.00149315 -58.60000000
131.07419985 -113.36409775 -58.60000000
125.32566009 -121.27628395 -55.34000000
127.24184001 -118.63888855 -55.34000000
129.15801993 -116.00149315 -55.34000000
131.07419985 -113.36409775 -55.34000000
138.73891954 -102.81451614 -61.86000000
136.82273962 -105.45191154 -61.86000000
134.90655970 -108.08930694 -61.86000000
132.99037978 -110.72670235 -61.86000000
138.73891954 -102.81451614 -65.12000000
136.82273962 -105.45191154 -65.12000000
134.90655970 -108.08930694 -65.12000000
132.99037978 -110.72670235 -65.12000000
0.00000000 0.00000000 0.00000000
0.00000000 0.00000000 0.00000000
131.07419985 -113.36409775 -61.86000000
129.15801993 -116.00149315 -61.86000000
127.24184001 -118.63888855 -61.86000000
125.32566009 -121.27628395 -61.86000000
131.07419985 -113.36409775 -65.12000000
129.15801993 -116.00149315 -65.12000000
127.24184001 -118.63888855 -65.12000000
125.32566009 -121.27628395 -65.12000000
132.99037978 -110.72670235 -71.64000000
134.90655970 -108.08930694 -71.64000000
136.82273962 -105.45191154 -71.64000000
138.73891954 -102.81451614 -71.64000000
132.99037978 -110.72670235 -68.38000000
134.90655970 -108.08930694 -68.38000000
136.82273962 -105.45191154 -68.38000000
138.73891954 -102.81451614 -68.38000000
0.00000000 0.00000000 0.00000000
0.00000000 0.00000000 0.00000000
125.32566009 -121.27628395 -71.64000000
127.24184001 -118.63888855 -71.64000000
129.15801993 -116.00149315 -71.64000000
131.07419985 -113.36409775 -71.64000000
125.32566009 -121.27628395 -68.38000000
127.24184001 -118.63888855 -68.38000000
129.15801993 -116.00149315 -68.38000000
131.07419985 -113.36409775 -68.38000000
138.73891954 -102.81451614 -74.90000000
136.82273962 -105.45191154 -74.90000000
134.90655970 -108.08930694 -74.90000000
132.99037978 -110.72670235 -74.90000000
138.73891954 -102.81451614 -78.16000000
136.82273962 -105.45191154 -78.16000000
134.90655970 -108.08930694 -78.16000000
132.99037978 -110.72670235 -78.16000000
0.00000000 0.00000000 0.00000000
0.00000000 0.00000000 0.00000000
131.07419985 -113.36409775 -74.90000000
129.15801993 -116.00149315 -74.90000000
127.24184001 -118.63888855 -74.90000000
125.32566009 -121.27628395 -74.90000000
131.07419985 -113.36409775 -78.16000000
129.15801993 -116.00149315 -78.16000000
127.24184001 -118.63888855 -78.16000000
125.32566009 -121.27628395 -78.16000000
146.40363923 -92.26493453 -74.90000000
144.48745931 -94.90232994 -74.90000000
142.57127939 -97.53972534 -74.90000000
140.65509946 -100.17712074 -74.90000000
146.40363923 -92.26493453 -78.16000000
144.48745931 -94.90232994 -78.16000000
142.57127939 -97.53972534 -78.16000000
140.65509946 -100.17712074 -78.16000000
0.00000000 0.00000000 0.00000000
0.00000000 0.00000000 0.00000000
154.06835892 -81.71535293 -74.90000000
152.15217900 -84.35274833 -74.90000000
150.23599908 -86.99014373 -74.90000000
148.31981915 -89.62753913 -74.90000000
154.06835892 -81.71535293 -78.16000000
152.15217900 -84.35274833 -78.16000000
150.23599908 -86.99014373 -78.16000000
148.31981915 -89.62753913 -78.16000000
140.65509946 -100.17712074 -71.64000000
142.57127939 -97.53972534 -71.64000000
144.48745931 -94.90232994 -71.64000000
146.40363923 -92.26493453 -71.64000000
140.65509946 -100.17712074 -68.38000000
142.57127939 -97.53972534 -68.38000000
144.48745931 -94.90232994 -68.38000000
146.40363923 -92.26493453 -68.38000000
0.00000000 0.00000000 0.00000000
0.00000000 0.00000000 0.00000000
148.31981915 -89.62753913 -71.64000000
150.23599908 -86.99014373 -71.64000000
152.15217900 -84.35274833 -71.64000000
154.06835892 -81.71535293 -71.64000000
148.31981915 -89.62753913 -68.38000000
150.23599908 -86.99014373 -68.38000000
152.15217900 -84.35274833 -68.38000000
154.06835892 -81.71535293 -68.38000000
146.40363923 -92.26493453 -61.86000000
144.48745931 -94.90232994 -61.86000000
142.57127939 -97.53972534 -61.86000000
140.65509946 -100.17712074 -61.86000000
146.40363923 -92.26493453 -65.12000000
144.48745931 -94.90232994 -65.12000000
142.57127939 -97.53972534 -65.12000000
140.65509946 -100.17712074 -65.12000000
0.00000000 0.00000000 0.00000000
0.00000000 0.00000000 0.00000000
154.06835892 -81.71535293 -61.86000000
152.15217900 -84.35274833 -61.86000000
150.23599908 -86.99014373 -61.86000000
148.31981915 -89.62753913 -61.86000000
154.06835892 -81.71535293 -65.12000000
152.15217900 -84.35274833 -65.12000000
150.23599908 -86.99014373 -65.12000000
148.31981915 -89.62753913 -65.12000000
140.65509946 -100.17712074 -58.60000000
142.57127939 -97.53972534 -58.60000000
144.48745931 -94.90232994 -58.60000000
146.40363923 -92.26493453 -58.60000000
140.65509946 -100.17712074 -55.34000000
142.57127939 -97.53972534 -55.34000000
144.48745931 -94.90232994 -55.34000000
146.40363923 -92.26493453 -55.34000000
0.00000000 0.00000000 0.00000000
0.00000000 0.00000000 0.00000000
148.31981915 -89.62753913 -58.60000000
150.23599908 -86.99014373 -58.60000000
152.15217900 -84.35274833 -58.60000000
154.06835892 -81.71535293 -58.60000000
148.31981915 -89.62753913 -55.34000000
150.23599908 -86.99014373 -55.34000000
152.15217900 -84.35274833 -55.34000000
154.06835892 -81.71535293 -55.34000000
132.99037978 -110.72670235 -31.90000000
134.90655970 -108.08930694 -31.90000000
136.82273962 -105.45191154 -31.90000000
138.73891954 -102.81451614 -31.90000000
132.99037978 -110.72670235 -28.64000000
134.90655970 -108.08930694 -28.64000000
136.82273962 -105.45191154 -28.64000000
138.73891954 -102.81451614 -28.64000000
0.00000000 0.00000000 0.00000000
0.00000000 0.00000000 0.00000000
125.32566009 -121.27628395 -31.90000000
127.24184001 -118.63888855 -31.90000000
129.15801993 -116.00149315 -31.90000000
131.07419985 -113.36409775 -31.90000000
125.32566009 -121.27628395 -28.64000000
127.24184001 -118.63888855 -28.64000000
129.15801993 -116.00149315 -28.64000000
131.07419985 -113.36409775 -28.64000000
138.73891954 -102.81451614 -35.16000000
136.82273962 -105.45191154 -35.16000000
134.90655970 -108.08930694 -35.16000000
132.99037978 -110.72670235 -35.16000000
138.73891954 -102.81451614 -38.42000000
136.82273962 -105.45191154 -38.42000000
134.90655970 -108.08930694 -38.42000000
132.99037978 -110.72670235 -38.42000000
0.00000000 0.00000000 0.00000000
0.00000000 0.00000000 0.00000000
131.07419985 -113.36409775 -35.16000000
129.15801993 -116.00149315 -35.16000000
127.24184001 -118.63888855 -35.16000000
125.32566009 -121.27628395 -35.16000000
131.07419985 -113.36409775 -38.42000000
129.15801993 -116.00149315 -38.42000000
127.24184001 -118.63888855 -38.42000000
125.32566009 -121.27628395 -38.42000000
132.99037978 -110.72670235 -44.94000000
134.90655970 -108.08930694 -44.94000000
136.82273962 -105.45191154 -44.94000000
138.73891954 -102.81451614 -44.94000000
132.99037978 -110.72670235 -41.68000000
134.90655970 -108.08930694 -41.68000000
136.82273962 -105.45191154 -41.68000000
138.73891954 -102.81451614 -41.68000000
0.00000000 0.00000000 0.00000000
0.00000000 0.00000000 0.00000000
125.32566009 -121.27628395 -44.94000000
127.24184001 -118.63888855 -44.94000000
129.15801993 -116.00149315 -44.94000000
131.07419985 -113.36409775 -44.94000000
125.32566009 -121.27628395 -41.68000000
127.24184001 -118.63888855 -41.68000000
129.15801993 -116.00149315 -41.68000000
131.07419985 -113.36409775 -41.68000000
138.73891954 -102.81451614 -48.20000000
136.82273962 -105.45191154 -48.20000000
134.90655970 -108.08930694 -48.20000000
132.99037978 -110.72670235 -48.20000000
138.73891954 -102.81451614 -51.46000000
136.82273962 -105.45191154 -51.46000000
134.90655970 -108.08930694 -51.46000000
132.99037978 -110.72670235 -51.46000000
0.00000000 0.00000000 0.00000000
0.00000000 0.00000000 0.00000000
131.07419985 -113.36409775 -48.20000000
129.15801993 -116.00149315 -48.20000000
127.24184001 -118.63888855 -48.20000000
125.32566009 -121.27628395 -48.20000000
131.07419985 -113.36409775 -51.46000000
129.15801993 -116.00149315 -51.46000000
127.24184001 -118.63888855 -51.46000000
125.32566009 -121.27628395 -51.46000000
146.40363923 -92.26493453 -48.20000000
144.48745931 -94.90232994 -48.20000000
142.57127939 -97.53972534 -48.20000000
140.65509946 -100.17712074 -48.20000000
146.40363923 -92.26493453 -51.46000000
144.48745931 -94.90232994 -51.46000000
142.57127939 -97.53972534 -51.46000000
140.65509946 -100.17712074 -51.46000000
0.00000000 0.00000000 0.00000000
0.00000000 0.00000000 0.00000000
154.06835892 -81.71535293 -48.20000000
152.15217900 -84.35274833 -48.20000000
150.23599908 -86.99014373 -48.20000000
148.31981915 -89.62753913 -48.20000000
154.06835892 -81.71535293 -51.46000000
152.15217900 -84.35274833 -51.46000000
150.23599908 -86.99014373 -51.46000000
148.31981915 -89.62753913 -51.46000000
140.65509946 -100.17712074 -44.94000000
142.57127939 -97.53972534 -44.94000000
144.48745931 -94.90232994 -44.94000000
146.40363923 -92.26493453 -44.94000000
140.65509946 -100.17712074 -41.68000000
142.57127939 -97.53972534 -41.68000000
144.48745931 -94.90232994 -41.68000000
146.40363923 -92.26493453 -41.68000000
0.00000000 0.00000000 0.00000000
0.00000000 0.00000000 0.00000000
148.31981915 -89.62753913 -44.94000000
150.23599908 -86.99014373 -44.94000000
152.15217900 -84.35274833 -44.94000000
154.06835892 -81.71535293 -44.94000000
148.31981915 -89.62753913 -41.68000000
150.23599908 -86.99014373 -41.68000000
152.15217900 -84.35274833 -41.68000000
154.06835892 -81.71535293 -41.68000000
146.40363923 -92.26493453 -35.16000000
144.48745931 -94.90232994 -35.16000000
142.57127939 -97.53972534 -35.16000000
140.65509946 -100.17712074 -35.16000000
146.40363923 -92.26493453 -38.42000000
144.48745931 -94.90232994 -38.42000000
142.57127939 -97.53972534 -38.42000000
140.65509946 -100.17712074 -38.42000000
0.00000000 0.00000000 0.00000000
0.00000000 0.00000000 0.00000000
154.06835892 -81.71535293 -35.16000000
152.15217900 -84.35274833 -35.16000000
150.23599908 -86.99014373 -35.16000000
148.31981915 -89.62753913 -35.16000000
154.06835892 -81.71535293 -38.42000000
152.15217900 -84.35274833 -38.42000000
150.23599908 -86.99014373 -38.42000000
148.31981915 -89.62753913 -38.42000000
140.65509946 -100.17712074 -31.90000000
142.57127939 -97.53972534 -31.90000000
144.48745931 -94.90232994 -31.90000000
146.40363923 -92.26493453 -31.90000000
140.65509946 -100.17712074 -28.64000000
142.57127939 -97.53972534 -28.64000000
144.48745931 -94.90232994 -28.64000000
146.40363923 -92.26493453 -28.64000000
0.00000000 0.00000000 0.00000000
0.00000000 0.00000000 0.00000000
148.31981915 -89.62753913 -31.90000000
150.23599908 -86.99014373 -31.90000000
152.15217900 -84.35274833 -31.90000000
154.06835892 -81.71535293 -31.90000000
148.31981915 -89.62753913 -28.64000000
150.23599908 -86.99014373 -28.64000000
152.15217900 -84.35274833 -28.64000000
154.06835892 -81.71535293 -28.64000000
132.99037978 -110.72670235 -5.20000000
134.90655970 -108.08930694 -5.20000000
136.82273962 -105.45191154 -5.20000000
138.73891954 -102.81451614 -5.20000000
132.99037978 -110.72670235 -1.94000000
134.90655970 -108.08930694 -1.94000000
136.82273962 -105.45191154 -1.94000000
138.73891954 -102.81451614 -1.94000000
0.00000000 0.00000000 0.00000000
0.00000000 0.00000000 0.00000000
125.32566009 -121.27628395 -5.20000000
127.24184001 -118.63888855 -5.20000000
129.15801993 -116.00149315 -5.20000000
131.07419985 -113.36409775 -5.20000000
125.32566009 -121.27628395 -1.94000000
127.24184001 -118.63888855 -1.94000000
129.15801993 -116.00149315 -1.94000000
131.07419985 -113.36409775 -1.94000000
138.73891954 -102.81451614 -8.46000000
136.82273962 -105.45191154 -8.46000000
134.90655970 -108.08930694 -8.46000000
132.99037978 -110.72670235 -8.46000000
138.73891954 -102.81451614 -11.72000000
136.82273962 -105.45191154 -11.72000000
134.90655970 -108.08930694 -11.72000000
132.99037978 -110.72670235 -11.72000000
0.00000000 0.00000000 0.00000000
0.00000000 0.00000000 0.00000000
131.07419985 -113.36409775 -8.46000000
129.15801993 -116.00149315 -8.46000000
127.24184001 -118.63888855 -8.46000000
125.32566009 -121.27628395 -8.46000000
131.07419985 -113.36409775 -11.72000000
129.15801993 -116.00149315 -11.72000000
127.24184001 -118.63888855 -11.72000000
125.32566009 -121.27628395 -11.72000000
132.99037978 -110.72670235 -18.24000000
134.90655970 -108.08930694 -18.24000000
136.82273962 -105.45191154 -18.24000000
138.73891954 -102.81451614 -18.24000000
132.99037978 -110.72670235 -14.98000000
134.90655970 -108.08930694 -14.98000000
136.82273962 -105.45191154 -14.98000000
138.73891954 -102.81451614 -14.98000000
0.00000000 0.00000000 0.00000000
0.00000000 0.00000000 0.00000000
125.32566009 -121.27628395 -18.24000000
127.24184001 -118.63888855 -18.24000000
129.15801993 -116.00149315 -18.24000000
131.07419985 -113.36409775 -18.24000000
125.32566009 -121.27628395 -14.98000000
127.24184001 -118.63888855 -14.98000000
129.15801993 -116.00149315 -14.98000000
131.07419985 -113.36409775 -14.98000000
138.73891954 -102.81451614 -21.50000000
136.82273962 -105.45191154 -21.50000000
134.90655970 -108.08930694 -21.50000000
132.99037978 -110.72670235 -21.50000000
138.73891954 -102.81451614 -24.76000000
136.82273962 -105.45191154 -24.76000000
134.90655970 -108.08930694 -24.76000000
132.99037978 -110.72670235 -24.76000000
0.00000000 0.00000000 0.00000000
0.00000000 0.00000000 0.00000000
131.07419985 -113.36409775 -21.50000000
129.15801993 -116.00149315 -21.50000000
127.24184001 -118.63888855 -21.50000000
125.32566009 -121.27628395 -21.50000000
131.07419985 -113.36409775 -24.76000000
129.15801993 -116.00149315 -24.76000000
127.24184001 -118.63888855 -24.76000000
125.32566009 -121.27628395 -24.76000000
146.40363923 -92.26493453 -21.50000000
144.48745931 -94.90232994 -21.50000000
142.57127939 -97.53972534 -21.50000000
140.65509946 -100.17712074 -21.50000000
146.40363923 -92.26493453 -24.76000000
144.48745931 -94.90232994 -24.76000000
142.57127939 -97.53972534 -24.76000000
140.65509946 -100.17712074 -24.76000000
0.00000000 0.00000000 0.00000000
0.00000000 0.00000000 0.00000000
154.06835892 -81.71535293 -21.50000000
152.15217900 -84.35274833 -21.50000000
150.23599908 -86.99014373 -21.50000000
148.31981915 -89.62753913 -21.50000000
154.06835892 -81.71535293 -24.76000000
152.15217900 -84.35274833 -24.76000000
150.23599908 -86.99014373 -24.76000000
148.31981915 -89.62753913 -24.76000000
140.65509946 -100.17712074 -18.24000000
142.57127939 -97.53972534 -18.24000000
144.48745931 -94.90232994 -18.24000000
146.40363923 -92.26493453 -18.24000000
140.65509946 -100.17712074 -14.98000000
142.57127939 -97.53972534 -14.98000000
144.48745931 -94.90232994 -14.98000000
146.40363923 -92.26493453 -14.98000000
0.00000000 0.00000000 0.00000000
0.00000000 0.00000000 0.00000000
148.31981915 -89.62753913 -18.24000000
150.23599908 -86.99014373 -18.24000000
152.15217900 -84.35274833 -18.24000000
154.06835892 -81.71535293 -18.24000000
148.31981915 -89.62753913 -14.98000000
150.23599908 -86.99014373 -14.98000000
152.15217900 -84.35274833 -14.98000000
154.06835892 -81.71535293 -14.98000000
146.40363923 -92.26493453 -8.46000000
144.48745931 -94.90232994 -8.46000000
142.57127939 -97.53972534 -8.46000000
140.65509946 -100.17712074 -8.46000000
146.40363923 -92.26493453 -11.72000000
144.48745931 -94.90232994 -11.72000000
142.57127939 -97.53972534 -11.72000000
140.65509946 -100.17712074 -11.72000000
0.00000000 0.00000000 0.00000000
0.00000000 0.00000000 0.00000000
154.06835892 -81.71535293 -8.46000000
152.15217900 -84.35274833 -8.46000000
150.23599908 -86.99014373 -8.46000000
148.31981915 -89.62753913 -8.46000000
154.06835892 -81.71535293 -11.72000000
152.15217900 -84.35274833 -11.72000000
150.23599908 -86.99014373 -11.72000000
148.31981915 -89.62753913 -11.72000000
140.65509946 -100.17712074 -5.20000000
142.57127939 -97.53972534 -5.20000000
144.48745931 -94.90232994 -5.20000000
146.40363923 -92.26493453 -5.20000000
140.65509946 -100.17712074 -1.94000000
142.57127939 -97.53972534 -1.94000000
144.48745931 -94.90232994 -1.94000000
146.40363923 -92.26493453 -1.94000000
0.00000000 0.00000000 0.00000000
0.00000000 0.00000000 0.00000000
148.31981915 -89.62753913 -5.20000000
150.23599908 -86.99014373 -5.20000000
152.15217900 -84.35274833 -5.20000000
154.06835892 -81.71535293 -5.20000000
148.31981915 -89.62753913 -1.94000000
150.23599908 -86.99014373 -1.94000000
152.15217900 -84.35274833 -1.94000000
154.06835892 -81.71535293 -1.94000000
132.99037978 -110.72670235 21.50000000
134.90655970 -108.08930694 21.50000000
136.82273962 -105.45191154 21.50000000
138.73891954 -102.81451614 21.50000000
132.99037978 -110.72670235 24.76000000
134.90655970 -108.08930694 24.76000000
136.82273962 -105.45191154 24.76000000
138.73891954 -102.81451614 24.76000000
0.00000000 0.00000000 0.00000000
0.00000000 0.00000000 0.00000000
125.32566009 -121.27628395 21.50000000
127.24184001 -118.63888855 21.50000000
129.15801993 -116.00149315 21.50000000
131.07419985 -113.36409775 21.50000000
125.32566009 -121.27628395 24.76000000
127.24184001 -118.63888855 24.76000000
129.15801993 -116.00149315 24.76000000
131.07419985 -113.36409775 24.76000000
138.73891954 -102.81451614 18.24000000
136.82273962 -105.45191154 18.24000000
134.90655970 -108.08930694 18.24000000
132.99037978 -110.72670235 18.24000000
138.73891954 -102.81451614 14.98000000
136.82273962 -105.45191154 14.98000000
134.90655970 -108.08930694 14.98000000
132.99037978 -110.72670235 14.98000000
0.00000000 0.00000000 0.00000000
0.00000000 0.00000000 0.00000000
131.07419985 -113.36409775 18.24000000
129.15801993 -116.00149315 18.24000000
127.24184001 -118.63888855 18.24000000
125.32566009 -121.27628395 18.24000000
131.07419985 -113.36409775 14.98000000
129.15801993 -116.00149315 14.98000000
127.24184001 -118.63888855 14.98000000
125.32566009 -121.27628395 14.98000000
132.99037978 -110.72670235 8.46000000
134.90655970 -108.08930694 8.46000000
136.82273962 -105.45191154 8.46000000
138.73891954 -102.81451614 8.46000000
132.99037978 -110.72670235 11.72000000
134.90655970 -108.08930694 11.72000000
136.82273962 -105.45191154 11.72000000
138.73891954 -102.81451614 11.72000000
0.00000000 0.00000000 0.00000000
0.00000000 0.00000000 0.00000000
125.32566009 -121.27628395 8.46000000
127.24184001 -118.63888855 8.46000000
129.15801993 -116.00149315 8.46000000
131.07419985 -113.36409775 8.46000000
125.32566009 -121.27628395 11.72000000
127.24184001 -118.63888855 11.72000000
129.15801993 -116.00149315 11.72000000
131.07419985 -113.36409775 11.72000000
138.73891954 -102.81451614 5.20000000
136.82273962 -105.45191154 5.20000000
134.90655970 -108.08930694 5.20000000
132.99037978 -110.72670235 5.20000000
138.73891954 -102.81451614 1.94000000
136.82273962 -105.45191154 1.94000000
134.90655970 -108.08930694 1.94000000
132.99037978 -110.72670235 1.94000000
0.00000000 0.00000000 0.00000000
0.00000000 0.00000000 0.00000000
131.07419985 -113.36409775 5.20000000
129.15801993 -116.00149315 5.20000000
127.24184001 -118.63888855 5.20000000
125.32566009 -121.27628395 5.20000000
131.07419985 -113.36409775 1.94000000
129.15801993 -116.00149315 1.94000000
127.24184001 -118.63888855 1.94000000
125.32566009 -121.27628395 1.94000000
146.40363923 -92.26493453 5.20000000
144.48745931 -94.90232994 5.20000000
142.57127939 -97.53972534 5.20000000
140.65509946 -100.17712074 5.20000000
146.40363923 -92.26493453 1.94000000
144.48745931 -94.90232994 1.94000000
142.57127939 -97.53972534 1.94000000
140.65509946 -100.17712074 1.94000000
0.00000000 0.00000000 0.00000000
0.00000000 0.00000000 0.00000000
154.06835892 -81.71535293 5.20000000
152.15217900 -84.35274833 5.20000000
150.23599908 -86.99014373 5.20000000
148.31981915 -89.62753913 5.20000000
154.06835892 -81.71535293 1.94000000
152.15217900 -84.35274833 1.94000000
150.23599908 -86.99014373 1.94000000
148.31981915 -89.62753913 1.94000000
140.65509946 -100.17712074 8.46000000
142.57127939 -97.53972534 8.46000000
144.48745931 -94.90232994 8.46000000
146.40363923 -92.26493453 8.46000000
140.65509946 -100.17712074 11.72000000
142.57127939 -97.53972534 11.72000000
144.48745931 -94.90232994 11.72000000
146.40363923 -92.26493453 11.72000000
0.00000000 0.00000000 0.00000000
0.00000000 0.00000000 0.00000000
148.31981915 -89.62753913 8.46000000
150.23599908 -86.99014373 8.46000000
152.15217900 -84.35274833 8.46000000
154.06835892 -81.71535293 8.46000000
148.31981915 -89.62753913 11.72000000
150.23599908 -86.99014373 11.72000000
152.15217900 -84.35274833 11.72000000
154.06835892 -81.71535293 11.72000000
146.40363923 -92.26493453 18.24000000
144.48745931 -94.90232994 18.24000000
142.57127939 -97.53972534 18.24000000
140.65509946 -100.17712074 18.24000000
146.40363923 -92.26493453 14.98000000
144.48745931 -94.90232994 14.98000000
142.57127939 -97.53972534 14.98000000
140.65509946 -100.17712074 14.98000000
0.00000000 0.00000000 0.00000000
0.00000000 0.00000000 0.00000000
154.06835892 -81.71535293 18.24000000
152.15217900 -84.35274833 18.24000000
150.23599908 -86.99014373 18.24000000
148.31981915 -89.62753913 18.24000000
154.06835892 -81.71535293 14.98000000
152.15217900 -84.35274833 14.98000000
150.23599908 -86.99014373 14.98000000
148.31981915 -89.62753913 14.98000000
140.65509946 -100.17712074 21.50000000
142.57127939 -97.53972534 21.50000000
144.48745931 -94.90232994 21.50000000
146.40363923 -92.26493453 21.50000000
140.65509946 -100.17712074 24.76000000
142.57127939 -97.53972534 24.76000000
144.48745931 -94.90232994 24.76000000
146.40363923 -92.26493453 24.76000000
0.00000000 0.00000000 0.00000000
0.00000000 0.00000000 0.00000000
148.31981915 -89.62753913 21.50000000
150.23599908 -86.99014373 21.50000000
152.15217900 -84.35274833 21.50000000
154.06835892 -81.71535293 21.50000000
148.31981915 -89.62753913 24.76000000
150.23599908 -86.99014373 24.76000000
152.15217900 -84.35274833 24.76000000
154.06835892 -81.71535293 24.76000000
132.99037978 -110.72670235 48.20000000
134.90655970 -108.08930694 48.20000000
136.82273962 -105.45191154 48.20000000
138.73891954 -102.81451614 48.20000000
132.99037978 -110.72670235 51.46000000
134.90655970 -108.08930694 51.46000000
136.82273962 -105.45191154 51.46000000
138.73891954 -102.81451614 51.46000000
0.00000000 0.00000000 0.00000000
0.00000000 0.00000000 0.00000000
125.32566009 -121.27628395 48.20000000
127.24184001 -118.63888855 48.20000000
129.15801993 -116.00149315 48.20000000
131.07419985 -113.36409775 48.20000000
125.32566009 -121.27628395 51.46000000
127.24184001 -118.63888855 51.46000000
129.15801993 -116.00149315 51.46000000
131.07419985 -113.36409775 51.46000000
138.73891954 -102.81451614 44.94000000
136.82273962 -105.45191154 44.94000000
134.90655970 -108.08930694 44.94000000
132.99037978 -110.72670235 44.94000000
138.73891954 -102.81451614 41.68000000
136.82273962 -105.45191154 41.68000000
134.90655970 -108.08930694 41.68000000
132.99037978 -110.72670235 41.68000000
0.00000000 0.00000000 0.00000000
0.00000000 0.00000000 0.00000000
131.07419985 -113.36409775 44.94000000
129.15801993 -116.00149315 44.94000000
127.24184001 -118.63888855 44.94000000
125.32566009 -121.27628395 44.94000000
131.07419985 -113.36409775 41.68000000
129.15801993 -116.00149315 41.68000000
127.24184001 -118.63888855 41.68000000
125.32566009 -121.27628395 41.68000000
132.99037978 -110.72670235 35.16000000
134.90655970 -108.08930694 35.16000000
136.82273962 -105.45191154 35.16000000
138.73891954 -102.81451614 35.16000000
132.99037978 -110.72670235 38.42000000
134.90655970 -108.08930694 38.42000000
136.82273962 -105.45191154 38.42000000
138.73891954 -102.81451614 38.42000000
0.00000000 0.00000000 0.00000000
0.00000000 0.00000000 0.00000000
125.32566009 -121.27628395 35.16000000
127.24184001 -118.63888855 35.16000000
129.15801993 -116.00149315 35.16000000
131.07419985 -113.36409775 35.16000000
125.32566009 -121.27628395 38.42000000
127.24184001 -118.63888855 38.42000000
129.15801993 -116.00149315 38.42000000
131.07419985 -113.36409775 38.42000000
138.73891954 -102.81451614 31.90000000
136.82273962 -105.45191154 31.90000000
134.90655970 -108.08930694 31.90000000
132.99037978 -110.72670235 31.90000000
138.73891954 -102.81451614 28.64000000
136.82273962 -105.45191154 28.64000000
134.90655970 -108.08930694 28.64000000
132.99037978 -110.72670235 28.64000000
0.00000000 0.00000000 0.00000000
0.00000000 0.00000000 0.00000000
131.07419985 -113.36409775 31.90000000
129.15801993 -116.00149315 31.90000000
127.24184001 -118.63888855 31.90000000
125.32566009 -121.27628395 31.90000000
131.07419985 -113.36409775 28.64000000
129.15801993 -116.00149315 28.64000000
127.24184001 -118.63888855 28.64000000
125.32566009 -121.27628395 28.64000000
146.40363923 -92.26493453 31.90000000
144.48745931 -94.90232994 31.90000000
142.57127939 -97.53972534 31.90000000
140.65509946 -100.17712074 31.90000000
146.40363923 -92.26493453 28.64000000
144.48745931 -94.90232994 28.64000000
142.57127939 -97.53972534 28.64000000
140.65509946 -100.17712074 28.64000000
0.00000000 0.00000000 0.00000000
0.00000000 0.00000000 0.00000000
154.06835892 -81.71535293 31.90000000
152.15217900 -84.35274833 31.90000000
150.23599908 -86.99014373 31.90000000
148.31981915 -89.62753913 31.90000000
154.06835892 -81.71535293 28.64000000
152.15217900 -84.35274833 28.64000000
150.23599908 -86.99014373 28.64000000
148.31981915 -89.62753913 28.64000000
140.65509946 -100.17712074 35.16000000
142.57127939 -97.53972534 35.16000000
144.48745931 -94.90232994 35.16000000
146.40363923 -92.26493453 35.16000000
140.65509946 -100.17712074 38.42000000
142.57127939 -97.53972534 38.42000000
144.48745931 -94.90232994 38.42000000
146.40363923 -92.26493453 38.42000000
0.00000000 0.00000000 0.00000000
0.00000000 0.00000000 0.00000000
148.31981915 -89.62753913 35.16000000
150.23599908 -86.99014373 35.16000000
152.15217900 -84.35274833 35.16000000
154.06835892 -81.71535293 35.16000000
148.31981915 -89.62753913 38.42000000
150.23599908 -86.99014373 38.42000000
152.15217900 -84.35274833 38.42000000
154.06835892 -81.71535293 38.42000000
146.40363923 -92.26493453 44.94000000
144.48745931 -94.90232994 44.94000000
142.57127939 -97.53972534 44.94000000
140.65509946 -100.17712074 44.94000000
146.40363923 -92.26493453 41.68000000
144.48745931 -94.90232994 41.68000000
142.57127939 -97.53972534 41.68000000
140.65509946 -100.17712074 41.68000000
0.00000000 0.00000000 0.00000000
0.00000000 0.00000000 0.00000000
154.06835892 -81.71535293 44.94000000
152.15217900 -84.35274833 44.94000000
150.23599908 -86.99014373 44.94000000
148.31981915 -89.62753913 44.94000000
154.06835892 -81.71535293 41.68000000
152.15217900 -84.35274833 41.68000000
150.23599908 -86.99014373 41.68000000
148.31981915 -89.62753913 41.68000000
140.65509946 -100.17712074 48.20000000
142.57127939 -97.53972534 48.20000000
144.48745931 -94.90232994 48.20000000
146.40363923 -92.26493453 48.20000000
140.65509946 -100.17712074 51.46000000
142.57127939 -97.53972534 51.46000000
144.48745931 -94.90232994 51.46000000
146.40363923 -92.26493453 51.46000000
0.00000000 0.00000000 0.00000000
0.00000000 0.00000000 0.00000000
148.31981915 -89.62753913 48.20000000
150.23599908 -86.99014373 48.20000000
152.15217900 -84.35274833 48.20000000
154.06835892 -81.71535293 48.20000000
148.31981915 -89.62753913 51.46000000
150.23599908 -86.99014373 51.46000000
152.15217900 -84.35274833 51.46000000
154.06835892 -81.71535293 51.46000000
132.99037978 -110.72670235 74.90000000
134.90655970 -108.08930694 74.90000000
136.82273962 -105.45191154 74.90000000
138.73891954 -102.81451614 74.90000000
132.99037978 -110.72670235 78.16000000
134.90655970 -108.08930694 78.16000000
136.82273962 -105.45191154 78.16000000
138.73891954 -102.81451614 78.16000000
0.00000000 0.00000000 0.00000000
0.00000000 0.00000000 0.00000000
125.32566009 -121.27628395 74.90000000
127.24184001 -118.63888855 74.90000000
129.15801993 -116.00149315 74.90000000
131.07419985 -113.36409775 74.90000000
125.32566009 -121.27628395 78.16000000
127.24184001 -118.63888855 78.16000000
129.15801993 -116.00149315 78.16000000
131.07419985 -113.36409775 78.16000000
138.73891954 -102.81451614 71.64000000
136.82273962 -105.45191154 71.64000000
134.90655970 -108.08930694 71.64000000
132.99037978 -110.72670235 71.64000000
138.73891954 -102.81451614 68.38000000
136.82273962 -105.45191154 68.38000000
134.90655970 -108.08930694 68.38000000
132.99037978 -110.72670235 68.38000000
0.00000000 0.00000000 0.00000000
0.00000000 0.00000000 0.00000000
131.07419985 -113.36409775 71.64000000
129.15801993 -116.00149315 71.64000000
127.24184001 -118.63888855 71.64000000
125.32566009 -121.27628395 71.64000000
131.07419985 -113.36409775 68.38000000
129.15801993 -116.00149315 68.38000000
127.24184001 -118.63888855 68.38000000
125.32566009 -121.27628395 68.38000000
132.99037978 -110.72670235 61.86000000
134.90655970 -108.08930694 61.86000000
136.82273962 -105.45191154 61.86000000
138.73891954 -102.81451614 61.86000000
132.99037978 -110.72670235 65.12000000
134.90655970 -108.08930694 65.12000000
136.82273962 -105.45191154 65.12000000
138.73891954 -102.81451614 65.12000000
0.00000000 0.00000000 0.00000000
0.00000000 0.00000000 0.00000000
125.32566009 -121.27628395 61.86000000
127.24184001 -118.63888855 61.86000000
129.15801993 -116.00149315 61.86000000
131.07419985 -113.36409775 61.86000000
125.32566009 -121.27628395 65.12000000
127.24184001 -118.63888855 65.12000000
129.15801993 -116.00149315 65.12000000
131.07419985 -113.36409775 65.12000000
138.73891954 -102.81451614 58.60000000
136.82273962 -105.45191154 58.60000000
134.90655970 -108.08930694 58.60000000
132.99037978 -110.72670235 58.60000000
138.73891954 -102.81451614 55.34000000
136.82273962 -105.45191154 55.34000000
134.90655970 -108.08930694 55.34000000
132.99037978 -110.72670235 55.34000000
0.00000000 0.00000000 0.00000000
0.00000000 0.00000000 0.00000000
131.07419985 -113.36409775 58.60000000
129.15801993 -116.00149315 58.60000000
127.24184001 -118.63888855 58.60000000
125.32566009 -121.27628395 58.60000000
131.07419985 -113.36409775 55.34000000
129.15801993 -116.00149315 55.34000000
127.24184001 -118.63888855 55.34000000
125.32566009 -121.27628395 55.34000000
146.40363923 -92.26493453 58.60000000
144.48745931 -94.90232994 58.60000000
142.57127939 -97.53972534 58.60000000
140.65509946 -100.17712074 58.60000000
146.40363923 -92.26493453 55.34000000
144.48745931 -94.90232994 55.34000000
142.57127939 -97.53972534 55.34000000
140.65509946 -100.17712074 55.34000000
0.00000000 0.00000000 0.00000000
0.00000000 0.00000000 0.00000000
154.06835892 -81.71535293 58.60000000
152.15217900 -84.35274833 58.60000000
150.23599908 -86.99014373 58.60000000
148.31981915 -89.62753913 58.60000000
154.06835892 -81.71535293 55.34000000
152.15217900 -84.35274833 55.34000000
150.23599908 -86.99014373 55.34000000
148.31981915 -89.62753913 55.34000000
140.65509946 -100.17712074 61.86000000
142.57127939 -97.53972534 61.86000000
144.48745931 -94.90232994 61.86000000
146.40363923 -92.26493453 61.86000000
140.65509946 -100.17712074 65.12000000
142.57127939 -97.53972534 65.12000000
144.48745931 -94.90232994 65.12000000
146.40363923 -92.26493453 65.12000000
0.00000000 0.00000000 0.00000000
0.00000000 0.00000000 0.00000000
148.31981915 -89.62753913 61.86000000
150.23599908 -86.99014373 61.86000000
152.15217900 -84.35274833 61.86000000
154.06835892 -81.71535293 61.86000000
148.31981915 -89.62753913 65.12000000
150.23599908 -86.99014373 65.12000000
152.15217900 -84.35274833 65.12000000
154.06835892 -81.71535293 65.12000000
146.40363923 -92.26493453 71.64000000
144.48745931 -94.90232994 71.64000000
142.57127939 -97.53972534 71.64000000
140.65509946 -100.17712074 71.64000000
146.40363923 -92.26493453 68.38000000
144.48745931 -94.90232994 68.38000000
142.57127939 -97.53972534 68.38000000
140.65509946 -100.17712074 68.38000000
0.00000000 0.00000000 0.00000000
0.00000000 0.00000000 0.00000000
154.06835892 -81.71535293 71.64000000
152.15217900 -84.35274833 71.64000000
150.23599908 -86.99014373 71.64000000
148.31981915 -89.62753913 71.64000000
154.06835892 -81.71535293 68.38000000
152.15217900 -84.35274833 68.38000000
150.23599908 -86.99014373 68.38000000
148.31981915 -89.62753913 68.38000000
140.65509946 -100.17712074 74.90000000
142.57127939 -97.53972534 74.90000000
144.48745931 -94.90232994 74.90000000
146.40363923 -92.26493453 74.90000000
140.65509946 -100.17712074 78.16000000
142.57127939 -97.53972534 78.16000000
144.48745931 -94.90232994 78.16000000
146.40363923 -92.26493453 78.16000000
0.00000000 0.00000000 0.00000000
0.00000000 0.00000000 0.00000000
148.31981915 -89.62753913 74.90000000
150.23599908 -86.99014373 74.90000000
152.15217900 -84.35274833 74.90000000
154.06835892 -81.71535293 74.90000000
148.31981915 -89.62753913 78.16000000
150.23599908 -86.99014373 78.16000000
152.15217900 -84.35274833 78.16000000
154.06835892 -81.71535293 78.16000000
80.49381539 -153.19134900 -58.60000000
83.27342232 -151.48800368 -58.60000000
86.05302926 -149.78465836 -58.60000000
88.83263619 -148.08131304 -58.60000000
80.49381539 -153.19134900 -55.34000000
83.27342232 -151.48800368 -55.34000000
86.05302926 -149.78465836 -55.34000000
88.83263619 -148.08131304 -55.34000000
0.00000000 0.00000000 0.00000000
0.00000000 0.00000000 0.00000000
69.37538764 -160.00473029 -58.60000000
72.15499458 -158.30138497 -58.60000000
74.93460152 -156.59803965 -58.60000000
77.71420845 -154.89469432 -58.60000000
69.37538764 -160.00473029 -55.34000000
72.15499458 -158.30138497 -55.34000000
74.93460152 -156.59803965 -55.34000000
77.71420845 -154.89469432 -55.34000000
88.83263619 -148.08131304 -61.86000000
86.05302926 -149.78465836 -61.86000000
83.27342232 -151.48800368 -61.86000000
80.49381539 -153.19134900 -61.86000000
88.83263619 -148.08131304 -65.12000000
86.05302926 -149.78465836 -65.12000000
83.27342232 -151.48800368 -65.12000000
80.49381539 -153.19134900 -65.12000000
0.00000000 0.00000000 0.00000000
0.00000000 0.00000000 0.00000000
77.71420845 -154.89469432 -61.86000000
74.93460152 -156.59803965 -61.86000000
72.15499458 -158.30138497 -61.86000000
69.37538764 -160.00473029 -61.86000000
77.71420845 -154.89469432 -65.12000000
74.93460152 -156.59803965 -65.12000000
72.15499458 -158.30138497 -65.12000000
69.37538764 -160.00473029 -65.12000000
80.49381539 -153.19134900 -71.64000000
83.27342232 -151.48800368 -71.64000000
86.05302926 -149.78465836 -71.64000000
88.83263619 -148.08131304 -71.64000000
80.49381539 -153.19134900 -68.38000000
83.27342232 -151.48800368 -68.38000000
86.05302926 -149.78465836 -68.38000000
88.83263619 -148.08131304 -68.38000000
0.00000000 0.00000000 0.00000000
0.00000000 0.00000000 0.00000000
69.37538764 -160.00473029 -71.64000000
72.15499458 -158.30138497 -71.64000000
74.93460152 -156.59803965 -71.64000000
77.71420845 -154.89469432 -71.64000000
69.37538764 -160.00473029 -68.38000000
72.15499458 -158.30138497 -68.38000000
74.93460152 -156.59803965 -68.38000000
77.71420845 -154.89469432 -68.38000000
88.83263619 -148.08131304 -74.90000000
86.05302926 -149.78465836 -74.90000000
83.27342232 -151.48800368 -74.90000000
80.49381539 -153.19134900 -74.90000000
88.83263619 -148.08131304 -78.16000000
86.05302926 -149.78465836 -78.16000000
83.27342232 -151.48800368 -78.16000000
80.49381539 -153.19134900 -78.16000000
0.00000000 0.00000000 0.00000000
0.00000000 0.00000000 0.00000000
77.71420845 -154.89469432 -74.90000000
74.93460152 -156.59803965 -74.90000000
72.15499458 -158.30138497 -74.90000000
69.37538764 -160.00473029 -74.90000000
77.71420845 -154.89469432 -78.16000000
74.93460152 -156.59803965 -78.16000000
72.15499458 -158.30138497 -78.16000000
69.37538764 -160.00473029 -78.16000000
99.95106394 -141.26793176 -74.90000000
97.17145700 -142.97127708 -74.90000000
94.39185007 -144.67462240 -74.90000000
91.61224313 -146.37796772 -74.90000000
99.95106394 -141.26793176 -78.16000000
97.17145700 -142.97127708 -78.16000000
94.39185007 -144.67462240 -78.16000000
91.61224313 -146.37796772 -78.16000000
0.00000000 0.00000000 0.00000000
0.00000000 0.00000000 0.00000000
111.06949168 -134.45455047 -74.90000000
108.28988474 -136.15789579 -74.90000000
105.51027781 -137.86124111 -74.90000000
102.73067087 -139.56458644 -74.90000000
111.06949168 -134.45455047 -78.16000000
108.28988474 -136.15789579 -78.16000000
105.51027781 -137.86124111 -78.16000000
102.73067087 -139.56458644 -78.16000000
91.61224313 -146.37796772 -71.64000000
94.39185007 -144.67462240 -71.64000000
97.17145700 -142.97127708 -71.64000000
99.95106394 -141.26793176 -71.64000000
91.61224313 -146.37796772 -68.38000000
94.39185007 -144.67462240 -68.38000000
97.17145700 -142.97127708 -68.38000000
99.95106394 -141.26793176 -68.38000000
0.00000000 0.00000000 0.00000000
0.00000000 0.00000000 0.00000000
102.73067087 -139.56458644 -71.64000000
105.51027781 -137.86124111 -71.64000000
108.28988474 -136.15789579 -71.64000000
111.06949168 -134.45455047 -71.64000000
102.73067087 -139.56458644 -68.38000000
105.51027781 -137.86124111 -68.38000000
108.28988474 -136.15789579 -68.38000000
111.06949168 -134.45455047 -68.38000000
99.95106394 -141.26793176 -61.86000000
97.17145700 -142.97127708 -61.86000000
94.39185007 -144.67462240 -61.86000000
91.61224313 -146.37796772 -61.86000000
99.95106394 -141.26793176 -65.12000000
97.17145700 -142.97127708 -65.12000000
94.39185007 -144.67462240 -65.12000000
91.61224313 -146.37796772 -65.12000000
0.00000000 0.00000000 0.00000000
0.00000000 0.00000000 0.00000000
111.06949168 -134.45455047 -61.86000000
108.28988474 -136.15789579 -61.86000000
105.51027781 -137.86124111 -61.86000000
102.73067087 -139.56458644 -61.86000000
111.06949168 -134.45455047 -65.12000000
108.28988474 -136.15789579 -65.12000000
105.51027781 -137.86124111 -65.12000000
102.73067087 -139.56458644 -65.12000000
91.61224313 -146.37796772 -58.60000000
94.39185007 -144.67462240 -58.60000000
97.17145700 -142.97127708 -58.60000000
99.95106394 -141.26793176 -58.60000000
91.61224313 -146.37796772 -55.34000000
94.39185007 -144.67462240 -55.34000000
97.17145700 -142.97127708 -55.34000000
99.95106394 -141.26793176 -55.34000000
0.00000000 0.00000000 0.00000000
0.00000000 0.00000000 0.00000000
102.73067087 -139.56458644 -58.60000000
105.51027781 -137.86124111 -58.60000000
108.28988474 -136.15789579 -58.60000000
111.06949168 -134.45455047 -58.60000000
102.73067087 -139.56458644 -55.34000000
105.51027781 -137.86124111 -55.34000000
108.28988474 -136.15789579 -55.34000000
111.06949168 -134.45455047 -55.34000000
80.49381539 -153.19134900 -31.90000000
83.27342232 -151.48800368 -31.90000000
86.05302926 -149.78465836 -31.90000000
88.83263619 -148.08131304 -31.90000000
80.49381539 -153.19134900 -28.64000000
83.27342232 -151.48800368 -28.64000000
86.05302926 -149.78465836 -28.64000000
88.83263619 -148.08131304 -28.64000000
0.00000000 0.00000000 0.00000000
0.00000000 0.00000000 0.00000000
69.37538764 -160.00473029 -31.90000000
72.15499458 -158.30138497 -31.90000000
74.93460152 -156.59803965 -31.90000000
77.71420845 -154.89469432 -31.90000000
69.37538764 -160.00473029 -28.64000000
72.15499458 -158.30138497 -28.64000000
74.93460152 -156.59803965 -28.64000000
77.71420845 -154.89469432 -28.64000000
88.83263619 -148.08131304 -35.16000000
86.05302926 -149.78465836 -35.16000000
83.27342232 -151.48800368 -35.16000000
80.49381539 -153.19134900 -35.16000000
88.83263619 -148.08131304 -38.42000000
86.05302926 -149.78465836 -38.42000000
83.27342232 -151.48800368 -38.42000000
80.49381539 -153.19134900 -38.42000000
0.00000000 0.00000000 0.00000000
0.00000000 0.00000000 0.00000000
77.71420845 -154.89469432 -35.16000000
74.93460152 -156.59803965 -35.16000000
72.15499458 -158.30138497 -35.16000000
69.37538764 -160.00473029 -35.16000000
77.71420845 -154.89469432 -38.42000000
74.93460152 -156.59803965 -38.42000000
72.15499458 -158.30138497 -38.42000000
69.37538764 -160.00473029 -38.42000000
80.49381539 -153.19134900 -44.94000000
83.27342232 -151.48800368 -44.94000000
86.05302926 -149.78465836 -44.94000000
88.83263619 -148.08131304 -44.94000000
80.49381539 -153.19134900 -41.68000000
83.27342232 -151.48800368 -41.68000000
86.05302926 -149.78465836 -41.68000000
88.83263619 -148.08131304 -41.68000000
0.00000000 0.00000000 0.00000000
0.00000000 0.00000000 0.00000000
69.37538764 -160.00473029 -44.94000000
72.15499458 -158.30138497 -44.94000000
74.93460152 -156.59803965 -44.94000000
77.71420845 -154.89469432 -44.94000000
69.37538764 -160.00473029 -41.68000000
72.15499458 -158.30138497 -41.68000000
74.93460152 -156.59803965 -41.68000000
77.71420845 -154.89469432 -41.68000000
88.83263619 -148.08131304 -48.20000000
86.05302926 -149.78465836 -48.20000000
83.27342232 -151.48800368 -48.20000000
80.49381539 -153.19134900 -48.20000000
88.83263619 -148.08131304 -51.46000000
86.05302926 -149.78465836 -51.46000000
83.27342232 -151.48800368 -51.46000000
80.49381539 -153.19134900 -51.46000000
0.00000000 0.00000000 0.00000000
0.00000000 0.00000000 0.00000000
77.71420845 -154.89469432 -48.20000000
74.93460152 -156.59803965 -48.20000000
72.15499458 -158.30138497 -48.20000000
69.37538764 -160.00473029 -48.20000000
77.71420845 -154.89469432 -51.46000000
74.93460152 -156.59803965 -51.46000000
72.15499458 -158.30138497 -51.46000000
69.37538764 -160.00473029 -51.46000000
99.95106394 -141.26793176 -48.20000000
97.17145700 -142.97127708 -48.20000000
94.39185007 -144.67462240 -48.20000000
91.61224313 -146.37796772 -48.20000000
99.95106394 -141.26793176 -51.46000000
97.17145700 -142.97127708 -51.46000000
94.39185007 -144.67462240 -51.46000000
91.61224313 -146.37796772 -51.46000000
0.00000000 0.00000000 0.00000000
0.00000000 0.00000000 0.00000000
111.06949168 -134.45455047 -48.20000000
108.28988474 -136.15789579 -48.20000000
105.51027781 -137.86124111 -48.20000000
102.73067087 -139.56458644 -48.20000000
111.06949168 -134.45455047 -51.46000000
108.28988474 -136.15789579 -51.46000000
105.51027781 -137.86124111 -51.46000000
102.73067087 -139.56458644 -51.46000000
91.61224313 -146.37796772 -44.94000000
94.39185007 -144.67462240 -44.94000000
97.17145700 -142.97127708 -44.94000000
99.95106394 -141.26793176 -44.94000000
91.61224313 -146.37796772 -41.68000000
94.39185007 -144.67462240 -41.68000000
97.17145700 -142.97127708 -41.68000000
99.95106394 -141.26793176 -41.68000000
0.00000000 0.00000000 0.00000000
0.00000000 0.00000000 0.00000000
102.73067087 -139.56458644 -44.94000000
105.51027781 -137.86124111 -44.94000000
108.28988474 -136.15789579 -44.94000000
111.06949168 -134.45455047 -44.94000000
102.73067087 -139.56458644 -41.68000000
105.51027781 -137.86124111 -41.68000000
108.28988474 -136.15789579 -41.68000000
111.06949168 -134.45455047 -41.68000000
99.95106394 -141.26793176 -35.16000000
97.17145700 -142.97127708 -35.16000000
94.39185007 -144.67462240 -35.16000000
91.61224313 -146.37796772 -35.16000000
99.95106394 -141.26793176 -38.42000000
97.17145700 -142.97127708 -38.42000000
94.39185007 -144.67462240 -38.42000000
91.61224313 -146.37796772 -38.42000000
0.00000000 0.00000000 0.00000000
0.00000000 0.00000000 0.00000000
111.06949168 -134.45455047 -35.16000000
108.28988474 -136.15789579 -35.16000000
105.51027781 -137.86124111 -35.16000000
102.73067087 -139.56458644 -35.16000000
111.06949168 -134.45455047 -38.42000000
108.28988474 -136.15789579 -38.42000000
105.51027781 -137.86124111 -38.42000000
102.73067087 -139.56458644 -38.42000000
91.61224313 -146.37796772 -31.90000000
94.39185007 -144.67462240 -31.90000000
97.17145700 -142.97127708 -31.90000000
99.95106394 -141.26793176 -31.90000000
91.61224313 -146.37796772 -28.64000000
94.39185007 -144.67462240 -28.64000000
97.17145700 -142.97127708 -28.64000000
99.95106394 -141.26793176 -28.64000000
0.00000000 0.00000000 0.00000000
0.00000000 0.00000000 0.00000000
102.73067087 -139.56458644 -31.90000000
105.51027781 -137.86124111 -31.90000000
108.28988474 -136.15789579 -31.90000000
111.06949168 -134.45455047 -31.90000000
102.73067087 -139.56458644 -28.64000000
105.51027781 -137.86124111 -28.64000000
108.28988474 -136.15789579 -28.64000000
111.06949168 -134.45455047 -28.64000000
80.49381539 -153.19134900 -5.20000000
83.27342232 -151.48800368 -5.20000000
86.05302926 -149.78465836 -5.20000000
88.83263619 -148.08131304 -5.20000000
80.49381539 -153.19134900 -1.94000000
83.27342232 -151.48800368 -1.94000000
86.05302926 -149.78465836 -1.94000000
88.83263619 -148.08131304 -1.94000000
0.00000000 0.00000000 0.00000000
0.00000000 0.00000000 0.00000000
69.37538764 -160.00473029 -5.20000000
72.15499458 -158.30138497 -5.20000000
74.93460152 -156.59803965 -5.20000000
77.71420845 -154.89469432 -5.20000000
69.37538764 -160.00473029 -1.94000000
72.15499458 -158.30138497 -1.94000000
74.93460152 -156.59803965 -1.94000000
77.71420845 -154.89469432 -1.94000000
88.83263619 -148.08131304 -8.46000000
86.05302926 -149.78465836 -8.46000000
83.27342232 -151.48800368 -8.46000000
80.49381539 -153.19134900 -8.46000000
88.83263619 -148.08131304 -11.72000000
86.05302926 -149.78465836 -11.72000000
83.27342232 -151.48800368 -11.72000000
80.49381539 -153.19134900 -11.72000000
0.00000000 0.00000000 0.00000000
0.00000000 0.00000000 0.00000000
77.71420845 -154.89469432 -8.46000000
74.93460152 -156.59803965 -8.46000000
72.15499458 -158.30138497 -8.46000000
69.37538764 -160.00473029 -8.46000000
77.71420845 -154.89469432 -11.72000000
74.93460152 -156.59803965 -11.72000000
72.15499458 -158.30138497 -11.72000000
69.37538764 -160.00473029 -11.72000000
80.49381539 -153.19134900 -18.24000000
83.27342232 -151.48800368 -18.24000000
86.05302926 -149.78465836 -18.24000000
88.83263619 -148.08131304 -18.24000000
80.49381539 -153.19134900 -14.98000000
83.27342232 -151.48800368 -14.98000000
86.05302926 -149.78465836 -14.98000000
88.83263619 -148.08131304 -14.98000000
0.00000000 0.00000000 0.00000000
0.00000000 0.00000000 0.00000000
69.37538764 -160.00473029 -18.24000000
72.15499458 -158.30138497 -18.24000000
74.93460152 -156.59803965 -18.24000000
77.71420845 -154.89469432 -18.24000000
69.37538764 -160.00473029 -14.98000000
72.15499458 -158.30138497 -14.98000000
74.93460152 -156.59803965 -14.98000000
77.71420845 -154.89469432 -14.98000000
88.83263619 -148.08131304 -21.50000000
86.05302926 -149.78465836 -21.50000000
83.27342232 -151.48800368 -21.50000000
80.49381539 -153.19134900 -21.50000000
88.83263619 -148.08131304 -24.76000000
86.05302926 -149.78465836 -24.76000000
83.27342232 -151.48800368 -24.76000000
80.49381539 -153.19134900 -24.76000000
0.00000000 0.00000000 0.00000000
0.00000000 0.00000000 0.00000000
77.71420845 -154.89469432 -21.50000000
74.93460152 -156.59803965 -21.50000000
72.15499458 -158.30138497 -21.50000000
69.37538764 -160.00473029 -21.50000000
77.71420845 -154.89469432 -24.76000000
74.93460152 -156.59803965 -24.76000000
72.15499458 -158.30138497 -24.76000000
69.37538764 -160.00473029 -24.76000000
99.95106394 -141.26793176 -21.50000000
97.17145700 -142.97127708 -21.50000000
94.39185007 -144.67462240 -21.50000000
91.61224313 -146.37796772 -21.50000000
99.95106394 -141.26793176 -24.76000000
97.17145700 -142.97127708 -24.76000000
94.39185007 -144.67462240 -24.76000000
91.61224313 -146.37796772 -24.76000000
0.00000000 0.00000000 0.00000000
0.00000000 0.00000000 0.00000000
111.06949168 -134.45455047 -21.50000000
108.28988474 -136.15789579 -21.50000000
105.51027781 -137.86124111 -21.50000000
102.73067087 -139.56458644 -21.50000000
111.06949168 -134.45455047 -24.76000000
108.28988474 -136.15789579 -24.76000000
105.51027781 -137.86124111 -24.76000000
102.73067087 -139.56458644 -24.76000000
91.61224313 -146.37796772 -18.24000000
94.39185007 -144.67462240 -18.24000000
97.17145700 -142.97127708 -18.24000000
99.95106394 -141.26793176 -18.24000000
91.61224313 -146.37796772 -14.98000000
94.39185007 -144.67462240 -14.98000000
97.17145700 -142.97127708 -14.98000000
99.95106394 -141.26793176 -14.98000000
0.00000000 0.00000000 0.00000000
0.00000000 0.00000000 0.00000000
102.73067087 -139.56458644 -18.24000000
105.51027781 -137.86124111 -18.24000000
108.28988474 -136.15789579 -18.24000000
111.06949168 -134.45455047 -18.24000000
102.73067087 -139.56458644 -14.98000000
105.51027781 -137.86124111 -14.98000000
108.28988474 -136.15789579 -14.98000000
111.06949168 -134.45455047 -14.98000000
99.95106394 -141.26793176 -8.46000000
97.17145700 -142.97127708 -8.46000000
94.39185007 -144.67462240 -8.46000000
91.61224313 -146.37796772 -8.46000000
99.95106394 -141.26793176 -11.72000000
97.17145700 -142.97127708 -11.72000000
94.39185007 -144.67462240 -11.72000000
91.61224313 -146.37796772 -11.72000000
0.00000000 0.00000000 0.00000000
0.00000000 0.00000000 0.00000000
111.06949168 -134.45455047 -8.46000000
108.28988474 -136.15789579 -8.46000000
105.51027781 -137.86124111 -8.46000000
102.73067087 -139.56458644 -8.46000000
111.06949168 -134.45455047 -11.72000000
108.28988474 -136.15789579 -11.72000000
105.51027781 -137.86124111 -11.72000000
102.73067087 -139.56458644 -11.72000000
91.61224313 -146.37796772 -5.20000000
94.39185007 -144.67462240 -5.20000000
97.17145700 -142.97127708 -5.20000000
99.95106394 -141.26793176 -5.20000000
91.61224313 -146.37796772 -1.94000000
94.39185007 -144.67462240 -1.94000000
97.17145700 -142.97127708 -1.94000000
99.95106394 -141.26793176 -1.94000000
0.00000000 0.00000000 0.00000000
0.00000000 0.00000000 0.00000000
102.73067087 -139.56458644 -5.20000000
105.51027781 -137.86124111 -5.20000000
108.28988474 -136.15789579 -5.20000000
111.06949168 -134.45455047 -5.20000000
102.73067087 -139.56458644 -1.94000000
105.51027781 -137.86124111 -1.94000000
108.28988474 -136.15789579 -1.94000000
111.06949168 -134.45455047 -1.94000000
80.49381539 -153.19134900 21.50000000
83.27342232 -151.48800368 21.50000000
86.05302926 -149.78465836 21.50000000
88.83263619 -148.08131304 21.50000000
80.49381539 -153.19134900 24.76000000
83.27342232 -151.48800368 24.76000000
86.05302926 -149.78465836 24.76000000
88.83263619 -148.08131304 24.76000000
0.00000000 0.00000000 0.00000000
0.00000000 0.00000000 0.00000000
69.37538764 -160.00473029 21.50000000
72.15499458 -158.30138497 21.50000000
74.93460152 -156.59803965 21.50000000
77.71420845 -154.89469432 21.50000000
69.37538764 -160.00473029 24.76000000
72.15499458 -158.30138497 24.76000000
74.93460152 -156.59803965 24.76000000
77.71420845 -154.89469432 24.76000000
88.83263619 -148.08131304 18.24000000
86.05302926 -149.78465836 18.24000000
83.27342232 -151.48800368 18.24000000
80.49381539 -153.19134900 18.24000000
88.83263619 -148.08131304 14.98000000
86.05302926 -149.78465836 14.98000000
83.27342232 -151.48800368 14.98000000
80.49381539 -153.19134900 14.98000000
0.00000000 0.00000000 0.00000000
0.00000000 0.00000000 0.00000000
77.71420845 -154.89469432 18.24000000
74.93460152 -156.59803965 18.24000000
72.15499458 -158.30138497 18.24000000
69.37538764 -160.00473029 18.24000000
77.71420845 -154.89469432 14.98000000
74.93460152 -156.59803965 14.98000000
72.15499458 -158.30138497 14.98000000
69.37538764 -160.00473029 14.98000000
80.49381539 -153.19134900 8.46000000
83.27342232 -151.48800368 8.46000000
86.05302926 -149.78465836 8.46000000
88.83263619 -148.08131304 8.46000000
80.49381539 -153.19134900 11.72000000
83.27342232 -151.48800368 11.72000000
86.05302926 -149.78465836 11.72000000
88.83263619 -148.08131304 11.72000000
0.00000000 0.00000000 0.00000000
0.00000000 0.00000000 0.00000000
69.37538764 -160.00473029 8.46000000
72.15499458 -158.30138497 8.46000000
74.93460152 -156.59803965 8.46000000
77.71420845 -154.89469432 8.46000000
69.37538764 -160.00473029 11.72000000
72.15499458 -158.30138497 11.72000000
74.93460152 -156.59803965 11.72000000
77.71420845 -154.89469432 11.72000000
88.83263619 -148.08131304 5.20000000
86.05302926 -149.78465836 5.20000000
83.27342232 -151.48800368 5.20000000
80.49381539 -153.19134900 5.20000000
88.83263619 -148.08131304 1.94000000
86.05302926 -149.78465836 1.94000000
83.27342232 -151.48800368 1.94000000
80.49381539 -153.19134900 1.94000000
0.00000000 0.00000000 0.00000000
0.00000000 0.00000000 0.00000000
77.71420845 -154.89469432 5.20000000
74.93460152 -156.59803965 5.20000000
72.15499458 -158.30138497 5.20000000
69.37538764 -160.00473029 5.20000000
77.71420845 -154.89469432 1.94000000
74.93460152 -156.59803965 1.94000000
72.15499458 -158.30138497 1.94000000
69.37538764 -160.00473029 1.94000000
99.95106394 -141.26793176 5.20000000
97.17145700 -142.97127708 5.20000000
94.39185007 -144.67462240 5.20000000
91.61224313 -146.37796772 5.20000000
99.95106394 -141.26793176 1.94000000
97.17145700 -142.97127708 1.94000000
94.39185007 -144.67462240 1.94000000
91.61224313 -146.37796772 1.94000000
0.00000000 0.00000000 0.00000000
0.00000000 0.00000000 0.00000000
111.06949168 -134.45455047 5.20000000
108.28988474 -136.15789579 5.20000000
105.51027781 -137.86124111 5.20000000
102.73067087 -139.56458644 5.20000000
111.06949168 -134.45455047 1.94000000
108.28988474 -136.15789579 1.94000000
105.51027781 -137.86124111 1.94000000
102.73067087 -139.56458644 1.94000000
91.61224313 -146.37796772 8.46000000
94.39185007 -144.67462240 8.46000000
97.17145700 -142.97127708 8.46000000
99.95106394 -141.26793176 8.46000000
91.61224313 -146.37796772 11.72000000
94.39185007 -144.67462240 11.72000000
97.17145700 -142.97127708 11.72000000
99.95106394 -141.26793176 11.72000000
0.00000000 0.00000000 0.00000000
0.00000000 0.00000000 0.00000000
102.73067087 -139.56458644 8.46000000
105.51027781 -137.86124111 8.46000000
108.28988474 -136.15789579 8.46000000
111.06949168 -134.45455047 8.46000000
102.73067087 -139.56458644 11.72000000
105.51027781 -137.86124111 11.72000000
108.28988474 -136.15789579 11.72000000
111.06949168 -134.45455047 11.72000000
99.95106394 -141.26793176 18.24000000
97.17145700 -142.97127708 18.24000000
94.39185007 -144.67462240 18.24000000
91.61224313 -146.37796772 18.24000000
99.95106394 -141.26793176 14.98000000
97.17145700 -142.97127708 14.98000000
94.39185007 -144.67462240 14.98000000
91.61224313 -146.37796772 14.98000000
0.00000000 0.00000000 0.00000000
0.00000000 0.00000000 0.00000000
111.06949168 -134.45455047 18.24000000
108.28988474 -136.15789579 18.24000000
105.51027781 -137.86124111 18.24000000
102.73067087 -139.56458644 18.24000000
111.06949168 -134.45455047 14.98000000
108.28988474 -136.15789579 14.98000000
105.51027781 -137.86124111 14.98000000
102.73067087 -139.56458644 14.98000000
91.61224313 -146.37796772 21.50000000
94.39185007 -144.67462240 21.50000000
97.17145700 -142.97127708 21.50000000
99.95106394 -141.26793176 21.50000000
91.61224313 -146.37796772 24.76000000
94.39185007 -144.67462240 24.76000000
97.17145700 -142.97127708 24.76000000
99.95106394 -141.26793176 24.76000000
0.00000000 0.00000000 0.00000000
0.00000000 0.00000000 0.00000000
102.73067087 -139.56458644 21.50000000
105.51027781 -137.86124111 21.50000000
108.28988474 -136.15789579 21.50000000
111.06949168 -134.45455047 21.50000000
102.73067087 -139.56458644 24.76000000
105.51027781 -137.86124111 24.76000000
108.28988474 -136.15789579 24.76000000
111.06949168 -134.45455047 24.76000000
80.49381539 -153.19134900 48.20000000
83.27342232 -151.48800368 48.20000000
86.05302926 -149.78465836 48.20000000
88.83263619 -148.08131304 48.20000000
80.49381539 -153.19134900 51.46000000
83.27342232 -151.48800368 51.46000000
86.05302926 -149.78465836 51.46000000
88.83263619 -148.08131304 51.46000000
0.00000000 0.00000000 0.00000000
0.00000000 0.00000000 0.00000000
69.37538764 -160.00473029 48.20000000
72.15499458 -158.30138497 48.20000000
74.93460152 -156.59803965 48.20000000
77.71420845 -154.89469432 48.20000000
69.37538764 -160.00473029 51.46000000
72.15499458 -158.30138497 51.46000000
74.93460152 -156.59803965 51.46000000
77.71420845 -154.89469432 51.46000000
88.83263619 -148.08131304 44.94000000
86.05302926 -149.78465836 44.94000000
83.27342232 -151.48800368 44.94000000
80.49381539 -153.19134900 44.94000000
88.83263619 -148.08131304 41.68000000
86.05302926 -149.78465836 41.68000000
83.27342232 -151.48800368 41.68000000
80.49381539 -153.19134900 41.68000000
0.00000000 0.00000000 0.00000000
0.00000000 0.00000000 0.00000000
77.71420845 -154.89469432 44.94000000
74.93460152 -156.59803965 44.94000000
72.15499458 -158.30138497 44.94000000
69.37538764 -160.00473029 44.94000000
77.71420845 -154.89469432 41.68000000
74.93460152 -156.59803965 41.68000000
72.15499458 -158.30138497 41.68000000
69.37538764 -160.00473029 41.68000000
80.49381539 -153.19134900 35.16000000
83.27342232 -151.48800368 35.16000000
86.05302926 -149.78465836 35.16000000
88.83263619 -148.08131304 35.16000000
80.49381539 -153.19134900 38.42000000
83.27342232 -151.48800368 38.42000000
86.05302926 -149.78465836 38.42000000
88.83263619 -148.08131304 38.42000000
0.00000000 0.00000000 0.00000000
0.00000000 0.00000000 0.00000000
69.37538764 -160.00473029 35.16000000
72.15499458 -158.30138497 35.16000000
74.93460152 -156.59803965 35.16000000
77.71420845 -154.89469432 35.16000000
69.37538764 -160.00473029 38.42000000
72.15499458 -158.30138497 38.42000000
74.93460152 -156.59803965 38.42000000
77.71420845 -154.89469432 38.42000000
88.83263619 -148.08131304 31.90000000
86.05302926 -149.78465836 31.90000000
83.27342232 -151.48800368 31.90000000
80.49381539 -153.19134900 31.90000000
88.83263619 -148.08131304 28.64000000
86.05302926 -149.78465836 28.64000000
83.27342232 -151.48800368 28.64000000
80.49381539 -153.19134900 28.64000000
0.00000000 0.00000000 0.00000000
0.00000000 0.00000000 0.00000000
77.71420845 -154.89469432 31.90000000
74.93460152 -156.59803965 31.90000000
72.15499458 -158.30138497 31.90000000
69.37538764 -160.00473029 31.90000000
77.71420845 -154.89469432 28.64000000
74.93460152 -156.59803965 28.64000000
72.15499458 -158.30138497 28.64000000
69.37538764 -160.00473029 28.64000000
99.95106394 -141.26793176 31.90000000
97.17145700 -142.97127708 31.90000000
94.39185007 -144.67462240 31.90000000
91.61224313 -146.37796772 31.90000000
99.95106394 -141.26793176 28.64000000
97.17145700 -142.97127708 28.64000000
94.39185007 -144.67462240 28.64000000
91.61224313 -146.37796772 28.64000000
0.00000000 0.00000000 0.00000000
0.00000000 0.00000000 0.00000000
111.06949168 -134.45455047 31.90000000
108.28988474 -136.15789579 31.90000000
105.51027781 -137.86124111 31.90000000
102.73067087 -139.56458644 31.90000000
111.06949168 -134.45455047 28.64000000
108.28988474 -136.15789579 28.64000000
105.51027781 -137.86124111 28.64000000
102.73067087 -139.56458644 28.64000000
91.61224313 -146.37796772 35.16000000
94.39185007 -144.67462240 35.16000000
97.17145700 -142.97127708 35.16000000
99.95106394 -141.26793176 35.16000000
91.61224313 -146.37796772 38.42000000
94.39185007 -144.67462240 38.42000000
97.17145700 -142.97127708 38.42000000
99.95106394 -141.26793176 38.42000000
0.00000000 0.00000000 0.00000000
0.00000000 0.00000000 0.00000000
102.73067087 -139.56458644 35.16000000
105.51027781 -137.86124111 35.16000000
108.28988474 -136.15789579 35.16000000
111.06949168 -134.45455047 35.16000000
102.73067087 -139.56458644 38.42000000
105.51027781 -137.86124111 38.42000000
108.28988474 -136.15789579 38.42000000
111.06949168 -134.45455047 38.42000000
99.95106394 -141.26793176 44.94000000
97.17145700 -142.97127708 44.94000000
94.39185007 -144.67462240 44.94000000
91.61224313 -146.37796772 44.94000000
99.95106394 -141.26793176 41.68000000
97.17145700 -142.97127708 41.68000000
94.39185007 -144.67462240 41.68000000
91.61224313 -146.37796772 41.68000000
0.00000000 0.00000000 0.00000000
0.00000000 0.00000000 0.00000000
111.06949168 -134.45455047 44.94000000
108.28988474 -136.15789579 44.94000000
105.51027781 -137.86124111 44.94000000
102.73067087 -139.56458644 44.94000000
111.06949168 -134.45455047 41.68000000
108.28988474 -136.15789579 41.68000000
105.51027781 -137.86124111 41.68000000
102.73067087 -139.56458644 41.68000000
91.61224313 -146.37796772 48.20000000
94.39185007 -144.67462240 48.20000000
97.17145700 -142.97127708 48.20000000
99.95106394 -141.26793176 48.20000000
91.61224313 -146.37796772 51.46000000
94.39185007 -144.67462240 51.46000000
97.17145700 -142.97127708 51.46000000
99.95106394 -141.26793176 51.46000000
0.00000000 0.00000000 0.00000000
0.00000000 0.00000000 0.00000000
102.73067087 -139.56458644 48.20000000
105.51027781 -137.86124111 48.20000000
108.28988474 -136.15789579 48.20000000
111.06949168 -134.45455047 48.20000000
102.73067087 -139.56458644 51.46000000
105.51027781 -137.86124111 51.46000000
108.28988474 -136.15789579 51.46000000
111.06949168 -134.45455047 51.46000000
80.49381539 -153.19134900 74.90000000
83.27342232 -151.48800368 74.90000000
86.05302926 -149.78465836 74.90000000
88.83263619 -148.08131304 74.90000000
80.49381539 -153.19134900 78.16000000
83.27342232 -151.48800368 78.16000000
86.05302926 -149.78465836 78.16000000
88.83263619 -148.08131304 78.16000000
0.00000000 0.00000000 0.00000000
0.00000000 0.00000000 0.00000000
69.37538764 -160.00473029 74.90000000
72.15499458 -158.30138497 74.90000000
74.93460152 -156.59803965 74.90000000
77.71420845 -154.89469432 74.90000000
69.37538764 -160.00473029 78.16000000
72.15499458 -158.30138497 78.16000000
74.93460152 -156.59803965 78.16000000
77.71420845 -154.89469432 78.16000000
88.83263619 -148.08131304 71.64000000
86.05302926 -149.78465836 71.64000000
83.27342232 -151.48800368 71.64000000
80.49381539 -153.19134900 71.64000000
88.83263619 -148.08131304 68.38000000
86.05302926 -149.78465836 68.38000000
83.27342232 -151.48800368 68.38000000
80.49381539 -153.19134900 68.38000000
0.00000000 0.00000000 0.00000000
0.00000000 0.00000000 0.00000000
77.71420845 -154.89469432 71.64000000
74.93460152 -156.59803965 71.64000000
72.15499458 -158.30138497 71.64000000
69.37538764 -160.00473029 71.64000000
77.71420845 -154.89469432 68.38000000
74.93460152 -156.59803965 68.38000000
72.15499458 -158.30138497 68.38000000
69.37538764 -160.00473029 68.38000000
80.49381539 -153.19134900 61.86000000
83.27342232 -151.48800368 61.86000000
86.05302926 -149.78465836 61.86000000
88.83263619 -148.08131304 61.86000000
80.49381539 -153.19134900 65.12000000
83.27342232 -151.48800368 65.12000000
86.05302926 -149.78465836 65.12000000
88.83263619 -148.08131304 65.12000000
0.00000000 0.00000000 0.00000000
0.00000000 0.00000000 0.00000000
69.37538764 -160.00473029 61.86000000
72.15499458 -158.30138497 61.86000000
74.93460152 -156.59803965 61.86000000
77.71420845 -154.89469432 61.86000000
69.37538764 -160.00473029 65.12000000
72.15499458 -158.30138497 65.12000000
74.93460152 -156.59803965 65.12000000
77.71420845 -154.89469432 65.12000000
88.83263619 -148.08131304 58.60000000
86.05302926 -149.78465836 58.60000000
83.27342232 -151.48800368 58.60000000
80.49381539 -153.19134900 58.60000000
88.83263619 -148.08131304 55.34000000
86.05302926 -149.78465836 55.34000000
83.27342232 -151.48800368 55.34000000
80.49381539 -153.19134900 55.34000000
0.00000000 0.00000000 0.00000000
0.00000000 0.00000000 0.00000000
77.71420845 -154.89469432 58.60000000
74.93460152 -156.59803965 58.60000000
72.15499458 -158.30138497 58.60000000
69.37538764 -160.00473029 58.60000000
77.71420845 -154.89469432 55.34000000
74.93460152 -156.59803965 55.34000000
72.15499458 -158.30138497 55.34000000
69.37538764 -160.00473029 55.34000000
99.95106394 -141.26793176 58.60000000
97.17145700 -142.97127708 58.60000000
94.39185007 -144.67462240 58.60000000
91.61224313 -146.37796772 58.60000000
99.95106394 -141.26793176 55.34000000
97.17145700 -142.97127708 55.34000000
94.39185007 -144.67462240 55.34000000
91.61224313 -146.37796772 55.34000000
0.00000000 0.00000000 0.00000000
0.00000000 0.00000000 0.00000000
111.06949168 -134.45455047 58.60000000
108.28988474 -136.15789579 58.60000000
105.51027781 -137.86124111 58.60000000
102.73067087 -139.56458644 58.60000000
111.06949168 -134.45455047 55.34000000
108.28988474 -136.15789579 55.34000000
105.51027781 -137.86124111 55.34000000
102.73067087 -139.56458644 55.34000000
91.61224313 -146.37796772 61.86000000
94.39185007 -144.67462240 61.86000000
97.17145700 -142.97127708 61.86000000
99.95106394 -141.26793176 61.86000000
91.61224313 -146.37796772 65.12000000
94.39185007 -144.67462240 65.12000000
97.17145700 -142.97127708 65.12000000
99.95106394 -141.26793176 65.12000000
0.00000000 0.00000000 0.00000000
0.00000000 0.00000000 0.00000000
102.73067087 -139.56458644 61.86000000
105.51027781 -137.86124111 61.86000000
108.28988474 -136.15789579 61.86000000
111.06949168 -134.45455047 61.86000000
102.73067087 -139.56458644 65.12000000
105.51027781 -137.86124111 65.12000000
108.28988474 -136.15789579 65.12000000
111.06949168 -134.45455047 65.12000000
99.95106394 -141.26793176 71.64000000
97.17145700 -142.97127708 71.64000000
94.39185007 -144.67462240 71.64000000
91.61224313 -146.37796772 71.64000000
99.95106394 -141.26793176 68.38000000
97.17145700 -142.97127708 68.38000000
94.39185007 -144.67462240 68.38000000
91.61224313 -146.37796772 68.38000000
0.00000000 0.00000000 0.00000000
0.00000000 0.00000000 0.00000000
111.06949168 -134.45455047 71.64000000
108.28988474 -136.15789579 71.64000000
105.51027781 -137.86124111 71.64000000
102.73067087 -139.56458644 71.64000000
111.06949168 -134.45455047 68.38000000
108.28988474 -136.15789579 68.38000000
105.51027781 -137.86124111 68.38000000
102.73067087 -139.56458644 68.38000000
91.61224313 -146.37796772 74.90000000
94.39185007 -144.67462240 74.90000000
97.17145700 -142.97127708 74.90000000
99.95106394 -141.26793176 74.90000000
91.61224313 -146.37796772 78.16000000
94.39185007 -144.67462240 78.16000000
97.17145700 -142.97127708 78.16000000
99.95106394 -141.26793176 78.16000000
0.00000000 0.00000000 0.00000000
0.00000000 0.00000000 0.00000000
102.73067087 -139.56458644 74.90000000
105.51027781 -137.86124111 74.90000000
108.28988474 -136.15789579 74.90000000
111.06949168 -134.45455047 74.90000000
102.73067087 -139.56458644 78.16000000
105.51027781 -137.86124111 78.16000000
108.28988474 -136.15789579 78.16000000
111.06949168 -134.45455047 78.16000000
15.74279728 -172.33400146 -58.60000000
18.96266127 -171.82402510 -58.60000000
22.18252527 -171.31404875 -58.60000000
25.40238926 -170.80407239 -58.60000000
15.74279728 -172.33400146 -55.34000000
18.96266127 -171.82402510 -55.34000000
22.18252527 -171.31404875 -55.34000000
25.40238926 -170.80407239 -55.34000000
0.00000000 0.00000000 0.00000000
0.00000000 0.00000000 0.00000000
2.86334132 -174.37390688 -58.60000000
6.08320531 -173.86393053 -58.60000000
9.30306930 -173.35395417 -58.60000000
12.52293329 -172.84397781 -58.60000000
2.86334132 -174.37390688 -55.34000000
6.08320531 -173.86393053 -55.34000000
9.30306930 -173.35395417 -55.34000000
12.52293329 -172.84397781 -55.34000000
25.40238926 -170.80407239 -61.86000000
22.18252527 -171.31404875 -61.86000000
18.96266127 -171.82402510 -61.86000000
15.74279728 -172.33400146 -61.86000000
25.40238926 -170.80407239 -65.12000000
22.18252527 -171.31404875 -65.12000000
18.96266127 -171.82402510 -65.12000000
15.74279728 -172.33400146 -65.12000000
0.00000000 0.00000000 0.00000000
0.00000000 0.00000000 0.00000000
12.52293329 -172.84397781 -61.86000000
9.30306930 -173.35395417 -61.86000000
6.08320531 -173.86393053 -61.86000000
2.86334132 -174.37390688 -61.86000000
12.52293329 -172.84397781 -65.12000000
9.30306930 -173.35395417 -65.12000000
6.08320531 -173.86393053 -65.12000000
2.86334132 -174.37390688 -65.12000000
15.74279728 -172.33400146 -71.64000000
18.96266127 -171.82402510 -71.64000000
22.18252527 -171.31404875 -71.64000000
25.40238926 -170.80407239 -71.64000000
15.74279728 -172.33400146 -68.38000000
18.96266127 -171.82402510 -68.38000000
22.18252527 -171.31404875 -68.38000000
25.40238926 -170.80407239 -68.38000000
0.00000000 0.00000000 0.00000000
0.00000000 0.00000000 0.00000000
2.86334132 -174.37390688 -71.64000000
6.08320531 -173.86393053 -71.64000000
9.30306930 -173.35395417 -71.64000000
12.52293329 -172.84397781 -71.64000000
2.86334132 -174.37390688 -68.38000000
6.08320531 -173.86393053 -68.38000000
9.30306930 -173.35395417 -68.38000000
12.52293329 -172.84397781 -68.38000000
25.40238926 -170.80407239 -74.90000000
22.18252527 -171.31404875 -74.90000000
18.96266127 -171.82402510 -74.90000000
15.74279728 -172.33400146 -74.90000000
25.40238926 -170.80407239 -78.16000000
22.18252527 -171.31404875 -78.16000000
18.96266127 -171.82402510 -78.16000000
15.74279728 -172.33400146 -78.16000000
0.00000000 0.00000000 0.00000000
0.00000000 0.00000000 0.00000000
12.52293329 -172.84397781 -74.90000000
9.30306930 -173.35395417 -74.90000000
6.08320531 -173.86393053 -74.90000000
2.86334132 -174.37390688 -74.90000000
12.52293329 -172.84397781 -78.16000000
9.30306930 -173.35395417 -78.16000000
6.08320531 -173.86393053 -78.16000000
2.86334132 -174.37390688 -78.16000000
38.28184522 -168.76416697 -74.90000000
35.06198123 -169.27414332 -74.90000000
31.84211724 -169.78411968 -74.90000000
28.62225325 -170.29409603 -74.90000000
38.28184522 -168.76416697 -78.16000000
35.06198123 -169.27414332 -78.16000000
31.84211724 -169.78411968 -78.16000000
28.62225325 -170.29409603 -78.16000000
0.00000000 0.00000000 0.00000000
0.00000000 0.00000000 0.00000000
51.16130118 -166.72426154 -74.90000000
47.94143719 -167.23423790 -74.90000000
44.72157320 -167.74421425 -74.90000000
41.50170921 -168.25419061 -74.90000000
51.16130118 -166.72426154 -78.16000000
47.94143719 -167.23423790 -78.16000000
44.72157320 -167.74421425 -78.16000000
41.50170921 -168.25419061 -78.16000000
28.62225325 -170.29409603 -71.64000000
31.84211724 -169.78411968 -71.64000000
35.06198123 -169.27414332 -71.64000000
38.28184522 -168.76416697 -71.64000000
28.62225325 -170.29409603 -68.38000000
31.84211724 -169.78411968 -68.38000000
35.06198123 -169.27414332 -68.38000000
38.28184522 -168.76416697 -68.38000000
0.00000000 0.00000000 0.00000000
0.00000000 0.00000000 0.00000000
41.50170921 -168.25419061 -71.64000000
44.72157320 -167.74421425 -71.64000000
47.94143719 -167.23423790 -71.64000000
51.16130118 -166.72426154 -71.64000000
41.50170921 -168.25419061 -68.38000000
44.72157320 -167.74421425 -68.38000000
47.94143719 -167.23423790 -68.38000000
51.16130118 -166.72426154 -68.38000000
38.28184522 -168.76416697 -61.86000000
35.06198123 -169.27414332 -61.86000000
31.84211724 -169.78411968 -61.86000000
28.62225325 -170.29409603 -61.86000000
38.28184522 -168.76416697 -65.12000000
35.06198123 -169.27414332 -65.12000000
31.84211724 -169.78411968 -65.12000000
28.62225325 -170.29409603 -65.12000000
0.00000000 0.00000000 0.00000000
0.00000000 0.00000000 0.00000000
51.16130118 -166.72426154 -61.86000000
47.94143719 -167.23423790 -61.86000000
44.72157320 -167.74421425 -61.86000000
41.50170921 -168.25419061 -61.86000000
51.16130118 -166.72426154 -65.12000000
47.94143719 -167.23423790 -65.12000000
44.72157320 -167.74421425 -65.12000000
41.50170921 -168.25419061 -65.12000000
28.62225325 -170.29409603 -58.60000000
31.84211724 -169.78411968 -58.60000000
35.06198123 -169.27414332 -58.60000000
38.28184522 -168.76416697 -58.60000000
28.62225325 -170.29409603 -55.34000000
31.84211724 -169.78411968 -55.34000000
35.06198123 -169.27414332 -55.34000000
38.28184522 -168.76416697 -55.34000000
0.00000000 0.00000000 0.00000000
0.00000000 0.00000000 0.00000000
41.50170921 -168.25419061 -58.60000000
44.72157320 -167.74421425 -58.60000000
47.94143719 -167.23423790 -58.60000000
51.16130118 -166.72426154 -58.60000000
41.50170921 -168.25419061 -55.34000000
44.72157320 -167.74421425 -55.34000000
47.94143719 -167.23423790 -55.34000000
51.16130118 -166.72426154 -55.34000000
15.74279728 -172.33400146 -31.90000000
18.96266127 -171.82402510 -31.90000000
22.18252527 -171.31404875 -31.90000000
25.40238926 -170.80407239 -31.90000000
15.74279728 -172.33400146 -28.64000000
18.96266127 -171.82402510 -28.64000000
22.18252527 -171.31404875 -28.64000000
25.40238926 -170.80407239 -28.64000000
0.00000000 0.00000000 0.00000000
0.00000000 0.00000000 0.00000000
2.86334132 -174.37390688 -31.90000000
6.08320531 -173.86393053 -31.90000000
9.30306930 -173.35395417 -31.90000000
12.52293329 -172.84397781 -31.90000000
2.86334132 -174.37390688 -28.64000000
6.08320531 -173.86393053 -28.64000000
9.30306930 -173.35395417 -28.64000000
12.52293329 -172.84397781 -28.64000000
25.40238926 -170.80407239 -35.16000000
22.18252527 -171.31404875 -35.16000000
18.96266127 -171.82402510 -35.16000000
15.74279728 -172.33400146 -35.16000000
25.40238926 -170.80407239 -38.42000000
22.18252527 -171.31404875 -38.42000000
18.96266127 -171.82402510 -38.42000000
15.74279728 -172.33400146 -38.42000000
0.00000000 0.00000000 0.00000000
0.00000000 0.00000000 0.00000000
12.52293329 -172.84397781 -35.16000000
9.30306930 -173.35395417 -35.16000000
6.08320531 -173.86393053 -35.16000000
2.86334132 -174.37390688 -35.16000000
12.52293329 -172.84397781 -38.42000000
9.30306930 -173.35395417 -38.42000000
6.08320531 -173.86393053 -38.42000000
2.86334132 -174.37390688 -38.42000000
15.74279728 -172.33400146 -44.94000000
18.96266127 -171.82402510 -44.94000000
22.18252527 -171.31404875 -44.94000000
25.40238926 -170.80407239 -44.94000000
15.74279728 -172.33400146 -41.68000000
18.96266127 -171.82402510 -41.68000000
22.18252527 -171.31404875 -41.68000000
25.40238926 -170.80407239 -41.68000000
0.00000000 0.00000000 0.00000000
0.00000000 0.00000000 0.00000000
2.86334132 -174.37390688 -44.94000000
6.08320531 -173.86393053 -44.94000000
9.30306930 -173.35395417 -44.94000000
12.52293329 -172.84397781 -44.94000000
2.86334132 -174.37390688 -41.68000000
6.08320531 -173.86393053 -41.68000000
9.30306930 -173.35395417 -41.68000000
12.52293329 -172.84397781 -41.68000000
25.40238926 -170.80407239 -48.20000000
22.18252527 -171.31404875 -48.20000000
18.96266127 -171.82402510 -48.20000000
15.74279728 -172.33400146 -48.20000000
25.40238926 -170.80407239 -51.46000000
22.18252527 -171.31404875 -51.46000000
18.96266127 -171.82402510 -51.46000000
15.74279728 -172.33400146 -51.46000000
0.00000000 0.00000000 0.00000000
0.00000000 0.00000000 0.00000000
12.52293329 -172.84397781 -48.20000000
9.30306930 -173.35395417 -48.20000000
6.08320531 -173.86393053 -48.20000000
2.86334132 -174.37390688 -48.20000000
12.52293329 -172.84397781 -51.46000000
9.30306930 -173.35395417 -51.46000000
6.08320531 -173.86393053 -51.46000000
2.86334132 -174.37390688 -51.46000000
38.28184522 -168.76416697 -48.20000000
35.06198123 -169.27414332 -48.20000000
31.84211724 -169.78411968 -48.20000000
28.62225325 -170.29409603 -48.20000000
38.28184522 -168.76416697 -51.46000000
35.06198123 -169.27414332 -51.46000000
31.84211724 -169.78411968 -51.46000000
28.62225325 -170.29409603 -51.46000000
0.00000000 0.00000000 0.00000000
0.00000000 0.00000000 0.00000000
51.16130118 -166.72426154 -48.20000000
47.94143719 -167.23423790 -48.20000000
44.72157320 -167.74421425 -48.20000000
41.50170921 -168.25419061 -48.20000000
51.16130118 -166.72426154 -51.46000000
47.94143719 -167.23423790 -51.46000000
44.72157320 -167.74421425 -51.46000000
41.50170921 -168.25419061 -51.46000000
28.62225325 -170.29409603 -44.94000000
31.84211724 -169.78411968 -44.94000000
35.06198123 -169.27414332 -44.94000000
38.28184522 -168.76416697 -44.94000000
28.62225325 -170.29409603 -41.68000000
31.84211724 -169.78411968 -41.68000000
35.06198123 -169.27414332 -41.68000000
38.28184522 -168.76416697 -41.68000000
0.00000000 0.00000000 0.00000000
0.00000000 0.00000000 0.00000000
41.50170921 -168.25419061 -44.94000000
44.72157320 -167.74421425 -44.94000000
47.94143719 -167.23423790 -44.94000000
51.16130118 -166.72426154 -44.94000000
41.50170921 -168.25419061 -41.68000000
44.72157320 -167.74421425 -41.68000000
47.94143719 -167.23423790 -41.68000000
51.16130118 -166.72426154 -41.68000000
38.28184522 -168.76416697 -35.16000000
35.06198123 -169.27414332 -35.16000000
31.84211724 -169.78411968 -35.16000000
28.62225325 -170.29409603 -35.16000000
38.28184522 -168.76416697 -38.42000000
35.06198123 -169.27414332 -38.42000000
31.84211724 -169.78411968 -38.42000000
28.62225325 -170.29409603 -38.42000000
0.00000000 0.00000000 0.00000000
0.00000000 0.00000000 0.00000000
51.16130118 -166.72426154 -35.16000000
47.94143719 -167.23423790 -35.16000000
44.72157320 -167.74421425 -35.16000000
41.50170921 -168.25419061 -35.16000000
51.16130118 -166.72426154 -38.42000000
47.94143719 -167.23423790 -38.42000000
44.72157320 -167.74421425 -38.42000000
41.50170921 -168.25419061 -38.42000000
28.62225325 -170.29409603 -31.90000000
31.84211724 -169.78411968 -31.90000000
35.06198123 -169.27414332 -31.90000000
38.28184522 -168.76416697 -31.90000000
28.62225325 -170.29409603 -28.64000000
31.84211724 -169.78411968 -28.64000000
35.06198123 -169.27414332 -28.64000000
38.28184522 -168.76416697 -28.64000000
0.00000000 0.00000000 0.00000000
0.00000000 0.00000000 0.00000000
41.50170921 -168.25419061 -31.90000000
44.72157320 -167.74421425 -31.90000000
47.94143719 -167.23423790 -31.90000000
51.16130118 -166.72426154 -31.90000000
41.50170921 -168.25419061 -28.64000000
44.72157320 -167.74421425 -28.64000000
47.94143719 -167.23423790 -28.64000000
51.16130118 -166.72426154 -28.64000000
15.74279728 -172.33400146 -5.20000000
18.96266127 -171.82402510 -5.20000000
22.18252527 -171.31404875 -5.20000000
25.40238926 -170.80407239 -5.20000000
15.74279728 -172.33400146 -1.94000000
18.96266127 -171.82402510 -1.94000000
22.18252527 -171.31404875 -1.94000000
25.40238926 -170.80407239 -1.94000000
0.00000000 0.00000000 0.00000000
0.00000000 0.00000000 0.00000000
2.86334132 -174.37390688 -5.20000000
6.08320531 -173.86393053 -5.20000000
9.30306930 -173.35395417 -5.20000000
12.52293329 -172.84397781 -5.20000000
2.86334132 -174.37390688 -1.94000000
6.08320531 -173.86393053 -1.94000000
9.30306930 -173.35395417 -1.94000000
12.52293329 -172.84397781 -1.94000000
25.40238926 -170.80407239 -8.46000000
22.18252527 -171.31404875 -8.46000000
18.96266127 -171.82402510 -8.46000000
15.74279728 -172.33400146 -8.46000000
25.40238926 -170.80407239 -11.72000000
22.18252527 -171.31404875 -11.72000000
18.96266127 -171.82402510 -11.72000000
15.74279728 -172.33400146 -11.72000000
0.00000000 0.00000000 0.00000000
0.00000000 0.00000000 0.00000000
12.52293329 -172.84397781 -8.46000000
9.30306930 -173.35395417 -8.46000000
6.08320531 -173.86393053 -8.46000000
2.86334132 -174.37390688 -8.46000000
12.52293329 -172.84397781 -11.72000000
9.30306930 -173.35395417 -11.72000000
6.08320531 -173.86393053 -11.72000000
2.86334132 -174.37390688 -11.72000000
15.74279728 -172.33400146 -18.24000000
18.96266127 -171.82402510 -18.24000000
22.18252527 -171.31404875 -18.24000000
25.40238926 -170.80407239 -18.24000000
15.74279728 -172.33400146 -14.98000000
18.96266127 -171.82402510 -14.98000000
22.18252527 -171.31404875 -14.98000000
25.40238926 -170.80407239 -14.98000000
0.00000000 0.00000000 0.00000000
0.00000000 0.00000000 0.00000000
2.86334132 -174.37390688 -18.24000000
6.08320531 -173.86393053 -18.24000000
9.30306930 -173.35395417 -18.24000000
12.52293329 -172.84397781 -18.24000000
2.86334132 -174.37390688 -14.98000000
6.08320531 -173.86393053 -14.98000000
9.30306930 -173.35395417 -14.98000000
12.52293329 -172.84397781 -14.98000000
25.40238926 -170.80407239 -21.50000000
22.18252527 -171.31404875 -21.50000000
18.96266127 -171.82402510 -21.50000000
15.74279728 -172.33400146 -21.50000000
25.40238926 -170.80407239 -24.76000000
22.18252527 -171.31404875 -24.76000000
18.96266127 -171.82402510 -24.76000000
15.74279728 -172.33400146 -24.76000000
0.00000000 0.00000000 0.00000000
0.00000000 0.00000000 0.00000000
12.52293329 -172.84397781 -21.50000000
9.30306930 -173.35395417 -21.50000000
6.08320531 -173.86393053 -21.50000000
2.86334132 -174.37390688 -21.50000000
12.52293329 -172.84397781 -24.76000000
9.30306930 -173.35395417 -24.76000000
6.08320531 -173.86393053 -24.76000000
2.86334132 -174.37390688 -24.76000000
38.28184522 -168.76416697 -21.50000000
35.06198123 -169.27414332 -21.50000000
31.84211724 -169.78411968 -21.50000000
28.62225325 -170.29409603 -21.50000000
38.28184522 -168.76416697 -24.76000000
35.06198123 -169.27414332 -24.76000000
31.84211724 -169.78411968 -24.76000000
28.62225325 -170.29409603 -24.76000000
0.00000000 0.00000000 0.00000000
0.00000000 0.00000000 0.00000000
51.16130118 -166.72426154 -21.50000000
47.94143719 -167.23423790 -21.50000000
44.72157320 -167.74421425 -21.50000000
41.50170921 -168.25419061 -21.50000000
51.16130118 -166.72426154 -24.76000000
47.94143719 -167.23423790 -24.76000000
44.72157320 -167.74421425 -24.76000000
41.50170921 -168.25419061 -24.76000000
28.62225325 -170.29409603 -18.24000000
31.84211724 -169.78411968 -18.24000000
35.06198123 -169.27414332 -18.24000000
38.28184522 -168.76416697 -18.24000000
28.62225325 -170.29409603 -14.98000000
31.84211724 -169.78411968 -14.98000000
35.06198123 -169.27414332 -14.98000000
38.28184522 -168.76416697 -14.98000000
0.00000000 0.00000000 0.00000000
0.00000000 0.00000000 0.00000000
41.50170921 -168.25419061 -18.24000000
44.72157320 -167.74421425 -18.24000000
47.94143719 -167.23423790 -18.24000000
51.16130118 -166.72426154 -18.24000000
41.50170921 -168.25419061 -14.98000000
44.72157320 -167.74421425 -14.98000000
47.94143719 -167.23423790 -14.98000000
51.16130118 -166.72426154 -14.98000000
38.28184522 -168.76416697 -8.46000000
35.06198123 -169.27414332 -8.46000000
31.84211724 -169.78411968 -8.46000000
28.62225325 -170.29409603 -8.46000000
38.28184522 -168.76416697 -11.72000000
35.06198123 -169.27414332 -11.72000000
31.84211724 -169.78411968 -11.72000000
28.62225325 -170.29409603 -11.72000000
0.00000000 0.00000000 0.00000000
0.00000000 0.00000000 0.00000000
51.16130118 -166.72426154 -8.46000000
47.94143719 -167.23423790 -8.46000000
44.72157320 -167.74421425 -8.46000000
41.50170921 -168.25419061 -8.46000000
51.16130118 -166.72426154 -11.72000000
47.94143719 -167.23423790 -11.72000000
44.72157320 -167.74421425 -11.72000000
41.50170921 -168.25419061 -11.72000000
28.62225325 -170.29409603 -5.20000000
31.84211724 -169.78411968 -5.20000000
35.06198123 -169.27414332 -5.20000000
38.28184522 -168.76416697 -5.20000000
28.62225325 -170.29409603 -1.94000000
31.84211724 -169.78411968 -1.94000000
35.06198123 -169.27414332 -1.94000000
38.28184522 -168.76416697 -1.94000000
0.00000000 0.00000000 0.00000000
0.00000000 0.00000000 0.00000000
41.50170921 -168.25419061 -5.20000000
44.72157320 -167.74421425 -5.20000000
47.94143719 -167.23423790 -5.20000000
51.16130118 -166.72426154 -5.20000000
41.50170921 -168.25419061 -1.94000000
44.72157320 -167.74421425 -1.94000000
47.94143719 -167.23423790 -1.94000000
51.16130118 -166.72426154 -1.94000000
15.74279728 -172.33400146 21.50000000
18.96266127 -171.82402510 21.50000000
22.18252527 -171.31404875 21.50000000
25.40238926 -170.80407239 21.50000000
15.74279728 -172.33400146 24.76000000
18.96266127 -171.82402510 24.76000000
22.18252527 -171.31404875 24.76000000
25.40238926 -170.80407239 24.76000000
0.00000000 0.00000000 0.00000000
0.00000000 0.00000000 0.00000000
2.86334132 -174.37390688 21.50000000
6.08320531 -173.86393053 21.50000000
9.30306930 -173.35395417 21.50000000
12.52293329 -172.84397781 21.50000000
2.86334132 -174.37390688 24.76000000
6.08320531 -173.86393053 24.76000000
9.30306930 -173.35395417 24.76000000
12.52293329 -172.84397781 24.76000000
25.40238926 -170.80407239 18.24000000
22.18252527 -171.31404875 18.24000000
18.96266127 -171.82402510 18.24000000
15.74279728 -172.33400146 18.24000000
25.40238926 -170.80407239 14.98000000
22.18252527 -171.31404875 14.98000000
18.96266127 -171.82402510 14.98000000
15.74279728 -172.33400146 14.98000000
0.00000000 0.00000000 0.00000000
0.00000000 0.00000000 0.00000000
12.52293329 -172.84397781 18.24000000
9.30306930 -173.35395417 18.24000000
6.08320531 -173.86393053 18.24000000
2.86334132 -174.37390688 18.24000000
12.52293329 -172.84397781 14.98000000
9.30306930 -173.35395417 14.98000000
6.08320531 -173.86393053 14.98000000
2.86334132 -174.37390688 14.98000000
15.74279728 -172.33400146 8.46000000
18.96266127 -171.82402510 8.46000000
22.18252527 -171.31404875 8.46000000
25.40238926 -170.80407239 8.46000000
15.74279728 -172.33400146 11.72000000
18.96266127 -171.82402510 11.72000000
22.18252527 -171.31404875 11.72000000
25.40238926 -170.80407239 11.72000000
0.00000000 0.00000000 0.00000000
0.00000000 0.00000000 0.00000000
2.86334132 -174.37390688 8.46000000
6.08320531 -173.86393053 8.46000000
9.30306930 -173.35395417 8.46000000
12.52293329 -172.84397781 8.46000000
2.86334132 -174.37390688 11.72000000
6.08320531 -173.86393053 11.72000000
9.30306930 -173.35395417 11.72000000
12.52293329 -172.84397781 11.72000000
25.40238926 -170.80407239 5.20000000
22.18252527 -171.31404875 5.20000000
18.96266127 -171.82402510 5.20000000
15.74279728 -172.33400146 5.20000000
25.40238926 -170.80407239 1.94000000
22.18252527 -171.31404875 1.94000000
18.96266127 -171.82402510 1.94000000
15.74279728 -172.33400146 1.94000000
0.00000000 0.00000000 0.00000000
0.00000000 0.00000000 0.00000000
12.52293329 -172.84397781 5.20000000
9.30306930 -173.35395417 5.20000000
6.08320531 -173.86393053 5.20000000
2.86334132 -174.37390688 5.20000000
12.52293329 -172.84397781 1.94000000
9.30306930 -173.35395417 1.94000000
6.08320531 -173.86393053 1.94000000
2.86334132 -174.37390688 1.94000000
38.28184522 -168.76416697 5.20000000
35.06198123 -169.27414332 5.20000000
31.84211724 -169.78411968 5.20000000
28.62225325 -170.29409603 5.20000000
38.28184522 -168.76416697 1.94000000
35.06198123 -169.27414332 1.94000000
31.84211724 -169.78411968 1.94000000
28.62225325 -170.29409603 1.94000000
0.00000000 0.00000000 0.00000000
0.00000000 0.00000000 0.00000000
51.16130118 -166.72426154 5.20000000
47.94143719 -167.23423790 5.20000000
44.72157320 -167.74421425 5.20000000
41.50170921 -168.25419061 5.20000000
51.16130118 -166.72426154 1.94000000
47.94143719 -167.23423790 1.94000000
44.72157320 -167.74421425 1.94000000
41.50170921 -168.25419061 1.94000000
28.62225325 -170.29409603 8.46000000
31.84211724 -169.78411968 8.46000000
35.06198123 -169.27414332 8.46000000
38.28184522 -168.76416697 8.46000000
28.62225325 -170.29409603 11.72000000
31.84211724 -169.78411968 11.72000000
35.06198123 -169.27414332 11.72000000
38.28184522 -168.76416697 11.72000000
0.00000000 0.00000000 0.00000000
0.00000000 0.00000000 0.00000000
41.50170921 -168.25419061 8.46000000
44.72157320 -167.74421425 8.46000000
47.94143719 -167.23423790 8.46000000
51.16130118 -166.72426154 8.46000000
41.50170921 -168.25419061 11.72000000
44.72157320 -167.74421425 11.72000000
47.94143719 -167.23423790 11.72000000
51.16130118 -166.72426154 11.72000000
38.28184522 -168.76416697 18.24000000
35.06198123 -169.27414332 18.24000000
31.84211724 -169.78411968 18.24000000
28.62225325 -170.29409603 18.24000000
38.28184522 -168.76416697 14.98000000
35.06198123 -169.27414332 14.98000000
31.84211724 -169.78411968 14.98000000
28.62225325 -170.29409603 14.98000000
0.00000000 0.00000000 0.00000000
0.00000000 0.00000000 0.00000000
51.16130118 -166.72426154 18.24000000
47.94143719 -167.23423790 18.24000000
44.72157320 -167.74421425 18.24000000
41.50170921 -168.25419061 18.24000000
51.16130118 -166.72426154 14.98000000
47.94143719 -167.23423790 14.98000000
44.72157320 -167.74421425 14.98000000
41.50170921 -168.25419061 14.98000000
28.62225325 -170.29409603 21.50000000
31.84211724 -169.78411968 21.50000000
35.06198123 -169.27414332 21.50000000
38.28184522 -168.76416697 21.50000000
28.62225325 -170.29409603 24.76000000
31.84211724 -169.78411968 24.76000000
35.06198123 -169.27414332 24.76000000
38.28184522 -168.76416697 24.76000000
0.00000000 0.00000000 0.00000000
0.00000000 0.00000000 0.00000000
41.50170921 -168.25419061 21.50000000
44.72157320 -167.74421425 21.50000000
47.94143719 -167.23423790 21.50000000
51.16130118 -166.72426154 21.50000000
41.50170921 -168.25419061 24.76000000
44.72157320 -167.74421425 24.76000000
47.94143719 -167.23423790 24.76000000
51.16130118 -166.72426154 24.76000000
15.74279728 -172.33400146 48.20000000
18.96266127 -171.82402510 48.20000000
22.18252527 -171.31404875 48.20000000
25.40238926 -170.80407239 48.20000000
15.74279728 -172.33400146 51.46000000
18.96266127 -171.82402510 51.46000000
22.18252527 -171.31404875 51.46000000
25.40238926 -170.80407239 51.46000000
0.00000000 0.00000000 0.00000000
0.00000000 0.00000000 0.00000000
2.86334132 -174.37390688 48.20000000
6.08320531 -173.86393053 48.20000000
9.30306930 -173.35395417 48.20000000
12.52293329 -172.84397781 48.20000000
2.86334132 -174.37390688 51.46000000
6.08320531 -173.86393053 51.46000000
9.30306930 -173.35395417 51.46000000
12.52293329 -172.84397781 51.46000000
25.40238926 -170.80407239 44.94000000
22.18252527 -171.31404875 44.94000000
18.96266127 -171.82402510 44.94000000
15.74279728 -172.33400146 44.94000000
25.40238926 -170.80407239 41.68000000
22.18252527 -171.31404875 41.68000000
18.96266127 -171.82402510 41.68000000
15.74279728 -172.33400146 41.68000000
0.00000000 0.00000000 0.00000000
0.00000000 0.00000000 0.00000000
12.52293329 -172.84397781 44.94000000
9.30306930 -173.35395417 44.94000000
6.08320531 -173.86393053 44.94000000
2.86334132 -174.37390688 44.94000000
12.52293329 -172.84397781 41.68000000
9.30306930 -173.35395417 41.68000000
6.08320531 -173.86393053 41.68000000
2.86334132 -174.37390688 41.68000000
15.74279728 -172.33400146 35.16000000
18.96266127 -171.82402510 35.16000000
22.18252527 -171.31404875 35.16000000
25.40238926 -170.80407239 35.16000000
15.74279728 -172.33400146 38.42000000
18.96266127 -171.82402510 38.42000000
22.18252527 -171.31404875 38.42000000
25.40238926 -170.80407239 38.42000000
0.00000000 0.00000000 0.00000000
0.00000000 0.00000000 0.00000000
2.86334132 -174.37390688 35.16000000
6.08320531 -173.86393053 35.16000000
9.30306930 -173.35395417 35.16000000
12.52293329 -172.84397781 35.16000000
2.86334132 -174.37390688 38.42000000
6.08320531 -173.86393053 38.42000000
9.30306930 -173.35395417 38.42000000
12.52293329 -172.84397781 38.42000000
25.40238926 -170.80407239 31.90000000
22.18252527 -171.31404875 31.90000000
18.96266127 -171.82402510 31.90000000
15.74279728 -172.33400146 31.90000000
25.40238926 -170.80407239 28.64000000
22.18252527 -171.31404875 28.64000000
18.96266127 -171.82402510 28.64000000
15.74279728 -172.33400146 28.64000000
0.00000000 0.00000000 0.00000000
0.00000000 0.00000000 0.00000000
12.52293329 -172.84397781 31.90000000
9.30306930 -173.35395417 31.90000000
6.08320531 -173.86393053 31.90000000
2.86334132 -174.37390688 31.90000000
12.52293329 -172.84397781 28.64000000
9.30306930 -173.35395417 28.64000000
6.08320531 -173.86393053 28.64000000
2.86334132 -174.37390688 28.64000000
38.28184522 -168.76416697 31.90000000
35.06198123 -169.27414332 31.90000000
31.84211724 -169.78411968 31.90000000
28.62225325 -170.29409603 31.90000000
38.28184522 -168.76416697 28.64000000
35.06198123 -169.27414332 28.64000000
31.84211724 -169.78411968 28.64000000
28.62225325 -170.29409603 28.64000000
0.00000000 0.00000000 0.00000000
0.00000000 0.00000000 0.00000000
51.16130118 -166.72426154 31.90000000
47.94143719 -167.23423790 31.90000000
44.72157320 -167.74421425 31.90000000
41.50170921 -168.25419061 31.90000000
51.16130118 -166.72426154 28.64000000
47.94143719 -167.23423790 28.64000000
44.72157320 -167.74421425 28.64000000
41.50170921 -168.25419061 28.64000000
28.62225325 -170.29409603 35.16000000
31.84211724 -169.78411968 35.16000000
35.06198123 -169.27414332 35.16000000
38.28184522 -168.76416697 35.16000000
28.62225325 -170.29409603 38.42000000
31.84211724 -169.78411968 38.42000000
35.06198123 -169.27414332 38.42000000
38.28184522 -168.76416697 38.42000000
0.00000000 0.00000000 0.00000000
0.00000000 0.00000000 0.00000000
41.50170921 -168.25419061 35.16000000
44.72157320 -167.74421425 35.16000000
47.94143719 -167.23423790 35.16000000
51.16130118 -166.72426154 35.16000000
41.50170921 -168.25419061 38.42000000
44.72157320 -167.74421425 38.42000000
47.94143719 -167.23423790 38.42000000
51.16130118 -166.72426154 38.42000000
38.28184522 -168.76416697 44.94000000
35.06198123 -169.27414332 44.94000000
31.84211724 -169.78411968 44.94000000
28.62225325 -170.29409603 44.94000000
38.28184522 -168.76416697 41.68000000
35.06198123 -169.27414332 41.68000000
31.84211724 -169.78411968 41.68000000
28.62225325 -170.29409603 41.68000000
0.00000000 0.00000000 0.00000000
0.00000000 0.00000000 0.00000000
51.16130118 -166.72426154 44.94000000
47.94143719 -167.23423790 44.94000000
44.72157320 -167.74421425 44.94000000
41.50170921 -168.25419061 44.94000000
51.16130118 -166.72426154 41.68000000
47.94143719 -167.23423790 41.68000000
44.72157320 -167.74421425 41.68000000
41.50170921 -168.25419061 41.68000000
28.62225325 -170.29409603 48.20000000
31.84211724 -169.78411968 48.20000000
35.06198123 -169.27414332 48.20000000
38.28184522 -168.76416697 48.20000000
28.62225325 -170.29409603 51.46000000
31.84211724 -169.78411968 51.46000000
35.06198123 -169.27414332 51.46000000
38.28184522 -168.76416697 51.46000000
0.00000000 0.00000000 0.00000000
0.00000000 0.00000000 0.00000000
41.50170921 -168.25419061 48.20000000
44.72157320 -167.74421425 48.20000000
47.94143719 -167.23423790 48.20000000
51.16130118 -166.72426154 48.20000000
41.50170921 -168.25419061 51.46000000
44.72157320 -167.74421425 51.46000000
47.94143719 -167.23423790 51.46000000
51.16130118 -166.72426154 51.46000000
15.74279728 -172.33400146 74.90000000
18.96266127 -171.82402510 74.90000000
22.18252527 -171.31404875 74.90000000
25.40238926 -170.80407239 74.90000000
15.74279728 -172.33400146 78.16000000
18.96266127 -171.82402510 78.16000000
22.18252527 -171.31404875 78.16000000
25.40238926 -170.80407239 78.16000000
0.00000000 0.00000000 0.00000000
0.00000000 0.00000000 0.00000000
2.86334132 -174.37390688 74.90000000
6.08320531 -173.86393053 74.90000000
9.30306930 -173.35395417 74.90000000
12.52293329 -172.84397781 74.90000000
2.86334132 -174.37390688 78.16000000
6.08320531 -173.86393053 78.16000000
9.30306930 -173.35395417 78.16000000
12.52293329 -172.84397781 78.16000000
25.40238926 -170.80407239 71.64000000
22.18252527 -171.31404875 71.64000000
18.96266127 -171.82402510 71.64000000
15.74279728 -172.33400146 71.64000000
25.40238926 -170.80407239 68.38000000
22.18252527 -171.31404875 68.38000000
18.96266127 -171.82402510 68.38000000
15.74279728 -172.33400146 68.38000000
0.00000000 0.00000000 0.00000000
0.00000000 0.00000000 0.00000000
12.52293329 -172.84397781 71.64000000
9.30306930 -173.35395417 71.64000000
6.08320531 -173.86393053 71.64000000
2.86334132 -174.37390688 71.64000000
12.52293329 -172.84397781 68.38000000
9.30306930 -173.35395417 68.38000000
6.08320531 -173.86393053 68.38000000
2.86334132 -174.37390688 68.38000000
15.74279728 -172.33400146 61.86000000
18.96266127 -171.82402510 61.86000000
22.18252527 -171.31404875 61.86000000
25.40238926 -170.80407239 61.86000000
15.74279728 -172.33400146 65.12000000
18.96266127 -171.82402510 65.12000000
22.18252527 -171.31404875 65.12000000
25.40238926 -170.80407239 65.12000000
0.00000000 0.00000000 0.00000000
0.00000000 0.00000000 0.00000000
2.86334132 -174.37390688 61.86000000
6.08320531 -173.86393053 61.86000000
9.30306930 -173.35395417 61.86000000
12.52293329 -172.84397781 61.86000000
2.86334132 -174.37390688 65.12000000
6.08320531 -173.86393053 65.12000000
9.30306930 -173.35395417 65.12000000
12.52293329 -172.84397781 65.12000000
25.40238926 -170.80407239 58.60000000
22.18252527 -171.31404875 58.60000000
18.96266127 -171.82402510 58.60000000
15.74279728 -172.33400146 58.60000000
25.40238926 -170.80407239 55.34000000
22.18252527 -171.31404875 55.34000000
18.96266127 -171.82402510 55.34000000
15.74279728 -172.33400146 55.34000000
0.00000000 0.00000000 0.00000000
0.00000000 0.00000000 0.00000000
12.52293329 -172.84397781 58.60000000
9.30306930 -173.35395417 58.60000000
6.08320531 -173.86393053 58.60000000
2.86334132 -174.37390688 58.60000000
12.52293329 -172.84397781 55.34000000
9.30306930 -173.35395417 55.34000000
6.08320531 -173.86393053 55.34000000
2.86334132 -174.37390688 55.34000000
38.28184522 -168.76416697 58.60000000
35.06198123 -169.27414332 58.60000000
31.84211724 -169.78411968 58.60000000
28.62225325 -170.29409603 58.60000000
38.28184522 -168.76416697 55.34000000
35.06198123 -169.27414332 55.34000000
31.84211724 -169.78411968 55.34000000
28.62225325 -170.29409603 55.34000000
0.00000000 0.00000000 0.00000000
0.00000000 0.00000000 0.00000000
51.16130118 -166.72426154 58.60000000
47.94143719 -167.23423790 58.60000000
44.72157320 -167.74421425 58.60000000
41.50170921 -168.25419061 58.60000000
51.16130118 -166.72426154 55.34000000
47.94143719 -167.23423790 55.34000000
44.72157320 -167.74421425 55.34000000
41.50170921 -168.25419061 55.34000000
28.62225325 -170.29409603 61.86000000
31.84211724 -169.78411968 61.86000000
35.06198123 -169.27414332 61.86000000
38.28184522 -168.76416697 61.86000000
28.62225325 -170.29409603 65.12000000
31.84211724 -169.78411968 65.12000000
35.06198123 -169.27414332 65.12000000
38.28184522 -168.76416697 65.12000000
0.00000000 0.00000000 0.00000000
0.00000000 0.00000000 0.00000000
41.50170921 -168.25419061 61.86000000
44.72157320 -167.74421425 61.86000000
47.94143719 -167.23423790 61.86000000
51.16130118 -166.72426154 61.86000000
41.50170921 -168.25419061 65.12000000
44.72157320 -167.74421425 65.12000000
47.94143719 -167.23423790 65.12000000
51.16130118 -166.72426154 65.12000000
38.28184522 -168.76416697 71.64000000
35.06198123 -169.27414332 71.64000000
31.84211724 -169.78411968 71.64000000
28.62225325 -170.29409603 71.64000000
38.28184522 -168.76416697 68.38000000
35.06198123 -169.27414332 68.38000000
31.84211724 -169.78411968 68.38000000
28.62225325 -170.29409603 68.38000000
0.00000000 0.00000000 0.00000000
0.00000000 0.00000000 0.00000000
51.16130118 -166.72426154 71.64000000
47.94143719 -167.23423790 71.64000000
44.72157320 -167.74421425 71.64000000
41.50170921 -168.25419061 71.64000000
51.16130118 -166.72426154 68.38000000
47.94143719 -167.23423790 68.38000000
44.72157320 -167.74421425 68.38000000
41.50170921 -168.25419061 68.38000000
28.62225325 -170.29409603 74.90000000
31.84211724 -169.78411968 74.90000000
35.06198123 -169.27414332 74.90000000
38.28184522 -168.76416697 74.90000000
28.62225325 -170.29409603 78.16000000
31.84211724 -169.78411968 78.16000000
35.06198123 -169.27414332 78.16000000
38.28184522 -168.76416697 78.16000000
0.00000000 0.00000000 0.00000000
0.00000000 0.00000000 0.00000000
41.50170921 -168.25419061 74.90000000
44.72157320 -167.74421425 74.90000000
47.94143719 -167.23423790 74.90000000
51.16130118 -166.72426154 74.90000000
41.50170921 -168.25419061 78.16000000
44.72157320 -167.74421425 78.16000000
47.94143719 -167.23423790 78.16000000
51.16130118 -166.72426154 78.16000000
-51.40491900 -165.24036440 -58.60000000
-48.23499306 -166.00139629 -58.60000000
-45.06506711 -166.76242818 -58.60000000
-41.89514117 -167.52346006 -58.60000000
-51.40491900 -165.24036440 -55.34000000
-48.23499306 -166.00139629 -55.34000000
-45.06506711 -166.76242818 -55.34000000
-41.89514117 -167.52346006 -55.34000000
0.00000000 0.00000000 0.00000000
0.00000000 0.00000000 0.00000000
-64.08462276 -162.19623686 -58.60000000
-60.91469682 -162.95726874 -58.60000000
-57.74477088 -163.71830063 -58.60000000
-54.57484494 -164.47933252 -58.60000000
-64.08462276 -162.19623686 -55.34000000
-60.91469682 -162.95726874 -55.34000000
-57.74477088 -163.71830063 -55.34000000
-54.57484494 -164.47933252 -55.34000000
-41.89514117 -167.52346006 -61.86000000
-45.06506711 -166.76242818 -61.86000000
-48.23499306 -166.00139629 -61.86000000
-51.40491900 -165.24036440 -61.86000000
-41.89514117 -167.52346006 -65.12000000
-45.06506711 -166.76242818 -65.12000000
-48.23499306 -166.00139629 -65.12000000
-51.40491900 -165.24036440 -65.12000000
0.00000000 0.00000000 0.00000000
0.00000000 0.00000000 0.00000000
-54.57484494 -164.47933252 -61.86000000
-57.74477088 -163.71830063 -61.86000000
-60.91469682 -162.95726874 -61.86000000
-64.08462276 -162.19623686 -61.86000000
-54.57484494 -164.47933252 -65.12000000
-57.74477088 -163.71830063 -65.12000000
-60.91469682 -162.95726874 -65.12000000
-64.08462276 -162.19623686 -65.12000000
-51.40491900 -165.24036440 -71.64000000
-48.23499306 -166.00139629 -71.64000000
-45.06506711 -166.76242818 -71.64000000
-41.89514117 -167.52346006 -71.64000000
-51.40491900 -165.24036440 -68.38000000
-48.23499306 -166.00139629 -68.38000000
-45.06506711 -166.76242818 -68.38000000
-41.89514117 -167.52346006 -68.38000000
0.00000000 0.00000000 0.00000000
0.00000000 0.00000000 0.00000000
-64.08462276 -162.19623686 -71.64000000
-60.91469682 -162.95726874 -71.64000000
-57.74477088 -163.71830063 -71.64000000
-54.57484494 -164.47933252 -71.64000000
-64.08462276 -162.19623686 -68.38000000
-60.91469682 -162.95726874 -68.38000000
-57.74477088 -163.71830063 -68.38000000
-54.57484494 -164.47933252 -68.38000000
-41.89514117 -167.52346006 -74.90000000
-45.06506711 -166.76242818 -74.90000000
-48.23499306 -166.00139629 -74.90000000
-51.40491900 -165.24036440 -74.90000000
-41.89514117 -167.52346006 -78.16000000
-45.06506711 -166.76242818 -78.16000000
-48.23499306 -166.00139629 -78.16000000
-51.40491900 -165.24036440 -78.16000000
0.00000000 0.00000000 0.00000000
0.00000000 0.00000000 0.00000000
-54.57484494 -164.47933252 -74.90000000
-57.74477088 -163.71830063 -74.90000000
-60.91469682 -162.95726874 -74.90000000
-64.08462276 -162.19623686 -74.90000000
-54.57484494 -164.47933252 -78.16000000
-57.74477088 -163.71830063 -78.16000000
-60.91469682 -162.95726874 -78.16000000
-64.08462276 -162.19623686 -78.16000000
-29.21543741 -170.56758761 -74.90000000
-32.38536335 -169.80655572 -74.90000000
-35.55528929 -169.04552383 -74.90000000
-38.72521523 -168.28449195 -74.90000000
-29.21543741 -170.56758761 -78.16000000
-32.38536335 -169.80655572 -78.16000000
-35.55528929 -169.04552383 -78.16000000
-38.72521523 -168.28449195 -78.16000000
0.00000000 0.00000000 0.00000000
0.00000000 0.00000000 0.00000000
-16.53573365 -173.61171515 -74.90000000
-19.70565959 -172.85068326 -74.90000000
-22.87558553 -172.08965138 -74.90000000
-26.04551147 -171.32861949 -74.90000000
-16.53573365 -173.61171515 -78.16000000
-19.70565959 -172.85068326 -78.16000000
-22.87558553 -172.08965138 -78.16000000
-26.04551147 -171.32861949 -78.16000000
-38.72521523 -168.28449195 -71.64000000
-35.55528929 -169.04552383 -71.64000000
-32.38536335 -169.80655572 -71.64000000
-29.21543741 -170.56758761 -71.64000000
-38.72521523 -168.28449195 -68.38000000
-35.55528929 -169.04552383 -68.38000000
-32.38536335 -169.80655572 -68.38000000
-29.21543741 -170.56758761 -68.38000000
0.00000000 0.00000000 0.00000000
0.00000000 0.00000000 0.00000000
-26.04551147 -171.32861949 -71.64000000
-22.87558553 -172.08965138 -71.64000000
-19.70565959 -172.85068326 -71.64000000
-16.53573365 -173.61171515 -71.64000000
-26.04551147 -171.32861949 -68.38000000
-22.87558553 -172.08965138 -68.38000000
-19.70565959 -172.85068326 -68.38000000
-16.53573365 -173.61171515 -68.38000000
-29.21543741 -170.56758761 -61.86000000
-32.38536335 -169.80655572 -61.86000000
-35.55528929 -169.04552383 -61.86000000
-38.72521523 -168.28449195 -61.86000000
-29.21543741 -170.56758761 -65.12000000
-32.38536335 -169.80655572 -65.12000000
-35.55528929 -169.04552383 -65.12000000
-38.72521523 -168.28449195 -65.12000000
0.00000000 0.00000000 0.00000000
0.00000000 0.00000000 0.00000000
-16.53573365 -173.61171515 -61.86000000
-19.70565959 -172.85068326 -61.86000000
-22.87558553 -172.08965138 -61.86000000
-26.04551147 -171.32861949 -61.86000000
-16.53573365 -173.61171515 -65.12000000
-19.70565959 -172.85068326 -65.12000000
-22.87558553 -172.08965138 -65.12000000
-26.04551147 -171.32861949 -65.12000000
-38.72521523 -168.28449195 -58.60000000
-35.55528929 -169.04552383 -58.60000000
-32.38536335 -169.80655572 -58.60000000
-29.21543741 -170.56758761 -58.60000000
-38.72521523 -168.28449195 -55.34000000
-35.55528929 -169.04552383 -55.34000000
-32.38536335 -169.80655572 -55.34000000
-29.21543741 -170.56758761 -55.34000000
0.00000000 0.00000000 0.00000000
0.00000000 0.00000000 0.00000000
-26.04551147 -171.32861949 -58.60000000
-22.87558553 -172.08965138 -58.60000000
-19.70565959 -172.85068326 -58.60000000
-16.53573365 -173.61171515 -58.60000000
-26.04551147 -171.32861949 -55.34000000
-22.87558553 -172.08965138 -55.34000000
-19.70565959 -172.85068326 -55.34000000
-16.53573365 -173.61171515 -55.34000000
-51.40491900 -165.24036440 -31.90000000
-48.23499306 -166.00139629 -31.90000000
-45.06506711 -166.76242818 -31.90000000
-41.89514117 -167.52346006 -31.90000000
-51.40491900 -165.24036440 -28.64000000
-48.23499306 -166.00139629 -28.64000000
-45.06506711 -166.76242818 -28.64000000
-41.89514117 -167.52346006 -28.64000000
0.00000000 0.00000000 0.00000000
0.00000000 0.00000000 0.00000000
-64.08462276 -162.19623686 -31.90000000
-60.91469682 -162.95726874 -31.90000000
-57.74477088 -163.71830063 -31.90000000
-54.57484494 -164.47933252 -31.90000000
-64.08462276 -162.19623686 -28.64000000
-60.91469682 -162.95726874 -28.64000000
-57.74477088 -163.71830063 -28.64000000
-54.57484494 -164.47933252 -28.64000000
-41.89514117 -167.52346006 -35.16000000
-45.06506711 -166.76242818 -35.16000000
-48.23499306 -166.00139629 -35.16000000
-51.40491900 -165.24036440 -35.16000000
-41.89514117 -167.52346006 -38.42000000
-45.06506711 -166.76242818 -38.42000000
-48.23499306 -166.00139629 -38.42000000
-51.40491900 -165.24036440 -38.42000000
0.00000000 0.00000000 0.00000000
0.00000000 0.00000000 0.00000000
-54.57484494 -164.47933252 -35.16000000
-57.74477088 -163.71830063 -35.16000000
-60.91469682 -162.95726874 -35.16000000
-64.08462276 -162.19623686 -35.16000000
-54.57484494 -164.47933252 -38.42000000
-57.74477088 -163.71830063 -38.42000000
-60.91469682 -162.95726874 -38.42000000
-64.08462276 -162.19623686 -38.42000000
-51.40491900 -165.24036440 -44.94000000
-48.23499306 -166.00139629 -44.94000000
-45.06506711 -166.76242818 -44.94000000
-41.89514117 -167.52346006 -44.94000000
-51.40491900 -165.24036440 -41.68000000
-48.23499306 -166.00139629 -41.68000000
-45.06506711 -166.76242818 -41.68000000
-41.89514117 -167.52346006 -41.68000000
0.00000000 0.00000000 0.00000000
0.00000000 0.00000000 0.00000000
-64.08462276 -162.19623686 -44.94000000
-60.91469682 -162.95726874 -44.94000000
-57.74477088 -163.71830063 -44.94000000
-54.57484494 -164.47933252 -44.94000000
-64.08462276 -162.19623686 -41.68000000
-60.91469682 -162.95726874 -41.68000000
-57.74477088 -163.71830063 -41.68000000
-54.57484494 -164.47933252 -41.68000000
-41.89514117 -167.52346006 -48.20000000
-45.06506711 -166.76242818 -48.20000000
-48.23499306 -166.00139629 -48.20000000
-51.40491900 -165.24036440 -48.20000000
-41.89514117 -167.52346006 -51.46000000
-45.06506711 -166.76242818 -51.46000000
-48.23499306 -166.00139629 -51.46000000
-51.40491900 -165.24036440 -51.46000000
0.00000000 0.00000000 0.00000000
0.00000000 0.00000000 0.00000000
-54.57484494 -164.47933252 -48.20000000
-57.74477088 -163.71830063 -48.20000000
-60.91469682 -162.95726874 -48.20000000
-64.08462276 -162.19623686 -48.20000000
-54.57484494 -164.47933252 -51.46000000
-57.74477088 -163.71830063 -51.46000000
-60.91469682 -162.95726874 -51.46000000
-64.08462276 -162.19623686 -51.46000000
-29.21543741 -170.56758761 -48.20000000
-32.38536335 -169.80655572 -48.20000000
-35.55528929 -169.04552383 -48.20000000
-38.72521523 -168.28449195 -48.20000000
-29.21543741 -170.56758761 -51.46000000
-32.38536335 -169.80655572 -51.46000000
-35.55528929 -169.04552383 -51.46000000
-38.72521523 -168.28449195 -51.46000000
0.00000000 0.00000000 0.00000000
0.00000000 0.00000000 0.00000000
-16.53573365 -173.61171515 -48.20000000
-19.70565959 -172.85068326 -48.20000000
-22.87558553 -172.08965138 -48.20000000
-26.04551147 -171.32861949 -48.20000000
-16.53573365 -173.61171515 -51.46000000
-19.70565959 -172.85068326 -51.46000000
-22.87558553 -172.08965138 -51.46000000
-26.04551147 -171.32861949 -51.46000000
-38.72521523 -168.28449195 -44.94000000
-35.55528929 -169.04552383 -44.94000000
-32.38536335 -169.80655572 -44.94000000
-29.21543741 -170.56758761 -44.94000000
-38.72521523 -168.28449195 -41.68000000
-35.55528929 -169.04552383 -41.68000000
-32.38536335 -169.80655572 -41.68000000
-29.21543741 -170.56758761 -41.68000000
0.00000000 0.00000000 0.00000000
0.00000000 0.00000000 0.00000000
-26.04551147 -171.32861949 -44.94000000
-22.87558553 -172.08965138 -44.94000000
-19.70565959 -172.85068326 -44.94000000
-16.53573365 -173.61171515 -44.94000000
-26.04551147 -171.32861949 -41.68000000
-22.87558553 -172.08965138 -41.68000000
-19.70565959 -172.85068326 -41.68000000
-16.53573365 -173.61171515 -41.68000000
-29.21543741 -170.56758761 -35.16000000
-32.38536335 -169.80655572 -35.16000000
-35.55528929 -169.04552383 -35.16000000
-38.72521523 -168.28449195 -35.16000000
-29.21543741 -170.56758761 -38.42000000
-32.38536335 -169.80655572 -38.42000000
-35.55528929 -169.04552383 -38.42000000
-38.72521523 -168.28449195 -38.42000000
0.00000000 0.00000000 0.00000000
0.00000000 0.00000000 0.00000000
-16.53573365 -173.61171515 -35.16000000
-19.70565959 -172.85068326 -35.16000000
-22.87558553 -172.08965138 -35.16000000
-26.04551147 -171.32861949 -35.16000000
-16.53573365 -173.61171515 -38.42000000
-19.70565959 -172.85068326 -38.42000000
-22.87558553 -172.08965138 -38.42000000
-26.04551147 -171.32861949 -38.42000000
-38.72521523 -168.28449195 -31.90000000
-35.55528929 -169.04552383 -31.90000000
-32.38536335 -169.80655572 -31.90000000
-29.21543741 -170.56758761 -31.90000000
-38.72521523 -168.28449195 -28.64000000
-35.55528929 -169.04552383 -28.64000000
-32.38536335 -169.80655572 -28.64000000
-29.21543741 -170.56758761 -28.64000000
0.00000000 0.00000000 0.00000000
0.00000000 0.00000000 0.00000000
-26.04551147 -171.32861949 -31.90000000
-22.87558553 -172.08965138 -31.90000000
-19.70565959 -172.85068326 -31.90000000
-16.53573365 -173.61171515 -31.90000000
-26.04551147 -171.32861949 -28.64000000
-22.87558553 -172.08965138 -28.64000000
-19.70565959 -172.85068326 -28.64000000
-16.53573365 -173.61171515 -28.64000000
-51.40491900 -165.24036440 -5.20000000
-48.23499306 -166.00139629 -5.20000000
-45.06506711 -166.76242818 -5.20000000
-41.89514117 -167.52346006 -5.20000000
-51.40491900 -165.24036440 -1.94000000
-48.23499306 -166.00139629 -1.94000000
-45.06506711 -166.76242818 -1.94000000
-41.89514117 -167.52346006 -1.94000000
0.00000000 0.00000000 0.00000000
0.00000000 0.00000000 0.00000000
-64.08462276 -162.19623686 -5.20000000
-60.91469682 -162.95726874 -5.20000000
-57.74477088 -163.71830063 -5.20000000
-54.57484494 -164.47933252 -5.20000000
-64.08462276 -162.19623686 -1.94000000
-60.91469682 -162.95726874 -1.94000000
-57.74477088 -163.71830063 -1.94000000
-54.57484494 -164.47933252 -1.94000000
-41.89514117 -167.52346006 -8.46000000
-45.06506711 -166.76242818 -8.46000000
-48.23499306 -166.00139629 -8.46000000
-51.40491900 -165.24036440 -8.46000000
-41.89514117 -167.52346006 -11.72000000
-45.06506711 -166.76242818 -11.72000000
-48.23499306 -166.00139629 -11.72000000
-51.40491900 -165.24036440 -11.72000000
0.00000000 0.00000000 0.00000000
0.00000000 0.00000000 0.00000000
-54.57484494 -164.47933252 -8.46000000
-57.74477088 -163.71830063 -8.46000000
-60.91469682 -162.95726874 -8.46000000
-64.08462276 -162.19623686 -8.46000000
-54.57484494 -164.47933252 -11.72000000
-57.74477088 -163.71830063 -11.72000000
-60.91469682 -162.95726874 -11.72000000
-64.08462276 -162.19623686 -11.72000000
-51.40491900 -165.24036440 -18.24000000
-48.23499306 -166.00139629 -18.24000000
-45.06506711 -166.76242818 -18.24000000
-41.89514117 -167.52346006 -18.24000000
-51.40491900 -165.24036440 -14.98000000
-48.23499306 -166.00139629 -14.98000000
-45.06506711 -166.76242818 -14.98000000
-41.89514117 -167.52346006 -14.98000000
0.00000000 0.00000000 0.00000000
0.00000000 0.00000000 0.00000000
-64.08462276 -162.19623686 -18.24000000
-60.91469682 -162.95726874 -18.24000000
-57.74477088 -163.71830063 -18.24000000
-54.57484494 -164.47933252 -18.24000000
-64.08462276 -162.19623686 -14.98000000
-60.91469682 -162.95726874 -14.98000000
-57.74477088 -163.71830063 -14.98000000
-54.57484494 -164.47933252 -14.98000000
-41.89514117 -167.52346006 -21.50000000
-45.06506711 -166.76242818 -21.50000000
-48.23499306 -166.00139629 -21.50000000
-51.40491900 -165.24036440 -21.50000000
-41.89514117 -167.52346006 -24.76000000
-45.06506711 -166.76242818 -24.76000000
-48.23499306 -166.00139629 -24.76000000
-51.40491900 -165.24036440 -24.76000000
0.00000000 0.00000000 0.00000000
0.00000000 0.00000000 0.00000000
-54.57484494 -164.47933252 -21.50000000
-57.74477088 -163.71830063 -21.50000000
-60.91469682 -162.95726874 -21.50000000
-64.08462276 -162.19623686 -21.50000000
-54.57484494 -164.47933252 -24.76000000
-57.74477088 -163.71830063 -24.76000000
-60.91469682 -162.95726874 -24.76000000
-64.08462276 -162.19623686 -24.76000000
-29.21543741 -170.56758761 -21.50000000
-32.38536335 -169.80655572 -21.50000000
-35.55528929 -169.04552383 -21.50000000
-38.72521523 -168.28449195 -21.50000000
-29.21543741 -170.56758761 -24.76000000
-32.38536335 -169.80655572 -24.76000000
-35.55528929 -169.04552383 -24.76000000
-38.72521523 -168.28449195 -24.76000000
0.00000000 0.00000000 0.00000000
0.00000000 0.00000000 0.00000000
-16.53573365 -173.61171515 -21.50000000
-19.70565959 -172.85068326 -21.50000000
-22.87558553 -172.08965138 -21.50000000
-26.04551147 -171.32861949 -21.50000000
-16.53573365 -173.61171515 -24.76000000
-19.70565959 -172.85068326 -24.76000000
-22.87558553 -172.08965138 -24.76000000
-26.04551147 -171.32861949 -24.76000000
-38.72521523 -168.28449195 -18.24000000
-35.55528929 -169.04552383 -18.24000000
-32.38536335 -169.80655572 -18.24000000
-29.21543741 -170.56758761 -18.24000000
-38.72521523 -168.28449195 -14.98000000
-35.55528929 -169.04552383 -14.98000000
-32.38536335 -169.80655572 -14.98000000
-29.21543741 -170.56758761 -14.98000000
0.00000000 0.00000000 0.00000000
0.00000000 0.00000000 0.00000000
-26.04551147 -171.32861949 -18.24000000
-22.87558553 -172.08965138 -18.24000000
-19.70565959 -172.85068326 -18.24000000
-16.53573365 -173.61171515 -18.24000000
-26.04551147 -171.32861949 -14.98000000
-22.87558553 -172.08965138 -14.98000000
-19.70565959 -172.85068326 -14.98000000
-16.53573365 -173.61171515 -14.98000000
-29.21543741 -170.56758761 -8.46000000
-32.38536335 -169.80655572 -8.46000000
-35.55528929 -169.04552383 -8.46000000
-38.72521523 -168.28449195 -8.46000000
-29.21543741 -170.56758761 -11.72000000
-32.38536335 -169.80655572 -11.72000000
-35.55528929 -169.04552383 -11.72000000
-38.72521523 -168.28449195 -11.72000000
0.00000000 0.00000000 0.00000000
0.00000000 0.00000000 0.00000000
-16.53573365 -173.61171515 -8.46000000
-19.70565959 -172.85068326 -8.46000000
-22.87558553 -172.08965138 -8.46000000
-26.04551147 -171.32861949 -8.46000000
-16.53573365 -173.61171515 -11.72000000
-19.70565959 -172.85068326 -11.72000000
-22.87558553 -172.08965138 -11.72000000
-26.04551147 -171.32861949 -11.72000000
-38.72521523 -168.28449195 -5.20000000
-35.55528929 -169.04552383 -5.20000000
-32.38536335 -169.80655572 -5.20000000
-29.21543741 -170.56758761 -5.20000000
-38.72521523 -168.28449195 -1.94000000
-35.55528929 -169.04552383 -1.94000000
-32.38536335 -169.80655572 -1.94000000
-29.21543741 -170.56758761 -1.94000000
0.00000000 0.00000000 0.00000000
0.00000000 0.00000000 0.00000000
-26.04551147 -171.32861949 -5.20000000
-22.87558553 -172.08965138 -5.20000000
-19.70565959 -172.85068326 -5.20000000
-16.53573365 -173.61171515 -5.20000000
-26.04551147 -171.32861949 -1.94000000
-22.87558553 -172.08965138 -1.94000000
-19.70565959 -172.85068326 -1.94000000
-16.53573365 -173.61171515 -1.94000000
-51.40491900 -165.24036440 21.50000000
-48.23499306 -166.00139629 21.50000000
-45.06506711 -166.76242818 21.50000000
-41.89514117 -167.52346006 21.50000000
-51.40491900 -165.24036440 24.76000000
-48.23499306 -166.00139629 24.76000000
-45.06506711 -166.76242818 24.76000000
-41.89514117 -167.52346006 24.76000000
0.00000000 0.00000000 0.00000000
0.00000000 0.00000000 0.00000000
-64.08462276 -162.19623686 21.50000000
-60.91469682 -162.95726874 21.50000000
-57.74477088 -163.71830063 21.50000000
-54.57484494 -164.47933252 21.50000000
-64.08462276 -162.19623686 24.76000000
-60.91469682 -162.95726874 24.76000000
-57.74477088 -163.71830063 24.76000000
-54.57484494 -164.47933252 24.76000000
-41.89514117 -167.52346006 18.24000000
-45.06506711 -166.76242818 18.24000000
-48.23499306 -166.00139629 18.24000000
-51.40491900 -165.24036440 18.24000000
-41.89514117 -167.52346006 14.98000000
-45.06506711 -166.76242818 14.98000000
-48.23499306 -166.00139629 14.98000000
-51.40491900 -165.24036440 14.98000000
0.00000000 0.00000000 0.00000000
0.00000000 0.00000000 0.00000000
-54.57484494 -164.47933252 18.24000000
-57.74477088 -163.71830063 18.24000000
-60.91469682 -162.95726874 18.24000000
-64.08462276 -162.19623686 18.24000000
-54.57484494 -164.47933252 14.98000000
-57.74477088 -163.71830063 14.98000000
-60.91469682 -162.95726874 14.98000000
-64.08462276 -162.19623686 14.98000000
-51.40491900 -165.24036440 8.46000000
-48.23499306 -166.00139629 8.46000000
-45.06506711 -166.76242818 8.46000000
-41.89514117 -167.52346006 8.46000000
-51.40491900 -165.24036440 11.72000000
-48.23499306 -166.00139629 11.72000000
-45.06506711 -166.76242818 11.72000000
-41.89514117 -167.52346006 11.72000000
0.00000000 0.00000000 0.00000000
0.00000000 0.00000000 0.00000000
-64.08462276 -162.19623686 8.46000000
-60.91469682 -162.95726874 8.46000000
-57.74477088 -163.71830063 8.46000000
-54.57484494 -164.47933252 8.46000000
-64.08462276 -162.19623686 11.72000000
-60.91469682 -162.95726874 11.72000000
-57.74477088 -163.71830063 11.72000000
-54.57484494 -164.47933252 11.72000000
-41.89514117 -167.52346006 5.20000000
-45.06506711 -166.76242818 5.20000000
-48.23499306 -166.00139629 5.20000000
-51.40491900 -165.24036440 5.20000000
-41.89514117 -167.52346006 1.94000000
-45.06506711 -166.76242818 1.94000000
-48.23499306 -166.00139629 1.94000000
-51.40491900 -165.24036440 1.94000000
0.00000000 0.00000000 0.00000000
0.00000000 0.00000000 0.00000000
-54.57484494 -164.47933252 5.20000000
-57.74477088 -163.71830063 5.20000000
-60.91469682 -162.95726874 5.20000000
-64.08462276 -162.19623686 5.20000000
-54.57484494 -164.47933252 1.94000000
-57.74477088 -163.71830063 1.94000000
-60.91469682 -162.95726874 1.94000000
-64.08462276 -162.19623686 1.94000000
-29.21543741 -170.56758761 5.20000000
-32.38536335 -169.80655572 5.20000000
-35.55528929 -169.04552383 5.20000000
-38.72521523 -168.28449195 5.20000000
-29.21543741 -170.56758761 1.94000000
-32.38536335 -169.80655572 1.94000000
-35.55528929 -169.04552383 1.94000000
-38.72521523 -168.28449195 1.94000000
0.00000000 0.00000000 0.00000000
0.00000000 0.00000000 0.00000000
-16.53573365 -173.61171515 5.20000000
-19.70565959 -172.85068326 5.20000000
-22.87558553 -172.08965138 5.20000000
-26.04551147 -171.32861949 5.20000000
-16.53573365 -173.61171515 1.94000000
-19.70565959 -172.85068326 1.94000000
-22.87558553 -172.08965138 1.94000000
-26.04551147 -171.32861949 1.94000000
-38.72521523 -168.28449195 8.46000000
-35.55528929 -169.04552383 8.46000000
-32.38536335 -169.80655572 8.46000000
-29.21543741 -170.56758761 8.46000000
-38.72521523 -168.28449195 11.72000000
-35.55528929 -169.04552383 11.72000000
-32.38536335 -169.80655572 11.72000000
-29.21543741 -170.56758761 11.72000000
0.00000000 0.00000000 0.00000000
0.00000000 0.00000000 0.00000000
-26.04551147 -171.32861949 8.46000000
-22.87558553 -172.08965138 8.46000000
-19.70565959 -172.85068326 8.46000000
-16.53573365 -173.61171515 8.46000000
-26.04551147 -171.32861949 11.72000000
-22.87558553 -172.08965138 11.72000000
-19.70565959 -172.85068326 11.72000000
-16.53573365 -173.61171515 11.72000000
-29.21543741 -170.56758761 18.24000000
-32.38536335 -169.80655572 18.24000000
-35.55528929 -169.04552383 18.24000000
-38.72521523 -168.28449195 18.24000000
-29.21543741 -170.56758761 14.98000000
-32.38536335 -169.80655572 14.98000000
-35.55528929 -169.04552383 14.98000000
-38.72521523 -168.28449195 14.98000000
0.00000000 0.00000000 0.00000000
0.00000000 0.00000000 0.00000000
-16.53573365 -173.61171515 18.24000000
-19.70565959 -172.85068326 18.24000000
-22.87558553 -172.08965138 18.24000000
-26.04551147 -171.32861949 18.24000000
-16.53573365 -173.61171515 14.98000000
-19.70565959 -172.85068326 14.98000000
-22.87558553 -172.08965138 14.98000000
-26.04551147 -171.32861949 14.98000000
-38.72521523 -168.28449195 21.50000000
-35.55528929 -169.04552383 21.50000000
-32.38536335 -169.80655572 21.50000000
-29.21543741 -170.56758761 21.50000000
-38.72521523 -168.28449195 24.76000000
-35.55528929 -169.04552383 24.76000000
-32.38536335 -169.80655572 24.76000000
-29.21543741 -170.56758761 24.76000000
0.00000000 0.00000000 0.00000000
0.00000000 0.00000000 0.00000000
-26.04551147 -171.32861949 21.50000000
-22.87558553 -172.08965138 21.50000000
-19.70565959 -172.85068326 21.50000000
-16.53573365 -173.61171515 21.50000000
-26.04551147 -171.32861949 24.76000000
-22.87558553 -172.08965138 24.76000000
-19.70565959 -172.85068326 24.76000000
-16.53573365 -173.61171515 24.76000000
-51.40491900 -165.24036440 48.20000000
-48.23499306 -166.00139629 48.20000000
-45.06506711 -166.76242818 48.20000000
-41.89514117 -167.52346006 48.20000000
-51.40491900 -165.24036440 51.46000000
-48.23499306 -166.00139629 51.46000000
-45.06506711 -166.76242818 51.46000000
-41.89514117 -167.52346006 51.46000000
0.00000000 0.00000000 0.00000000
0.00000000 0.00000000 0.00000000
-64.08462276 -162.19623686 48.20000000
-60.91469682 -162.95726874 48.20000000
-57.74477088 -163.71830063 48.20000000
-54.57484494 -164.47933252 48.20000000
-64.08462276 -162.19623686 51.46000000
-60.91469682 -162.95726874 51.46000000
-57.74477088 -163.71830063 51.46000000
-54.57484494 -164.47933252 51.46000000
-41.89514117 -167.52346006 44.94000000
-45.06506711 -166.76242818 44.94000000
-48.23499306 -166.00139629 44.94000000
-51.40491900 -165.24036440 44.94000000
-41.89514117 -167.52346006 41.68000000
-45.06506711 -166.76242818 41.68000000
-48.23499306 -166.00139629 41.68000000
-51.40491900 -165.24036440 41.68000000
0.00000000 0.00000000 0.00000000
0.00000000 0.00000000 0.00000000
-54.57484494 -164.47933252 44.94000000
-57.74477088 -163.71830063 44.94000000
-60.91469682 -162.95726874 44.94000000
-64.08462276 -162.19623686 44.94000000
-54.57484494 -164.47933252 41.68000000
-57.74477088 -163.71830063 41.68000000
-60.91469682 -162.95726874 41.68000000
-64.08462276 -162.19623686 41.68000000
-51.40491900 -165.24036440 35.16000000
-48.23499306 -166.00139629 35.16000000
-45.06506711 -166.76242818 35.16000000
-41.89514117 -167.52346006 35.16000000
-51.40491900 -165.24036440 38.42000000
-48.23499306 -166.00139629 38.42000000
-45.06506711 -166.76242818 38.42000000
-41.89514117 -167.52346006 38.42000000
0.00000000 0.00000000 0.00000000
0.00000000 0.00000000 0.00000000
-64.08462276 -162.19623686 35.16000000
-60.91469682 -162.95726874 35.16000000
-57.74477088 -163.71830063 35.16000000
-54.57484494 -164.47933252 35.16000000
-64.08462276 -162.19623686 38.42000000
-60.91469682 -162.95726874 38.42000000
-57.74477088 -163.71830063 38.42000000
-54.57484494 -164.47933252 38.42000000
-41.89514117 -167.52346006 31.90000000
-45.06506711 -166.76242818 31.90000000
-48.23499306 -166.00139629 31.90000000
-51.40491900 -165.24036440 31.90000000
-41.89514117 -167.52346006 28.64000000
-45.06506711 -166.76242818 28.64000000
-48.23499306 -166.00139629 28.64000000
-51.40491900 -165.24036440 28.64000000
0.00000000 0.00000000 0.00000000
0.00000000 0.00000000 0.00000000
-54.57484494 -164.47933252 31.90000000
-57.74477088 -163.71830063 31.90000000
-60.91469682 -162.95726874 31.90000000
-64.08462276 -162.19623686 31.90000000
-54.57484494 -164.47933252 28.64000000
-57.74477088 -163.71830063 28.64000000
-60.91469682 -162.95726874 28.64000000
-64.08462276 -162.19623686 28.64000000
-29.21543741 -170.56758761 31.90000000
-32.38536335 -169.80655572 31.90000000
-35.55528929 -169.04552383 31.90000000
-38.72521523 -168.28449195 31.90000000
-29.21543741 -170.56758761 28.64000000
-32.38536335 -169.80655572 28.64000000
-35.55528929 -169.04552383 28.64000000
-38.72521523 -168.28449195 28.64000000
0.00000000 0.00000000 0.00000000
0.00000000 0.00000000 0.00000000
-16.53573365 -173.61171515 31.90000000
-19.70565959 -172.85068326 31.90000000
-22.87558553 -172.08965138 31.90000000
-26.04551147 -171.32861949 31.90000000
-16.53573365 -173.61171515 28.64000000
-19.70565959 -172.85068326 28.64000000
-22.87558553 -172.08965138 28.64000000
-26.04551147 -171.32861949 28.64000000
-38.72521523 -168.28449195 35.16000000
-35.55528929 -169.04552383 35.16000000
-32.38536335 -169.80655572 35.16000000
-29.21543741 -170.56758761 35.16000000
-38.72521523 -168.28449195 38.42000000
-35.55528929 -169.04552383 38.42000000
-32.38536335 -169.80655572 38.42000000
-29.21543741 -170.56758761 38.42000000
0.00000000 0.00000000 0.00000000
0.00000000 0.00000000 0.00000000
-26.04551147 -171.32861949 35.16000000
-22.87558553 -172.08965138 35.16000000
-19.70565959 -172.85068326 35.16000000
-16.53573365 -173.61171515 35.16000000
-26.04551147 -171.32861949 38.42000000
-22.87558553 -172.08965138 38.42000000
-19.70565959 -172.85068326 38.42000000
-16.53573365 -173.61171515 38.42000000
-29.21543741 -170.56758761 44.94000000
-32.38536335 -169.80655572 44.94000000
-35.55528929 -169.04552383 44.94000000
-38.72521523 -168.28449195 44.94000000
-29.21543741 -170.56758761 41.68000000
-32.38536335 -169.80655572 41.68000000
-35.55528929 -169.04552383 41.68000000
-38.72521523 -168.28449195 41.68000000
0.00000000 0.00000000 0.00000000
0.00000000 0.00000000 0.00000000
-16.53573365 -173.61171515 44.94000000
-19.70565959 -172.85068326 44.94000000
-22.87558553 -172.08965138 44.94000000
-26.04551147 -171.32861949 44.94000000
-16.53573365 -173.61171515 41.68000000
-19.70565959 -172.85068326 41.68000000
-22.87558553 -172.08965138 41.68000000
-26.04551147 -171.32861949 41.68000000
-38.72521523 -168.28449195 48.20000000
-35.55528929 -169.04552383 48.20000000
-32.38536335 -169.80655572 48.20000000
-29.21543741 -170.56758761 48.20000000
-38.72521523 -168.28449195 51.46000000
-35.55528929 -169.04552383 51.46000000
-32.38536335 -169.80655572 51.46000000
-29.21543741 -170.56758761 51.46000000
0.00000000 0.00000000 0.00000000
0.00000000 0.00000000 0.00000000
-26.04551147 -171.32861949 48.20000000
-22.87558553 -172.08965138 48.20000000
-19.70565959 -172.85068326 48.20000000
-16.53573365 -173.61171515 48.20000000
-26.04551147 -171.32861949 51.46000000
-22.87558553 -172.08965138 51.46000000
-19.70565959 -172.85068326 51.46000000
-16.53573365 -173.61171515 51.46000000
-51.40491900 -165.24036440 74.90000000
-48.23499306 -166.00139629 74.90000000
-45.06506711 -166.76242818 74.90000000
-41.89514117 -167.52346006 74.90000000
-51.40491900 -165.24036440 78.16000000
-48.23499306 -166.00139629 78.16000000
-45.06506711 -166.76242818 78.16000000
-41.89514117 -167.52346006 78.16000000
0.00000000 0.00000000 0.00000000
0.00000000 0.00000000 0.00000000
-64.08462276 -162.19623686 74.90000000
-60.91469682 -162.95726874 74.90000000
-57.74477088 -163.71830063 74.90000000
-54.57484494 -164.47933252 74.90000000
-64.08462276 -162.19623686 78.16000000
-60.91469682 -162.95726874 78.16000000
-57.74477088 -163.71830063 78.16000000
-54.57484494 -164.47933252 78.16000000
-41.89514117 -167.52346006 71.64000000
-45.06506711 -166.76242818 71.64000000
-48.23499306 -166.00139629 71.64000000
-51.40491900 -165.24036440 71.64000000
-41.89514117 -167.52346006 68.38000000
-45.06506711 -166.76242818 68.38000000
-48.23499306 -166.00139629 68.38000000
-51.40491900 -165.24036440 68.38000000
0.00000000 0.00000000 0.00000000
0.00000000 0.00000000 0.00000000
-54.57484494 -164.47933252 71.64000000
-57.74477088 -163.71830063 71.64000000
-60.91469682 -162.95726874 71.64000000
-64.08462276 -162.19623686 71.64000000
-54.57484494 -164.47933252 68.38000000
-57.74477088 -163.71830063 68.38000000
-60.91469682 -162.95726874 68.38000000
-64.08462276 -162.19623686 68.38000000
-51.40491900 -165.24036440 61.86000000
-48.23499306 -166.00139629 61.86000000
-45.06506711 -166.76242818 61.86000000
-41.89514117 -167.52346006 61.86000000
-51.40491900 -165.24036440 65.12000000
-48.23499306 -166.00139629 65.12000000
-45.06506711 -166.76242818 65.12000000
-41.89514117 -167.52346006 65.12000000
0.00000000 0.00000000 0.00000000
0.00000000 0.00000000 0.00000000
-64.08462276 -162.19623686 61.86000000
-60.91469682 -162.95726874 61.86000000
-57.74477088 -163.71830063 61.86000000
-54.57484494 -164.47933252 61.86000000
-64.08462276 -162.19623686 65.12000000
-60.91469682 -162.95726874 65.12000000
-57.74477088 -163.71830063 65.12000000
-54.57484494 -164.47933252 65.12000000
-41.89514117 -167.52346006 58.60000000
-45.06506711 -166.76242818 58.60000000
-48.23499306 -166.00139629 58.60000000
-51.40491900 -165.24036440 58.60000000
-41.89514117 -167.52346006 55.34000000
-45.06506711 -166.76242818 55.34000000
-48.23499306 -166.00139629 55.34000000
-51.40491900 -165.24036440 55.34000000
0.00000000 0.00000000 0.00000000
0.00000000 0.00000000 0.00000000
-54.57484494 -164.47933252 58.60000000
-57.74477088 -163.71830063 58.60000000
-60.91469682 -162.95726874 58.60000000
-64.08462276 -162.19623686 58.60000000
-54.57484494 -164.47933252 55.34000000
-57.74477088 -163.71830063 55.34000000
-60.91469682 -162.95726874 55.34000000
-64.08462276 -162.19623686 55.34000000
-29.21543741 -170.56758761 58.60000000
-32.38536335 -169.80655572 58.60000000
-35.55528929 -169.04552383 58.60000000
-38.72521523 -168.28449195 58.60000000
-29.21543741 -170.56758761 55.34000000
-32.38536335 -169.80655572 55.34000000
-35.55528929 -169.04552383 55.34000000
-38.72521523 -168.28449195 55.34000000
0.00000000 0.00000000 0.00000000
0.00000000 0.00000000 0.00000000
-16.53573365 -173.61171515 58.60000000
-19.70565959 -172.85068326 58.60000000
-22.87558553 -172.08965138 58.60000000
-26.04551147 -171.32861949 58.60000000
-16.53573365 -173.61171515 55.34000000
-19.70565959 -172.85068326 55.34000000
-22.87558553 -172.08965138 55.34000000
-26.04551147 -171.32861949 55.34000000
-38.72521523 -168.28449195 61.86000000
-35.55528929 -169.04552383 61.86000000
-32.38536335 -169.80655572 61.86000000
-29.21543741 -170.56758761 61.86000000
-38.72521523 -168.28449195 65.12000000
-35.55528929 -169.04552383 65.12000000
-32.38536335 -169.80655572 65.12000000
-29.21543741 -170.56758761 65.12000000
0.00000000 0.00000000 0.00000000
0.00000000 0.00000000 0.00000000
-26.04551147 -171.32861949 61.86000000
-22.87558553 -172.08965138 61.86000000
-19.70565959 -172.85068326 61.86000000
-16.53573365 -173.61171515 61.86000000
-26.04551147 -171.32861949 65.12000000
-22.87558553 -172.08965138 65.12000000
-19.70565959 -172.85068326 65.12000000
-16.53573365 -173.61171515 65.12000000
-29.21543741 -170.56758761 71.64000000
-32.38536335 -169.80655572 71.64000000
-35.55528929 -169.04552383 71.64000000
-38.72521523 -168.28449195 71.64000000
-29.21543741 -170.56758761 68.38000000
-32.38536335 -169.80655572 68.38000000
-35.55528929 -169.04552383 68.38000000
-38.72521523 -168.28449195 68.38000000
0.00000000 0.00000000 0.00000000
0.00000000 0.00000000 0.00000000
-16.53573365 -173.61171515 71.64000000
-19.70565959 -172.85068326 71.64000000
-22.87558553 -172.08965138 71.64000000
-26.04551147 -171.32861949 71.64000000
-16.53573365 -173.61171515 68.38000000
-19.70565959 -172.85068326 68.38000000
-22.87558553 -172.08965138 68.38000000
-26.04551147 -171.32861949 68.38000000
-38.72521523 -168.28449195 74.90000000
-35.55528929 -169.04552383 74.90000000
-32.38536335 -169.80655572 74.90000000
-29.21543741 -170.56758761 74.90000000
-38.72521523 -168.28449195 78.16000000
-35.55528929 -169.04552383 78.16000000
-32.38536335 -169.80655572 78.16000000
-29.21543741 -170.56758761 78.16000000
0.00000000 0.00000000 0.00000000
0.00000000 0.00000000 0.00000000
-26.04551147 -171.32861949 74.90000000
-22.87558553 -172.08965138 74.90000000
-19.70565959 -172.85068326 74.90000000
-16.53573365 -173.61171515 74.90000000
-26.04551147 -171.32861949 78.16000000
-22.87558553 -172.08965138 78.16000000
-19.70565959 -172.85068326 78.16000000
-16.53573365 -173.61171515 78.16000000
-110.72670235 -132.99037978 -58.60000000
-108.08930694 -134.90655970 -58.60000000
-105.45191154 -136.82273962 -58.60000000
-102.81451614 -138.73891954 -58.60000000
-110.72670235 -132.99037978 -55.34000000
-108.08930694 -134.90655970 -55.34000000
-105.45191154 -136.82273962 -55.34000000
-102.81451614 -138.73891954 -55.34000000
0.00000000 0.00000000 0.00000000
0.00000000 0.00000000 0.00000000
-121.27628395 -125.32566009 -58.60000000
-118.63888855 -127.24184001 -58.60000000
-116.00149315 -129.15801993 -58.60000000
-113.36409775 -131.07419985 -58.60000000
-121.27628395 -125.32566009 -55.34000000
-118.63888855 -127.24184001 -55.34000000
-116.00149315 -129.15801993 -55.34000000
-113.36409775 -131.07419985 -55.34000000
-102.81451614 -138.73891954 -61.86000000
-105.45191154 -136.82273962 -61.86000000
-108.08930694 -134.90655970 -61.86000000
-110.72670235 -132.99037978 -61.86000000
-102.81451614 -138.73891954 -65.12000000
-105.45191154 -136.82273962 -65.12000000
-108.08930694 -134.90655970 -65.12000000
-110.72670235 -132.99037978 -65.12000000
0.00000000 0.00000000 0.00000000
0.00000000 0.00000000 0.00000000
-113.36409775 -131.07419985 -61.86000000
-116.00149315 -129.15801993 -61.86000000
-118.63888855 -127.24184001 -61.86000000
-121.27628395 -125.32566009 -61.86000000
-113.36409775 -131.07419985 -65.12000000
-116.00149315 -129.15801993 -65.12000000
-118.63888855 -127.24184001 -65.12000000
-121.27628395 -125.32566009 -65.12000000
-110.72670235 -132.99037978 -71.64000000
-108.08930694 -134.90655970 -71.64000000
-105.45191154 -136.82273962 -71.64000000
-102.81451614 -138.73891954 -71.64000000
-110.72670235 -132.99037978 -68.38000000
-108.08930694 -134.90655970 -68.38000000
-105.45191154 -136.82273962 -68.38000000
-102.81451614 -138.73891954 -68.38000000
0.00000000 0.00000000 0.00000000
0.00000000 0.00000000 0.00000000
-121.27628395 -125.32566009 -71.64000000
-118.63888855 -127.24184001 -71.64000000
-116.00149315 -129.15801993 -71.64000000
-113.36409775 -131.07419985 -71.64000000
-121.27628395 -125.32566009 -68.38000000
-118.63888855 -127.24184001 -68.38000000
-116.00149315 -129.15801993 -68.38000000
-113.36409775 -131.07419985 -68.38000000
-102.81451614 -138.73891954 -74.90000000
-105.45191154 -136.82273962 -74.90000000
-108.08930694 -134.90655970 -74.90000000
-110.72670235 -132.99037978 -74.90000000
-102.81451614 -138.73891954 -78.16000000
-105.45191154 -136.82273962 -78.16000000
-108.08930694 -134.90655970 -78.16000000
-110.72670235 -132.99037978 -78.16000000
0.00000000 0.00000000 0.00000000
0.00000000 0.00000000 0.00000000
-113.36409775 -131.07419985 -74.90000000
-116.00149315 -129.15801993 -74.90000000
-118.63888855 -127.24184001 -74.90000000
-121.27628395 -125.32566009 -74.90000000
-113.36409775 -131.07419985 -78.16000000
-116.00149315 -129.15801993 -78.16000000
-118.63888855 -127.24184001 -78.16000000
-121.27628395 -125.32566009 -78.16000000
-92.26493453 -146.40363923 -74.90000000
-94.90232994 -144.48745931 -74.90000000
-97.53972534 -142.57127939 -74.90000000
-100.17712074 -140.65509946 -74.90000000
-92.26493453 -146.40363923 -78.16000000
-94.90232994 -144.48745931 -78.16000000
-97.53972534 -142.57127939 -78.16000000
-100.17712074 -140.65509946 -78.16000000
0.00000000 0.00000000 0.00000000
0.00000000 0.00000000 0.00000000
-81.71535293 -154.06835892 -74.90000000
-84.35274833 -152.15217900 -74.90000000
-86.99014373 -150.23599908 -74.90000000
-89.62753913 -148.31981915 -74.90000000
-81.71535293 -154.06835892 -78.16000000
-84.35274833 -152.15217900 -78.16000000
-86.99014373 -150.23599908 -78.16000000
-89.62753913 -148.31981915 -78.16000000
-100.17712074 -140.65509946 -71.64000000
-97.53972534 -142.57127939 -71.64000000
-94.90232994 -144.48745931 -71.64000000
-92.26493453 -146.40363923 -71.64000000
-100.17712074 -140.65509946 -68.38000000
-97.53972534 -142.57127939 -68.38000000
-94.90232994 -144.48745931 -68.38000000
-92.26493453 -146.40363923 -68.38000000
0.00000000 0.00000000 0.00000000
0.00000000 0.00000000 0.00000000
-89.62753913 -148.31981915 -71.64000000
-86.99014373 -150.23599908 -71.64000000
-84.35274833 -152.15217900 -71.64000000
-81.71535293 -154.06835892 -71.64000000
-89.62753913 -148.31981915 -68.38000000
-86.99014373 -150.23599908 -68.38000000
-84.35274833 -152.15217900 -68.38000000
-81.71535293 -154.06835892 -68.38000000
-92.26493453 -146.40363923 -61.86000000
-94.90232994 -144.48745931 -61.86000000
-97.53972534 -142.57127939 -61.86000000
-100.17712074 -140.65509946 -61.86000000
-92.26493453 -146.40363923 -65.12000000
-94.90232994 -144.48745931 -65.12000000
-97.53972534 -142.57127939 -65.12000000
-100.17712074 -140.65509946 -65.12000000
0.00000000 0.00000000 0.00000000
0.00000000 0.00000000 0.00000000
-81.71535293 -154.06835892 -61.86000000
-84.35274833 -152.15217900 -61.86000000
-86.99014373 -150.23599908 -61.86000000
-89.62753913 -148.31981915 -61.86000000
-81.71535293 -154.06835892 -65.12000000
-84.35274833 -152.15217900 -65.12000000
-86.99014373 -150.23599908 -65.12000000
-89.62753913 -148.31981915 -65.12000000
-100.17712074 -140.65509946 -58.60000000
-97.53972534 -142.57127939 -58.60000000
-94.90232994 -144.48745931 -58.60000000
-92.26493453 -146.40363923 -58.60000000
-100.17712074 -140.65509946 -55.34000000
-97.53972534 -142.57127939 -55.34000000
-94.90232994 -144.48745931 -55.34000000
-92.26493453 -146.40363923 -55.34000000
0.00000000 0.00000000 0.00000000
0.00000000 0.00000000 0.00000000
-89.62753913 -148.31981915 -58.60000000
-86.99014373 -150.23599908 -58.60000000
-84.35274833 -152.15217900 -58.60000000
-81.71535293 -154.06835892 -58.60000000
-89.62753913 -148.31981915 -55.34000000
-86.99014373 -150.23599908 -55.34000000
-84.35274833 -152.15217900 -55.34000000
-81.71535293 -154.06835892 -55.34000000
-110.72670235 -132.99037978 -31.90000000
-108.08930694 -134.90655970 -31.90000000
-105.45191154 -136.82273962 -31.90000000
-102.81451614 -138.73891954 -31.90000000
-110.72670235 -132.99037978 -28.64000000
-108.08930694 -134.90655970 -28.64000000
-105.45191154 -136.82273962 -28.64000000
-102.81451614 -138.73891954 -28.64000000
0.00000000 0.00000000 0.00000000
0.00000000 0.00000000 0.00000000
-121.27628395 -125.32566009 -31.90000000
-118.63888855 -127.24184001 -31.90000000
-116.00149315 -129.15801993 -31.90000000
-113.36409775 -131.07419985 -31.90000000
-121.27628395 -125.32566009 -28.64000000
-118.63888855 -127.24184001 -28.64000000
-116.00149315 -129.15801993 -28.64000000
-113.36409775 -131.07419985 -28.64000000
-102.81451614 -138.73891954 -35.16000000
-105.45191154 -136.82273962 -35.16000000
-108.08930694 -134.90655970 -35.16000000
-110.72670235 -132.99037978 -35.16000000
-102.81451614 -138.73891954 -38.42000000
-105.45191154 -136.82273962 -38.42000000
-108.08930694 -134.90655970 -38.42000000
-110.72670235 -132.99037978 -38.42000000
0.00000000 0.00000000 0.00000000
0.00000000 0.00000000 0.00000000
-113.36409775 -131.07419985 -35.16000000
-116.00149315 -129.15801993 -35.16000000
-118.63888855 -127.24184001 -35.16000000
-121.27628395 -125.32566009 -35.16000000
-113.36409775 -131.07419985 -38.42000000
-116.00149315 -129.15801993 -38.42000000
-118.63888855 -127.24184001 -38.42000000
-121.27628395 -125.32566009 -38.42000000
-110.72670235 -132.99037978 -44.94000000
-108.08930694 -134.90655970 -44.94000000
-105.45191154 -136.82273962 -44.94000000
-102.81451614 -138.73891954 -44.94000000
-110.72670235 -132.99037978 -41.68000000
-108.08930694 -134.90655970 -41.68000000
-105.45191154 -136.82273962 -41.68000000
-102.81451614 -138.73891954 -41.68000000
0.00000000 0.00000000 0.00000000
0.00000000 0.00000000 0.00000000
-121.27628395 -125.32566009 -44.94000000
-118.63888855 -127.24184001 -44.94000000
-116.00149315 -129.15801993 -44.94000000
-113.36409775 -131.07419985 -44.94000000
-121.27628395 -125.32566009 -41.68000000
-118.63888855 -127.24184001 -41.68000000
-116.00149315 -129.15801993 -41.68000000
-113.36409775 -131.07419985 -41.68000000
-102.81451614 -138.73891954 -48.20000000
-105.45191154 -136.82273962 -48.20000000
-108.08930694 -134.90655970 -48.20000000
-110.72670235 -132.99037978 -48.20000000
-102.81451614 -138.73891954 -51.46000000
-105.45191154 -136.82273962 -51.46000000
-108.08930694 -134.90655970 -51.46000000
-110.72670235 -132.99037978 -51.46000000
0.00000000 0.00000000 0.00000000
0.00000000 0.00000000 0.00000000
-113.36409775 -131.07419985 -48.20000000
-116.00149315 -129.15801993 -48.20000000
-118.63888855 -127.24184001 -48.20000000
-121.27628395 -125.32566009 -48.20000000
-113.36409775 -131.07419985 -51.46000000
-116.00149315 -129.15801993 -51.46000000
-118.63888855 -127.24184001 -51.46000000
-121.27628395 -125.32566009 -51.46000000
-92.26493453 -146.40363923 -48.20000000
-94.90232994 -144.48745931 -48.20000000
-97.53972534 -142.57127939 -48.20000000
-100.17712074 -140.65509946 -48.20000000
-92.26493453 -146.40363923 -51.46000000
-94.90232994 -144.48745931 -51.46000000
-97.53972534 -142.57127939 -51.46000000
-100.17712074 -140.65509946 -51.46000000
0.00000000 0.00000000 0.00000000
0.00000000 0.00000000 0.00000000
-81.71535293 -154.06835892 -48.20000000
-84.35274833 -152.15217900 -48.20000000
-86.99014373 -150.23599908 -48.20000000
-89.62753913 -148.31981915 -48.20000000
-81.71535293 -154.06835892 -51.46000000
-84.35274833 -152.15217900 -51.46000000
-86.99014373 -150.23599908 -51.46000000
-89.62753913 -148.31981915 -51.46000000
-100.17712074 -140.65509946 -44.94000000
-97.53972534 -142.57127939 -44.94000000
-94.90232994 -144.48745931 -44.94000000
-92.26493453 -146.40363923 -44.94000000
-100.17712074 -140.65509946 -41.68000000
-97.53972534 -142.57127939 -41.68000000
-94.90232994 -144.48745931 -41.68000000
-92.26493453 -146.40363923 -41.68000000
0.00000000 0.00000000 0.00000000
0.00000000 0.00000000 0.00000000
-89.62753913 -148.31981915 -44.94000000
-86.99014373 -150.23599908 -44.94000000
-84.35274833 -152.15217900 -44.94000000
-81.71535293 -154.06835892 -44.94000000
-89.62753913 -148.31981915 -41.68000000
-86.99014373 -150.23599908 -41.68000000
-84.35274833 -152.15217900 -41.68000000
-81.71535293 -154.06835892 -41.68000000
-92.26493453 -146.40363923 -35.16000000
-94.90232994 -144.48745931 -35.16000000
-97.53972534 -142.57127939 -35.16000000
-100.17712074 -140.65509946 -35.16000000
-92.26493453 -146.40363923 -38.42000000
-94.90232994 -144.48745931 -38.42000000
-97.53972534 -142.57127939 -38.42000000
-100.17712074 -140.65509946 -38.42000000
0.00000000 0.00000000 0.00000000
0.00000000 0.00000000 0.00000000
-81.71535293 -154.06835892 -35.16000000
-84.35274833 -152.15217900 -35.16000000
-86.99014373 -150.23599908 -35.16000000
-89.62753913 -148.31981915 -35.16000000
-81.71535293 -154.06835892 -38.42000000
-84.35274833 -152.15217900 -38.42000000
-86.99014373 -150.23599908 -38.42000000
-89.62753913 -148.31981915 -38.42000000
-100.17712074 -140.65509946 -31.90000000
-97.53972534 -142.57127939 -31.90000000
-94.90232994 -144.48745931 -31.90000000
-92.26493453 -146.40363923 -31.90000000
-100.17712074 -140.65509946 -28.64000000
-97.53972534 -142.57127939 -28.64000000
-94.90232994 -144.48745931 -28.64000000
-92.26493453 -146.40363923 -28.64000000
0.00000000 0.00000000 0.00000000
0.00000000 0.00000000 0.00000000
-89.62753913 -148.31981915 -31.90000000
-86.99014373 -150.23599908 -31.90000000
-84.35274833 -152.15217900 -31.90000000
-81.71535293 -154.06835892 -31.90000000
-89.62753913 -148.31981915 -28.64000000
-86.99014373 -150.23599908 -28.64000000
-84.35274833 -152.15217900 -28.64000000
-81.71535293 -154.06835892 -28.64000000
-110.72670235 -132.99037978 -5.20000000
-108.08930694 -134.90655970 -5.20000000
-105.45191154 -136.82273962 -5.20000000
-102.81451614 -138.73891954 -5.20000000
-110.72670235 -132.99037978 -1.94000000
-108.08930694 -134.90655970 -1.94000000
-105.45191154 -136.82273962 -1.94000000
-102.81451614 -138.73891954 -1.94000000
0.00000000 0.00000000 0.00000000
0.00000000 0.00000000 0.00000000
-121.27628395 -125.32566009 -5.20000000
-118.63888855 -127.24184001 -5.20000000
-116.00149315 -129.15801993 -5.20000000
-113.36409775 -131.07419985 -5.20000000
-121.27628395 -125.32566009 -1.94000000
-118.63888855 -127.24184001 -1.94000000
-116.00149315 -129.15801993 -1.94000000
-113.36409775 -131.07419985 -1.94000000
-102.81451614 -138.73891954 -8.46000000
-105.45191154 -136.82273962 -8.46000000
-108.08930694 -134.90655970 -8.46000000
-110.72670235 -132.99037978 -8.46000000
-102.81451614 -138.73891954 -11.72000000
-105.45191154 -136.82273962 -11.72000000
-108.08930694 -134.90655970 -11.72000000
-110.72670235 -132.99037978 -11.72000000
0.00000000 0.00000000 0.00000000
0.00000000 0.00000000 0.00000000
-113.36409775 -131.07419985 -8.46000000
-116.00149315 -129.15801993 -8.46000000
-118.63888855 -127.24184001 -8.46000000
-121.27628395 -125.32566009 -8.46000000
-113.36409775 -131.07419985 -11.72000000
-116.00149315 -129.15801993 -11.72000000
-118.63888855 -127.24184001 -11.72000000
-121.27628395 -125.32566009 -11.72000000
-110.72670235 -132.99037978 -18.24000000
-108.08930694 -134.90655970 -18.24000000
-105.45191154 -136.82273962 -18.24000000
-102.81451614 -138.73891954 -18.24000000
-110.72670235 -132.99037978 -14.98000000
-108.08930694 -134.90655970 -14.98000000
-105.45191154 -136.82273962 -14.98000000
-102.81451614 -138.73891954 -14.98000000
0.00000000 0.00000000 0.00000000
0.00000000 0.00000000 0.00000000
-121.27628395 -125.32566009 -18.24000000
-118.63888855 -127.24184001 -18.24000000
-116.00149315 -129.15801993 -18.24000000
-113.36409775 -131.07419985 -18.24000000
-121.27628395 -125.32566009 -14.98000000
-118.63888855 -127.24184001 -14.98000000
-116.00149315 -129.15801993 -14.98000000
-113.36409775 -131.07419985 -14.98000000
-102.81451614 -138.73891954 -21.50000000
-105.45191154 -136.82273962 -21.50000000
-108.08930694 -134.90655970 -21.50000000
-110.72670235 -132.99037978 -21.50000000
-102.81451614 -138.73891954 -24.76000000
-105.45191154 -136.82273962 -24.76000000
-108.08930694 -134.90655970 -24.76000000
-110.72670235 -132.99037978 -24.76000000
0.00000000 0.00000000 0.00000000
0.00000000 0.00000000 0.00000000
-113.36409775 -131.07419985 -21.50000000
-116.00149315 -129.15801993 -21.50000000
-118.63888855 -127.24184001 -21.50000000
-121.27628395 -125.32566009 -21.50000000
-113.36409775 -131.07419985 -24.76000000
-116.00149315 -129.15801993 -24.76000000
-118.63888855 -127.24184001 -24.76000000
-121.27628395 -125.32566009 -24.76000000
-92.26493453 -146.40363923 -21.50000000
-94.90232994 -144.48745931 -21.50000000
-97.53972534 -142.57127939 -21.50000000
-100.17712074 -140.65509946 -21.50000000
-92.26493453 -146.40363923 -24.76000000
-94.90232994 -144.48745931 -24.76000000
-97.53972534 -142.57127939 -24.76000000
-100.17712074 -140.65509946 -24.76000000
0.00000000 0.00000000 0.00000000
0.00000000 0.00000000 0.00000000
-81.71535293 -154.06835892 -21.50000000
-84.35274833 -152.15217900 -21.50000000
-86.99014373 -150.23599908 -21.50000000
-89.62753913 -148.31981915 -21.50000000
-81.71535293 -154.06835892 -24.76000000
-84.35274833 -152.15217900 -24.76000000
-86.99014373 -150.23599908 -24.76000000
-89.62753913 -148.31981915 -24.76000000
-100.17712074 -140.65509946 -18.24000000
-97.53972534 -142.57127939 -18.24000000
-94.90232994 -144.48745931 -18.24000000
-92.26493453 -146.40363923 -18.24000000
-100.17712074 -140.65509946 -14.98000000
-97.53972534 -142.57127939 -14.98000000
-94.90232994 -144.48745931 -14.98000000
-92.26493453 -146.40363923 -14.98000000
0.00000000 0.00000000 0.00000000
0.00000000 0.00000000 0.00000000
-89.62753913 -148.31981915 -18.24000000
-86.99014373 -150.23599908 -18.24000000
-84.35274833 -152.15217900 -18.24000000
-81.71535293 -154.06835892 -18.24000000
-89.62753913 -148.31981915 -14.98000000
-86.99014373 -150.23599908 -14.98000000
-84.35274833 -152.15217900 -14.98000000
-81.71535293 -154.06835892 -14.98000000
-92.26493453 -146.40363923 -8.46000000
-94.90232994 -144.48745931 -8.46000000
-97.53972534 -142.57127939 -8.46000000
-100.17712074 -140.65509946 -8.46000000
-92.26493453 -146.40363923 -11.72000000
-94.90232994 -144.48745931 -11.72000000
-97.53972534 -142.57127939 -11.72000000
-100.17712074 -140.65509946 -11.72000000
0.00000000 0.00000000 0.00000000
0.00000000 0.00000000 0.00000000
-81.71535293 -154.06835892 -8.46000000
-84.35274833 -152.15217900 -8.46000000
-86.99014373 -150.23599908 -8.46000000
-89.62753913 -148.31981915 -8.46000000
-81.71535293 -154.06835892 -11.72000000
-84.35274833 -152.15217900 -11.72000000
-86.99014373 -150.23599908 -11.72000000
-89.62753913 -148.31981915 -11.72000000
-100.17712074 -140.65509946 -5.20000000
-97.53972534 -142.57127939 -5.20000000
-94.90232994 -144.48745931 -5.20000000
-92.26493453 -146.40363923 -5.20000000
-100.17712074 -140.65509946 -1.94000000
-97.53972534 -142.57127939 -1.94000000
-94.90232994 -144.48745931 -1.94000000
-92.26493453 -146.40363923 -1.94000000
0.00000000 0.00000000 0.00000000
0.00000000 0.00000000 0.00000000
-89.62753913 -148.31981915 -5.20000000
-86.99014373 -150.23599908 -5.20000000
-84.35274833 -152.15217900 -5.20000000
-81.71535293 -154.06835892 -5.20000000
-89.62753913 -148.31981915 -1.94000000
-86.99014373 -150.23599908 -1.94000000
-84.35274833 -152.15217900 -1.94000000
-81.71535293 -154.06835892 -1.94000000
-102.81451614 -138.73891954 24.76000000
-102.81451614 -138.73891954 21.50000000
-105.45191154 -136.82273962 24.76000000
-105.45191154 -136.82273962 21.50000000
-108.08930694 -134.90655970 24.76000000
-108.08930694 -134.90655970 21.50000000
-110.72670235 -132.99037978 24.76000000
-110.72670235 -132.99037978 21.50000000
0.00000000 0.00000000 0.00000000
0.00000000 0.00000000 0.00000000
-113.36409775 -131.07419985 24.76000000
-113.36409775 -131.07419985 21.50000000
-116.00149315 -129.15801993 24.76000000
-116.00149315 -129.15801993 21.50000000
-118.63888855 -127.24184001 24.76000000
-118.63888855 -127.24184001 21.50000000
-121.27628395 -125.32566009 24.76000000
-121.27628395 -125.32566009 21.50000000
-102.81451614 -138.73891954 18.24000000
-102.81451614 -138.73891954 14.98000000
-105.45191154 -136.82273962 18.24000000
-105.45191154 -136.82273962 14.98000000
-108.08930694 -134.90655970 18.24000000
-108.08930694 -134.90655970 14.98000000
-110.72670235 -132.99037978 18.24000000
-110.72670235 -132.99037978 14.98000000
0.00000000 0.00000000 0.00000000
0.00000000 0.00000000 0.00000000
-113.36409775 -131.07419985 18.24000000
-113.36409775 -131.07419985 14.98000000
-116.00149315 -129.15801993 18.24000000
-116.00149315 -129.15801993 14.98000000
-118.63888855 -127.24184001 18.24000000
-118.63888855 -127.24184001 14.98000000
-121.27628395 -125.32566009 18.24000000
-121.27628395 -125.32566009 14.98000000
-102.81451614 -138.73891954 11.72000000
-102.81451614 -138.73891954 8.46000000
-105.45191154 -136.82273962 11.72000000
-105.45191154 -136.82273962 8.46000000
-108.08930694 -134.90655970 11.72000000
-108.08930694 -134.90655970 8.46000000
-110.72670235 -132.99037978 11.72000000
-110.72670235 -132.99037978 8.46000000
0.00000000 0.00000000 0.00000000
0.00000000 0.00000000 0.00000000
-113.36409775 -131.07419985 11.72000000
-113.36409775 -131.07419985 8.46000000
-116.00149315 -129.15801993 11.72000000
-116.00149315 -129.15801993 8.46000000
-118.63888855 -127.24184001 11.72000000
-118.63888855 -127.24184001 8.46000000
-121.27628395 -125.32566009 11.72000000
-121.27628395 -125.32566009 8.46000000
-102.81451614 -138.73891954 5.20000000
-102.81451614 -138.73891954 1.94000000
-105.45191154 -136.82273962 5.20000000
-105.45191154 -136.82273962 1.94000000
-108.08930694 -134.90655970 5.20000000
-108.08930694 -134.90655970 1.94000000
-110.72670235 -132.99037978 5.20000000
-110.72670235 -132.99037978 1.94000000
0.00000000 0.00000000 0.00000000
0.00000000 0.00000000 0.00000000
-113.36409775 -131.07419985 5.20000000
-113.36409775 -131.07419985 1.94000000
-116.00149315 -129.15801993 5.20000000
-116.00149315 -129.15801993 1.94000000
-118.63888855 -127.24184001 5.20000000
-118.63888855 -127.24184001 1.94000000
-121.27628395 -125.32566009 5.20000000
-121.27628395 -125.32566009 1.94000000
-100.17712074 -140.65509946 1.94000000
-100.17712074 -140.65509946 5.20000000
-97.53972534 -142.57127939 1.94000000
-97.53972534 -142.57127939 5.20000000
-94.90232994 -144.48745931 1.94000000
-94.90232994 -144.48745931 5.20000000
-92.26493453 -146.40363923 1.94000000
-92.26493453 -146.40363923 5.20000000
0.00000000 0.00000000 0.00000000
0.00000000 0.00000000 0.00000000
-89.62753913 -148.31981915 1.94000000
-89.62753913 -148.31981915 5.20000000
-86.99014373 -150.23599908 1.94000000
-86.99014373 -150.23599908 5.20000000
-84.35274833 -152.15217900 1.94000000
-84.35274833 -152.15217900 5.20000000
-81.71535293 -154.06835892 1.94000000
-81.71535293 -154.06835892 5.20000000
-100.17712074 -140.65509946 8.46000000
-100.17712074 -140.65509946 11.72000000
-97.53972534 -142.57127939 8.46000000
-97.53972534 -142.57127939 11.72000000
-94.90232994 -144.48745931 8.46000000
-94.90232994 -144.48745931 11.72000000
-92.26493453 -146.40363923 8.46000000
-92.26493453 -146.40363923 11.72000000
0.00000000 0.00000000 0.00000000
0.00000000 0.00000000 0.00000000
-89.62753913 -148.31981915 8.46000000
-89.62753913 -148.31981915 11.72000000
-86.99014373 -150.23599908 8.46000000
-86.99014373 -150.23599908 11.72000000
-84.35274833 -152.15217900 8.46000000
-84.35274833 -152.15217900 11.72000000
-81.71535293 -154.06835892 8.46000000
-81.71535293 -154.06835892 11.72000000
-100.17712074 -140.65509946 14.98000000
-100.17712074 -140.65509946 18.24000000
-97.53972534 -142.57127939 14.98000000
-97.53972534 -142.57127939 18.24000000
-94.90232994 -144.48745931 14.98000000
-94.90232994 -144.48745931 18.24000000
-92.26493453 -146.40363923 14.98000000
-92.26493453 -146.40363923 18.24000000
0.00000000 0.00000000 0.00000000
0.00000000 0.00000000 0.00000000
-89.62753913 -148.31981915 14.98000000
-89.62753913 -148.31981915 18.24000000
-86.99014373 -150.23599908 14.98000000
-86.99014373 -150.23599908 18.24000000
-84.35274833 -152.15217900 14.98000000
-84.35274833 -152.15217900 18.24000000
-81.71535293 -154.06835892 14.98000000
-81.71535293 -154.06835892 18.24000000
-100.17712074 -140.65509946 21.50000000
-100.17712074 -140.65509946 24.76000000
-97.53972534 -142.57127939 21.50000000
-97.53972534 -142.57127939 24.76000000
-94.90232994 -144.48745931 21.50000000
-94.90232994 -144.48745931 24.76000000
-92.26493453 -146.40363923 21.50000000
-92.26493453 -146.40363923 24.76000000
0.00000000 0.00000000 0.00000000
0.00000000 0.00000000 0.00000000
-89.62753913 -148.31981915 21.50000000
-89.62753913 -148.31981915 24.76000000
-86.99014373 -150.23599908 21.50000000
-86.99014373 -150.23599908 24.76000000
-84.35274833 -152.15217900 21.50000000
-84.35274833 -152.15217900 24.76000000
-81.71535293 -154.06835892 21.50000000
-81.71535293 -154.06835892 24.76000000
-110.72670235 -132.99037978 48.20000000
-108.08930694 -134.90655970 48.20000000
-105.45191154 -136.82273962 48.20000000
-102.81451614 -138.73891954 48.20000000
-110.72670235 -132.99037978 51.46000000
-108.08930694 -134.90655970 51.46000000
-105.45191154 -136.82273962 51.46000000
-102.81451614 -138.73891954 51.46000000
0.00000000 0.00000000 0.00000000
0.00000000 0.00000000 0.00000000
-121.27628395 -125.32566009 48.20000000
-118.63888855 -127.24184001 48.20000000
-116.00149315 -129.15801993 48.20000000
-113.36409775 -131.07419985 48.20000000
-121.27628395 -125.32566009 51.46000000
-118.63888855 -127.24184001 51.46000000
-116.00149315 -129.15801993 51.46000000
-113.36409775 -131.07419985 51.46000000
-102.81451614 -138.73891954 44.94000000
-105.45191154 -136.82273962 44.94000000
-108.08930694 -134.90655970 44.94000000
-110.72670235 -132.99037978 44.94000000
-102.81451614 -138.73891954 41.68000000
-105.45191154 -136.82273962 41.68000000
-108.08930694 -134.90655970 41.68000000
-110.72670235 -132.99037978 41.68000000
0.00000000 0.00000000 0.00000000
0.00000000 0.00000000 0.00000000
-113.36409775 -131.07419985 44.94000000
-116.00149315 -129.15801993 44.94000000
-118.63888855 -127.24184001 44.94000000
-121.27628395 -125.32566009 44.94000000
-113.36409775 -131.07419985 41.68000000
-116.00149315 -129.15801993 41.68000000
-118.63888855 -127.24184001 41.68000000
-121.27628395 -125.32566009 41.68000000
-110.72670235 -132.99037978 35.16000000
-108.08930694 -134.90655970 35.16000000
-105.45191154 -136.82273962 35.16000000
-102.81451614 -138.73891954 35.16000000
-110.72670235 -132.99037978 38.42000000
-108.08930694 -134.90655970 38.42000000
-105.45191154 -136.82273962 38.42000000
-102.81451614 -138.73891954 38.42000000
0.00000000 0.00000000 0.00000000
0.00000000 0.00000000 0.00000000
-121.27628395 -125.32566009 35.16000000
-118.63888855 -127.24184001 35.16000000
-116.00149315 -129.15801993 35.16000000
-113.36409775 -131.07419985 35.16000000
-121.27628395 -125.32566009 38.42000000
-118.63888855 -127.24184001 38.42000000
-116.00149315 -129.15801993 38.42000000
-113.36409775 -131.07419985 38.42000000
-102.81451614 -138.73891954 31.90000000
-105.45191154 -136.82273962 31.90000000
-108.08930694 -134.90655970 31.90000000
-110.72670235 -132.99037978 31.90000000
-102.81451614 -138.73891954 28.64000000
-105.45191154 -136.82273962 28.64000000
-108.08930694 -134.90655970 28.64000000
-110.72670235 -132.99037978 28.64000000
0.00000000 0.00000000 0.00000000
0.00000000 0.00000000 0.00000000
-113.36409775 -131.07419985 31.90000000
-116.00149315 -129.15801993 31.90000000
-118.63888855 -127.24184001 31.90000000
-121.27628395 -125.32566009 31.90000000
-113.36409775 -131.07419985 28.64000000
-116.00149315 -129.15801993 28.64000000
-118.63888855 -127.24184001 28.64000000
-121.27628395 -125.32566009 28.64000000
-92.26493453 -146.40363923 31.90000000
-94.90232994 -144.48745931 31.90000000
-97.53972534 -142.57127939 31.90000000
-100.17712074 -140.65509946 31.90000000
-92.26493453 -146.40363923 28.64000000
-94.90232994 -144.48745931 28.64000000
-97.53972534 -142.57127939 28.64000000
-100.17712074 -140.65509946 28.64000000
0.00000000 0.00000000 0.00000000
0.00000000 0.00000000 0.00000000
-81.71535293 -154.06835892 31.90000000
-84.35274833 -152.15217900 31.90000000
-86.99014373 -150.23599908 31.90000000
-89.62753913 -148.31981915 31.90000000
-81.71535293 -154.06835892 28.64000000
-84.35274833 -152.15217900 28.64000000
-86.99014373 -150.23599908 28.64000000
-89.62753913 -148.31981915 28.64000000
-100.17712074 -140.65509946 35.16000000
-97.53972534 -142.57127939 35.16000000
-94.90232994 -144.48745931 35.16000000
-92.26493453 -146.40363923 35.16000000
-100.17712074 -140.65509946 38.42000000
-97.53972534 -142.57127939 38.42000000
-94.90232994 -144.48745931 38.42000000
-92.26493453 -146.40363923 38.42000000
0.00000000 0.00000000 0.00000000
0.00000000 0.00000000 0.00000000
-89.62753913 -148.31981915 35.16000000
-86.99014373 -150.23599908 35.16000000
-84.35274833 -152.15217900 35.16000000
-81.71535293 -154.06835892 35.16000000
-89.62753913 -148.31981915 38.42000000
-86.99014373 -150.23599908 38.42000000
-84.35274833 -152.15217900 38.42000000
-81.71535293 -154.06835892 38.42000000
-92.26493453 -146.40363923 44.94000000
-94.90232994 -144.48745931 44.94000000
-97.53972534 -142.57127939 44.94000000
-100.17712074 -140.65509946 44.94000000
-92.26493453 -146.40363923 41.68000000
-94.90232994 -144.48745931 41.68000000
-97.53972534 -142.57127939 41.68000000
-100.17712074 -140.65509946 41.68000000
0.00000000 0.00000000 0.00000000
0.00000000 0.00000000 0.00000000
-81.71535293 -154.06835892 44.94000000
-84.35274833 -152.15217900 44.94000000
-86.99014373 -150.23599908 44.94000000
-89.62753913 -148.31981915 44.94000000
-81.71535293 -154.06835892 41.68000000
-84.35274833 -152.15217900 41.68000000
-86.99014373 -150.23599908 41.68000000
-89.62753913 -148.31981915 41.68000000
-100.17712074 -140.65509946 48.20000000
-97.53972534 -142.57127939 48.20000000
-94.90232994 -144.48745931 48.20000000
-92.26493453 -146.40363923 48.20000000
-100.17712074 -140.65509946 51.46000000
-97.53972534 -142.57127939 51.46000000
-94.90232994 -144.48745931 51.46000000
-92.26493453 -146.40363923 51.46000000
0.00000000 0.00000000 0.00000000
0.00000000 0.00000000 0.00000000
-89.62753913 -148.31981915 48.20000000
-86.99014373 -150.23599908 48.20000000
-84.35274833 -152.15217900 48.20000000
-81.71535293 -154.06835892 48.20000000
-89.62753913 -148.31981915 51.46000000
-86.99014373 -150.23599908 51.46000000
-84.35274833 -152.15217900 51.46000000
-81.71535293 -154.06835892 51.46000000
-110.72670235 -132.99037978 74.90000000
-108.08930694 -134.90655970 74.90000000
-105.45191154 -136.82273962 74.90000000
-102.81451614 -138.73891954 74.90000000
-110.72670235 -132.99037978 78.16000000
-108.08930694 -134.90655970 78.16000000
-105.45191154 -136.82273962 78.16000000
-102.81451614 -138.73891954 78.16000000
0.00000000 0.00000000 0.00000000
0.00000000 0.00000000 0.00000000
-121.27628395 -125.32566009 74.90000000
-118.63888855 -127.24184001 74.90000000
-116.00149315 -129.15801993 74.90000000
-113.36409775 -131.07419985 74.90000000
-121.27628395 -125.32566009 78.16000000
-118.63888855 -127.24184001 78.16000000
-116.00149315 -129.15801993 78.16000000
-113.36409775 -131.07419985 78.16000000
-102.81451614 -138.73891954 71.64000000
-105.45191154 -136.82273962 71.64000000
-108.08930694 -134.90655970 71.64000000
-110.72670235 -132.99037978 71.64000000
-102.81451614 -138.73891954 68.38000000
-105.45191154 -136.82273962 68.38000000
-108.08930694 -134.90655970 68.38000000
-110.72670235 -132.99037978 68.38000000
0.00000000 0.00000000 0.00000000
0.00000000 0.00000000 0.00000000
-113.36409775 -131.07419985 71.64000000
-116.00149315 -129.15801993 71.64000000
-118.63888855 -127.24184001 71.64000000
-121.27628395 -125.32566009 71.64000000
-113.36409775 -131.07419985 68.38000000
-116.00149315 -129.15801993 68.38000000
-118.63888855 -127.24184001 68.38000000
-121.27628395 -125.32566009 68.38000000
-110.72670235 -132.99037978 61.86000000
-108.08930694 -134.90655970 61.86000000
-105.45191154 -136.82273962 61.86000000
-102.81451614 -138.73891954 61.86000000
-110.72670235 -132.99037978 65.12000000
-108.08930694 -134.90655970 65.12000000
-105.45191154 -136.82273962 65.12000000
-102.81451614 -138.73891954 65.12000000
0.00000000 0.00000000 0.00000000
0.00000000 0.00000000 0.00000000
-121.27628395 -125.32566009 61.86000000
-118.63888855 -127.24184001 61.86000000
-116.00149315 -129.15801993 61.86000000
-113.36409775 -131.07419985 61.86000000
-121.27628395 -125.32566009 65.12000000
-118.63888855 -127.24184001 65.12000000
-116.00149315 -129.15801993 65.12000000
-113.36409775 -131.07419985 65.12000000
-102.81451614 -138.73891954 58.60000000
-105.45191154 -136.82273962 58.60000000
-108.08930694 -134.90655970 58.60000000
-110.72670235 -132.99037978 58.60000000
-102.81451614 -138.73891954 55.34000000
-105.45191154 -136.82273962 55.34000000
-108.08930694 -134.90655970 55.34000000
-110.72670235 -132.99037978 55.34000000
0.00000000 0.00000000 0.00000000
0.00000000 0.00000000 0.00000000
-113.36409775 -131.07419985 58.60000000
-116.00149315 -129.15801993 58.60000000
-118.63888855 -127.24184001 58.60000000
-121.27628395 -125.32566009 58.60000000
-113.36409775 -131.07419985 55.34000000
-116.00149315 -129.15801993 55.34000000
-118.63888855 -127.24184001 55.34000000
-121.27628395 -125.32566009 55.34000000
-92.26493453 -146.40363923 58.60000000
-94.90232994 -144.48745931 58.60000000
-97.53972534 -142.57127939 58.60000000
-100.17712074 -140.65509946 58.60000000
-92.26493453 -146.40363923 55.34000000
-94.90232994 -144.48745931 55.34000000
-97.53972534 -142.57127939 55.34000000
-100.17712074 -140.65509946 55.34000000
0.00000000 0.00000000 0.00000000
0.00000000 0.00000000 0.00000000
-81.71535293 -154.06835892 58.60000000
-84.35274833 -152.15217900 58.60000000
-86.99014373 -150.23599908 58.60000000
-89.62753913 -148.31981915 58.60000000
-81.71535293 -154.06835892 55.34000000
-84.35274833 -152.15217900 55.34000000
-86.99014373 -150.23599908 55.34000000
-89.62753913 -148.31981915 55.34000000
-100.17712074 -140.65509946 61.86000000
-97.53972534 -142.57127939 61.86000000
-94.90232994 -144.48745931 61.86000000
-92.26493453 -146.40363923 61.86000000
-100.17712074 -140.65509946 65.12000000
-97.53972534 -142.57127939 65.12000000
-94.90232994 -144.48745931 65.12000000
-92.26493453 -146.40363923 65.12000000
0.00000000 0.00000000 0.00000000
0.00000000 0.00000000 0.00000000
-89.62753913 -148.31981915 61.86000000
-86.99014373 -150.23599908 61.86000000
-84.35274833 -152.15217900 61.86000000
-81.71535293 -154.06835892 61.86000000
-89.62753913 -148.31981915 65.12000000
-86.99014373 -150.23599908 65.12000000
-84.35274833 -152.15217900 65.12000000
-81.71535293 -154.06835892 65.12000000
-92.26493453 -146.40363923 71.64000000
-94.90232994 -144.48745931 71.64000000
-97.53972534 -142.57127939 71.64000000
-100.17712074 -140.65509946 71.64000000
-92.26493453 -146.40363923 68.38000000
-94.90232994 -144.48745931 68.38000000
-97.53972534 -142.57127939 68.38000000
-100.17712074 -140.65509946 68.38000000
0.00000000 0.00000000 0.00000000
0.00000000 0.00000000 0.00000000
-81.71535293 -154.06835892 71.64000000
-84.35274833 -152.15217900 71.64000000
-86.99014373 -150.23599908 71.64000000
-89.62753913 -148.31981915 71.64000000
-81.71535293 -154.06835892 68.38000000
-84.35274833 -152.15217900 68.38000000
-86.99014373 -150.23599908 68.38000000
-89.62753913 -148.31981915 68.38000000
-100.17712074 -140.65509946 74.90000000
-97.53972534 -142.57127939 74.90000000
-94.90232994 -144.48745931 74.90000000
-92.26493453 -146.40363923 74.90000000
-100.17712074 -140.65509946 78.16000000
-97.53972534 -142.57127939 78.16000000
-94.90232994 -144.48745931 78.16000000
-92.26493453 -146.40363923 78.16000000
0.00000000 0.00000000 0.00000000
0.00000000 0.00000000 0.00000000
-89.62753913 -148.31981915 74.90000000
-86.99014373 -150.23599908 74.90000000
-84.35274833 -152.15217900 74.90000000
-81.71535293 -154.06835892 74.90000000
-89.62753913 -148.31981915 78.16000000
-86.99014373 -150.23599908 78.16000000
-84.35274833 -152.15217900 78.16000000
-81.71535293 -154.06835892 78.16000000
-153.19134900 -80.49381539 -58.60000000
-151.48800368 -83.27342232 -58.60000000
-149.78465836 -86.05302926 -58.60000000
-148.08131304 -88.83263619 -58.60000000
-153.19134900 -80.49381539 -55.34000000
-151.48800368 -83.27342232 -55.34000000
-149.78465836 -86.05302926 -55.34000000
-148.08131304 -88.83263619 -55.34000000
0.00000000 0.00000000 0.00000000
0.00000000 0.00000000 0.00000000
-160.00473029 -69.37538764 -58.60000000
-158.30138497 -72.15499458 -58.60000000
-156.59803965 -74.93460152 -58.60000000
-154.89469432 -77.71420845 -58.60000000
-160.00473029 -69.37538764 -55.34000000
-158.30138497 -72.15499458 -55.34000000
-156.59803965 -74.93460152 -55.34000000
-154.89469432 -77.71420845 -55.34000000
-148.08131304 -88.83263619 -61.86000000
-149.78465836 -86.05302926 -61.86000000
-151.48800368 -83.27342232 -61.86000000
-153.19134900 -80.49381539 -61.86000000
-148.08131304 -88.83263619 -65.12000000
-149.78465836 -86.05302926 -65.12000000
-151.48800368 -83.27342232 -65.12000000
-153.19134900 -80.49381539 -65.12000000
0.00000000 0.00000000 0.00000000
0.00000000 0.00000000 0.00000000
-154.89469432 -77.71420845 -61.86000000
-156.59803965 -74.93460152 -61.86000000
-158.30138497 -72.15499458 -61.86000000
-160.00473029 -69.37538764 -61.86000000
-154.89469432 -77.71420845 -65.12000000
-156.59803965 -74.93460152 -65.12000000
-158.30138497 -72.15499458 -65.12000000
-160.00473029 -69.37538764 -65.12000000
-153.19134900 -80.49381539 -71.64000000
-151.48800368 -83.27342232 -71.64000000
-149.78465836 -86.05302926 -71.64000000
-148.08131304 -88.83263619 -71.64000000
-153.19134900 -80.49381539 -68.38000000
-151.48800368 -83.27342232 -68.38000000
-149.78465836 -86.05302926 -68.38000000
-148.08131304 -88.83263619 -68.38000000
0.00000000 0.00000000 0.00000000
0.00000000 0.00000000 0.00000000
-160.00473029 -69.37538764 -71.64000000
-158.30138497 -72.15499458 -71.64000000
-156.59803965 -74.93460152 -71.64000000
-154.89469432 -77.71420845 -71.64000000
-160.00473029 -69.37538764 -68.38000000
-158.30138497 -72.15499458 -68.38000000
-156.59803965 -74.93460152 -68.38000000
-154.89469432 -77.71420845 -68.38000000
-148.08131304 -88.83263619 -74.90000000
-149.78465836 -86.05302926 -74.90000000
-151.48800368 -83.27342232 -74.90000000
-153.19134900 -80.49381539 -74.90000000
-148.08131304 -88.83263619 -78.16000000
-149.78465836 -86.05302926 -78.16000000
-151.48800368 -83.27342232 -78.16000000
-153.19134900 -80.49381539 -78.16000000
0.00000000 0.00000000 0.00000000
0.00000000 0.00000000 0.00000000
-154.89469432 -77.71420845 -74.90000000
-156.59803965 -74.93460152 -74.90000000
-158.30138497 -72.15499458 -74.90000000
-160.00473029 -69.37538764 -74.90000000
-154.89469432 -77.71420845 -78.16000000
-156.59803965 -74.93460152 -78.16000000
-158.30138497 -72.15499458 -78.16000000
-160.00473029 -69.37538764 -78.16000000
-141.26793176 -99.95106394 -74.90000000
-142.97127708 -97.17145700 -74.90000000
-144.67462240 -94.39185007 -74.90000000
-146.37796772 -91.61224313 -74.90000000
-141.26793176 -99.95106394 -78.16000000
-142.97127708 -97.17145700 -78.16000000
-144.67462240 -94.39185007 -78.16000000
-146.37796772 -91.61224313 -78.16000000
0.00000000 0.00000000 0.00000000
0.00000000 0.00000000 0.00000000
-134.45455047 -111.06949168 -74.90000000
-136.15789579 -108.28988474 -74.90000000
-137.86124111 -105.51027781 -74.90000000
-139.56458644 -102.73067087 -74.90000000
-134.45455047 -111.06949168 -78.16000000
-136.15789579 -108.28988474 -78.16000000
-137.86124111 -105.51027781 -78.16000000
-139.56458644 -102.73067087 -78.16000000
-146.37796772 -91.61224313 -71.64000000
-144.67462240 -94.39185007 -71.64000000
-142.97127708 -97.17145700 -71.64000000
-141.26793176 -99.95106394 -71.64000000
-146.37796772 -91.61224313 -68.38000000
-144.67462240 -94.39185007 -68.38000000
-142.97127708 -97.17145700 -68.38000000
-141.26793176 -99.95106394 -68.38000000
0.00000000 0.00000000 0.00000000
0.00000000 0.00000000 0.00000000
-139.56458644 -102.73067087 -71.64000000
-137.86124111 -105.51027781 -71.64000000
-136.15789579 -108.28988474 -71.64000000
-134.45455047 -111.06949168 -71.64000000
-139.56458644 -102.73067087 -68.38000000
-137.86124111 -105.51027781 -68.38000000
-136.15789579 -108.28988474 -68.38000000
-134.45455047 -111.06949168 -68.38000000
-141.26793176 -99.95106394 -61.86000000
-142.97127708 -97.17145700 -61.86000000
-144.67462240 -94.39185007 -61.86000000
-146.37796772 -91.61224313 -61.86000000
-141.26793176 -99.95106394 -65.12000000
-142.97127708 -97.17145700 -65.12000000
-144.67462240 -94.39185007 -65.12000000
-146.37796772 -91.61224313 -65.12000000
0.00000000 0.00000000 0.00000000
0.00000000 0.00000000 0.00000000
-134.45455047 -111.06949168 -61.86000000
-136.15789579 -108.28988474 -61.86000000
-137.86124111 -105.51027781 -61.86000000
-139.56458644 -102.73067087 -61.86000000
-134.45455047 -111.06949168 -65.12000000
-136.15789579 -108.28988474 -65.12000000
-137.86124111 -105.51027781 -65.12000000
-139.56458644 -102.73067087 -65.12000000
-146.37796772 -91.61224313 -58.60000000
-144.67462240 -94.39185007 -58.60000000
-142.97127708 -97.17145700 -58.60000000
-141.26793176 -99.95106394 -58.60000000
-146.37796772 -91.61224313 -55.34000000
-144.67462240 -94.39185007 -55.34000000
-142.97127708 -97.17145700 -55.34000000
-141.26793176 -99.95106394 -55.34000000
0.00000000 0.00000000 0.00000000
0.00000000 0.00000000 0.00000000
-139.56458644 -102.73067087 -58.60000000
-137.86124111 -105.51027781 -58.60000000
-136.15789579 -108.28988474 -58.60000000
-134.45455047 -111.06949168 -58.60000000
-139.56458644 -102.73067087 -55.34000000
-137.86124111 -105.51027781 -55.34000000
-136.15789579 -108.28988474 -55.34000000
-134.45455047 -111.06949168 -55.34000000
-153.19134900 -80.49381539 -31.90000000
-151.48800368 -83.27342232 -31.90000000
-149.78465836 -86.05302926 -31.90000000
-148.08131304 -88.83263619 -31.90000000
-153.19134900 -80.49381539 -28.64000000
-151.48800368 -83.27342232 -28.64000000
-149.78465836 -86.05302926 -28.64000000
-148.08131304 -88.83263619 -28.64000000
0.00000000 0.00000000 0.00000000
0.00000000 0.00000000 0.00000000
-160.00473029 -69.37538764 -31.90000000
-158.30138497 -72.15499458 -31.90000000
-156.59803965 -74.93460152 -31.90000000
-154.89469432 -77.71420845 -31.90000000
-160.00473029 -69.37538764 -28.64000000
-158.30138497 -72.15499458 -28.64000000
-156.59803965 -74.93460152 -28.64000000
-154.89469432 -77.71420845 -28.64000000
-148.08131304 -88.83263619 -35.16000000
-149.78465836 -86.05302926 -35.16000000
-151.48800368 -83.27342232 -35.16000000
-153.19134900 -80.49381539 -35.16000000
-148.08131304 -88.83263619 -38.42000000
-149.78465836 -86.05302926 -38.42000000
-151.48800368 -83.27342232 -38.42000000
-153.19134900 -80.49381539 -38.42000000
0.00000000 0.00000000 0.00000000
0.00000000 0.00000000 0.00000000
-154.89469432 -77.71420845 -35.16000000
-156.59803965 -74.93460152 -35.16000000
-158.30138497 -72.15499458 -35.16000000
-160.00473029 -69.37538764 -35.16000000
-154.89469432 -77.71420845 -38.42000000
-156.59803965 -74.93460152 -38.42000000
-158.30138497 -72.15499458 -38.42000000
-160.00473029 -69.37538764 -38.42000000
-153.19134900 -80.49381539 -44.94000000
-151.48800368 -83.27342232 -44.94000000
-149.78465836 -86.05302926 -44.94000000
-148.08131304 -88.83263619 -44.94000000
-153.19134900 -80.49381539 -41.68000000
-151.48800368 -83.27342232 -41.68000000
-149.78465836 -86.05302926 -41.68000000
-148.08131304 -88.83263619 -41.68000000
0.00000000 0.00000000 0.00000000
0.00000000 0.00000000 0.00000000
-160.00473029 -69.37538764 -44.94000000
-158.30138497 -72.15499458 -44.94000000
-156.59803965 -74.93460152 -44.94000000
-154.89469432 -77.71420845 -44.94000000
-160.00473029 -69.37538764 -41.68000000
-158.30138497 -72.15499458 -41.68000000
-156.59803965 -74.93460152 -41.68000000
-154.89469432 -77.71420845 -41.68000000
-148.08131304 -88.83263619 -48.20000000
-149.78465836 -86.05302926 -48.20000000
-151.48800368 -83.27342232 -48.20000000
-153.19134900 -80.49381539 -48.20000000
-148.08131304 -88.83263619 -51.46000000
-149.78465836 -86.05302926 -51.46000000
-151.48800368 -83.27342232 -51.46000000
-153.19134900 -80.49381539 -51.46000000
0.00000000 0.00000000 0.00000000
0.00000000 0.00000000 0.00000000
-154.89469432 -77.71420845 -48.20000000
-156.59803965 -74.93460152 -48.20000000
-158.30138497 -72.15499458 -48.20000000
-160.00473029 -69.37538764 -48.20000000
-154.89469432 -77.71420845 -51.46000000
-156.59803965 -74.93460152 -51.46000000
-158.30138497 -72.15499458 -51.46000000
-160.00473029 -69.37538764 -51.46000000
-141.26793176 -99.95106394 -48.20000000
-142.97127708 -97.17145700 -48.20000000
-144.67462240 -94.39185007 -48.20000000
-146.37796772 -91.61224313 -48.20000000
-141.26793176 -99.95106394 -51.46000000
-142.97127708 -97.17145700 -51.46000000
-144.67462240 -94.39185007 -51.46000000
-146.37796772 -91.61224313 -51.46000000
0.00000000 0.00000000 0.00000000
0.00000000 0.00000000 0.00000000
-134.45455047 -111.06949168 -48.20000000
-136.15789579 -108.28988474 -48.20000000
-137.86124111 -105.51027781 -48.20000000
-139.56458644 -102.73067087 -48.20000000
-134.45455047 -111.06949168 -51.46000000
-136.15789579 -108.28988474 -51.46000000
-137.86124111 -105.51027781 -51.46000000
-139.56458644 -102.73067087 -51.46000000
-146.37796772 -91.61224313 -44.94000000
-144.67462240 -94.39185007 -44.94000000
-142.97127708 -97.17145700 -44.94000000
-141.26793176 -99.95106394 -44.94000000
-146.37796772 -91.61224313 -41.68000000
-144.67462240 -94.39185007 -41.68000000
-142.97127708 -97.17145700 -41.68000000
-141.26793176 -99.95106394 -41.68000000
0.00000000 0.00000000 0.00000000
0.00000000 0.00000000 0.00000000
-139.56458644 -102.73067087 -44.94000000
-137.86124111 -105.51027781 -44.94000000
-136.15789579 -108.28988474 -44.94000000
-134.45455047 -111.06949168 -44.94000000
-139.56458644 -102.73067087 -41.68000000
-137.86124111 -105.51027781 -41.68000000
-136.15789579 -108.28988474 -41.68000000
-134.45455047 -111.06949168 -41.68000000
-141.26793176 -99.95106394 -35.16000000
-142.97127708 -97.17145700 -35.16000000
-144.67462240 -94.39185007 -35.16000000
-146.37796772 -91.61224313 -35.16000000
-141.26793176 -99.95106394 -38.42000000
-142.97127708 -97.17145700 -38.42000000
-144.67462240 -94.39185007 -38.42000000
-146.37796772 -91.61224313 -38.42000000
0.00000000 0.00000000 0.00000000
0.00000000 0.00000000 0.00000000
-134.45455047 -111.06949168 -35.16000000
-136.15789579 -108.28988474 -35.16000000
-137.86124111 -105.51027781 -35.16000000
-139.56458644 -102.73067087 -35.16000000
-134.45455047 -111.06949168 -38.42000000
-136.15789579 -108.28988474 -38.42000000
-137.86124111 -105.51027781 -38.42000000
-139.56458644 -102.73067087 -38.42000000
-146.37796772 -91.61224313 -31.90000000
-144.67462240 -94.39185007 -31.90000000
-142.97127708 -97.17145700 -31.90000000
-141.26793176 -99.95106394 -31.90000000
-146.37796772 -91.61224313 -28.64000000
-144.67462240 -94.39185007 -28.64000000
-142.97127708 -97.17145700 -28.64000000
-141.26793176 -99.95106394 -28.64000000
0.00000000 0.00000000 0.00000000
0.00000000 0.00000000 0.00000000
-139.56458644 -102.73067087 -31.90000000
-137.86124111 -105.51027781 -31.90000000
-136.15789579 -108.28988474 -31.90000000
-134.45455047 -111.06949168 -31.90000000
-139.56458644 -102.73067087 -28.64000000
-137.86124111 -105.51027781 -28.64000000
-136.15789579 -108.28988474 -28.64000000
-134.45455047 -111.06949168 -28.64000000
-153.19134900 -80.49381539 -5.20000000
-151.48800368 -83.27342232 -5.20000000
-149.78465836 -86.05302926 -5.20000000
-148.08131304 -88.83263619 -5.20000000
-153.19134900 -80.49381539 -1.94000000
-151.48800368 -83.27342232 -1.94000000
-149.78465836 -86.05302926 -1.94000000
-148.08131304 -88.83263619 -1.94000000
0.00000000 0.00000000 0.00000000
0.00000000 0.00000000 0.00000000
-160.00473029 -69.37538764 -5.20000000
-158.30138497 -72.15499458 -5.20000000
-156.59803965 -74.93460152 -5.20000000
-154.89469432 -77.71420845 -5.20000000
-160.00473029 -69.37538764 -1.94000000
-158.30138497 -72.15499458 -1.94000000
-156.59803965 -74.93460152 -1.94000000
-154.89469432 -77.71420845 -1.94000000
-148.08131304 -88.83263619 -8.46000000
-149.78465836 -86.05302926 -8.46000000
-151.48800368 -83.27342232 -8.46000000
-153.19134900 -80.49381539 -8.46000000
-148.08131304 -88.83263619 -11.72000000
-149.78465836 -86.05302926 -11.72000000
-151.48800368 -83.27342232 -11.72000000
-153.19134900 -80.49381539 -11.72000000
0.00000000 0.00000000 0.00000000
0.00000000 0.00000000 0.00000000
-154.89469432 -77.71420845 -8.46000000
-156.59803965 -74.93460152 -8.46000000
-158.30138497 -72.15499458 -8.46000000
-160.00473029 -69.37538764 -8.46000000
-154.89469432 -77.71420845 -11.72000000
-156.59803965 -74.93460152 -11.72000000
-158.30138497 -72.15499458 -11.72000000
-160.00473029 -69.37538764 -11.72000000
-153.19134900 -80.49381539 -18.24000000
-151.48800368 -83.27342232 -18.24000000
-149.78465836 -86.05302926 -18.24000000
-148.08131304 -88.83263619 -18.24000000
-153.19134900 -80.49381539 -14.98000000
-151.48800368 -83.27342232 -14.98000000
-149.78465836 -86.05302926 -14.98000000
-148.08131304 -88.83263619 -14.98000000
0.00000000 0.00000000 0.00000000
0.00000000 0.00000000 0.00000000
-160.00473029 -69.37538764 -18.24000000
-158.30138497 -72.15499458 -18.24000000
-156.59803965 -74.93460152 -18.24000000
-154.89469432 -77.71420845 -18.24000000
-160.00473029 -69.37538764 -14.98000000
-158.30138497 -72.15499458 -14.98000000
-156.59803965 -74.93460152 -14.98000000
-154.89469432 -77.71420845 -14.98000000
-148.08131304 -88.83263619 -21.50000000
-149.78465836 -86.05302926 -21.50000000
-151.48800368 -83.27342232 -21.50000000
-153.19134900 -80.49381539 -21.50000000
-148.08131304 -88.83263619 -24.76000000
-149.78465836 -86.05302926 -24.76000000
-151.48800368 -83.27342232 -24.76000000
-153.19134900 -80.49381539 -24.76000000
0.00000000 0.00000000 0.00000000
0.00000000 0.00000000 0.00000000
-154.89469432 -77.71420845 -21.50000000
-156.59803965 -74.93460152 -21.50000000
-158.30138497 -72.15499458 -21.50000000
-160.00473029 -69.37538764 -21.50000000
-154.89469432 -77.71420845 -24.76000000
-156.59803965 -74.93460152 -24.76000000
-158.30138497 -72.15499458 -24.76000000
-160.00473029 -69.37538764 -24.76000000
-141.26793176 -99.95106394 -21.50000000
-142.97127708 -97.17145700 -21.50000000
-144.67462240 -94.39185007 -21.50000000
-146.37796772 -91.61224313 -21.50000000
-141.26793176 -99.95106394 -24.76000000
-142.97127708 -97.17145700 -24.76000000
-144.67462240 -94.39185007 -24.76000000
-146.37796772 -91.61224313 -24.76000000
0.00000000 0.00000000 0.00000000
0.00000000 0.00000000 0.00000000
-134.45455047 -111.06949168 -21.50000000
-136.15789579 -108.28988474 -21.50000000
-137.86124111 -105.51027781 -21.50000000
-139.56458644 -102.73067087 -21.50000000
-134.45455047 -111.06949168 -24.76000000
-136.15789579 -108.28988474 -24.76000000
-137.86124111 -105.51027781 -24.76000000
-139.56458644 -102.73067087 -24.76000000
-146.37796772 -91.61224313 -18.24000000
-144.67462240 -94.39185007 -18.24000000
-142.97127708 -97.17145700 -18.24000000
-141.26793176 -99.95106394 -18.24000000
-146.37796772 -91.61224313 -14.98000000
-144.67462240 -94.39185007 -14.98000000
-142.97127708 -97.17145700 -14.98000000
-141.26793176 -99.95106394 -14.98000000
0.00000000 0.00000000 0.00000000
0.00000000 0.00000000 0.00000000
-139.56458644 -102.73067087 -18.24000000
-137.86124111 -105.51027781 -18.24000000
-136.15789579 -108.28988474 -18.24000000
-134.45455047 -111.06949168 -18.24000000
-139.56458644 -102.73067087 -14.98000000
-137.86124111 -105.51027781 -14.98000000
-136.15789579 -108.28988474 -14.98000000
-134.45455047 -111.06949168 -14.98000000
-141.26793176 -99.95106394 -8.46000000
-142.97127708 -97.17145700 -8.46000000
-144.67462240 -94.39185007 -8.46000000
-146.37796772 -91.61224313 -8.46000000
-141.26793176 -99.95106394 -11.72000000
-142.97127708 -97.17145700 -11.72000000
-144.67462240 -94.39185007 -11.72000000
-146.37796772 -91.61224313 -11.72000000
0.00000000 0.00000000 0.00000000
0.00000000 0.00000000 0.00000000
-134.45455047 -111.06949168 -8.46000000
-136.15789579 -108.28988474 -8.46000000
-137.86124111 -105.51027781 -8.46000000
-139.56458644 -102.73067087 -8.46000000
-134.45455047 -111.06949168 -11.72000000
-136.15789579 -108.28988474 -11.72000000
-137.86124111 -105.51027781 -11.72000000
-139.56458644 -102.73067087 -11.72000000
-146.37796772 -91.61224313 -5.20000000
-144.67462240 -94.39185007 -5.20000000
-142.97127708 -97.17145700 -5.20000000
-141.26793176 -99.95106394 -5.20000000
-146.37796772 -91.61224313 -1.94000000
-144.67462240 -94.39185007 -1.94000000
-142.97127708 -97.17145700 -1.94000000
-141.26793176 -99.95106394 -1.94000000
0.00000000 0.00000000 0.00000000
0.00000000 0.00000000 0.00000000
-139.56458644 -102.73067087 -5.20000000
-137.86124111 -105.51027781 -5.20000000
-136.15789579 -108.28988474 -5.20000000
-134.45455047 -111.06949168 -5.20000000
-139.56458644 -102.73067087 -1.94000000
-137.86124111 -105.51027781 -1.94000000
-136.15789579 -108.28988474 -1.94000000
-134.45455047 -111.06949168 -1.94000000
-153.19134900 -80.49381539 21.50000000
-151.48800368 -83.27342232 21.50000000
-149.78465836 -86.05302926 21.50000000
-148.08131304 -88.83263619 21.50000000
-153.19134900 -80.49381539 24.76000000
-151.48800368 -83.27342232 24.76000000
-149.78465836 -86.05302926 24.76000000
-148.08131304 -88.83263619 24.76000000
0.00000000 0.00000000 0.00000000
0.00000000 0.00000000 0.00000000
-160.00473029 -69.37538764 21.50000000
-158.30138497 -72.15499458 21.50000000
-156.59803965 -74.93460152 21.50000000
-154.89469432 -77.71420845 21.50000000
-160.00473029 -69.37538764 24.76000000
-158.30138497 -72.15499458 24.76000000
-156.59803965 -74.93460152 24.76000000
-154.89469432 -77.71420845 24.76000000
-148.08131304 -88.83263619 18.24000000
-149.78465836 -86.05302926 18.24000000
-151.48800368 -83.27342232 18.24000000
-153.19134900 -80.49381539 18.24000000
-148.08131304 -88.83263619 14.98000000
-149.78465836 -86.05302926 14.98000000
-151.48800368 -83.27342232 14.98000000
-153.19134900 -80.49381539 14.98000000
0.00000000 0.00000000 0.00000000
0.00000000 0.00000000 0.00000000
-154.89469432 -77.71420845 18.24000000
-156.59803965 -74.93460152 18.24000000
-158.30138497 -72.15499458 18.24000000
-160.00473029 -69.37538764 18.24000000
-154.89469432 -77.71420845 14.98000000
-156.59803965 -74.93460152 14.98000000
-158.30138497 -72.15499458 14.98000000
-160.00473029 -69.37538764 14.98000000
-153.19134900 -80.49381539 8.46000000
-151.48800368 -83.27342232 8.46000000
-149.78465836 -86.05302926 8.46000000
-148.08131304 -88.83263619 8.46000000
-153.19134900 -80.49381539 11.72000000
-151.48800368 -83.27342232 11.72000000
-149.78465836 -86.05302926 11.72000000
-148.08131304 -88.83263619 11.72000000
0.00000000 0.00000000 0.00000000
0.00000000 0.00000000 0.00000000
-160.00473029 -69.37538764 8.46000000
-158.30138497 -72.15499458 8.46000000
-156.59803965 -74.93460152 8.46000000
-154.89469432 -77.71420845 8.46000000
-160.00473029 -69.37538764 11.72000000
-158.30138497 -72.15499458 11.72000000
-156.59803965 -74.93460152 11.72000000
-154.89469432 -77.71420845 11.72000000
-148.08131304 -88.83263619 5.20000000
-149.78465836 -86.05302926 5.20000000
-151.48800368 -83.27342232 5.20000000
-153.19134900 -80.49381539 5.20000000
-148.08131304 -88.83263619 1.94000000
-149.78465836 -86.05302926 1.94000000
-151.48800368 -83.27342232 1.94000000
-153.19134900 -80.49381539 1.94000000
0.00000000 0.00000000 0.00000000
0.00000000 0.00000000 0.00000000
-154.89469432 -77.71420845 5.20000000
-156.59803965 -74.93460152 5.20000000
-158.30138497 -72.15499458 5.20000000
-160.00473029 -69.37538764 5.20000000
-154.89469432 -77.71420845 1.94000000
-156.59803965 -74.93460152 1.94000000
-158.30138497 -72.15499458 1.94000000
-160.00473029 -69.37538764 1.94000000
-141.26793176 -99.95106394 5.20000000
-142.97127708 -97.17145700 5.20000000
-144.67462240 -94.39185007 5.20000000
-146.37796772 -91.61224313 5.20000000
-141.26793176 -99.95106394 1.94000000
-142.97127708 -97.17145700 1.94000000
-144.67462240 -94.39185007 1.94000000
-146.37796772 -91.61224313 1.94000000
0.00000000 0.00000000 0.00000000
0.00000000 0.00000000 0.00000000
-134.45455047 -111.06949168 5.20000000
-136.15789579 -108.28988474 5.20000000
-137.86124111 -105.51027781 5.20000000
-139.56458644 -102.73067087 5.20000000
-134.45455047 -111.06949168 1.94000000
-136.15789579 -108.28988474 1.94000000
-137.86124111 -105.51027781 1.94000000
-139.56458644 -102.73067087 1.94000000
-146.37796772 -91.61224313 8.46000000
-144.67462240 -94.39185007 8.46000000
-142.97127708 -97.17145700 8.46000000
-141.26793176 -99.95106394 8.46000000
-146.37796772 -91.61224313 11.72000000
-144.67462240 -94.39185007 11.72000000
-142.97127708 -97.17145700 11.72000000
-141.26793176 -99.95106394 11.72000000
0.00000000 0.00000000 0.00000000
0.00000000 0.00000000 0.00000000
-139.56458644 -102.73067087 8.46000000
-137.86124111 -105.51027781 8.46000000
-136.15789579 -108.28988474 8.46000000
-134.45455047 -111.06949168 8.46000000
-139.56458644 -102.73067087 11.72000000
-137.86124111 -105.51027781 11.72000000
-136.15789579 -108.28988474 11.72000000
-134.45455047 -111.06949168 11.72000000
-141.26793176 -99.95106394 18.24000000
-142.97127708 -97.17145700 18.24000000
-144.67462240 -94.39185007 18.24000000
-146.37796772 -91.61224313 18.24000000
-141.26793176 -99.95106394 14.98000000
-142.97127708 -97.17145700 14.98000000
-144.67462240 -94.39185007 14.98000000
-146.37796772 -91.61224313 14.98000000
0.00000000 0.00000000 0.00000000
0.00000000 0.00000000 0.00000000
-134.45455047 -111.06949168 18.24000000
-136.15789579 -108.28988474 18.24000000
-137.86124111 -105.51027781 18.24000000
-139.56458644 -102.73067087 18.24000000
-134.45455047 -111.06949168 14.98000000
-136.15789579 -108.28988474 14.98000000
-137.86124111 -105.51027781 14.98000000
-139.56458644 -102.73067087 14.98000000
-146.37796772 -91.61224313 21.50000000
-144.67462240 -94.39185007 21.50000000
-142.97127708 -97.17145700 21.50000000
-141.26793176 -99.95106394 21.50000000
-146.37796772 -91.61224313 24.76000000
-144.67462240 -94.39185007 24.76000000
-142.97127708 -97.17145700 24.76000000
-141.26793176 -99.95106394 24.76000000
0.00000000 0.00000000 0.00000000
0.00000000 0.00000000 0.00000000
-139.56458644 -102.73067087 21.50000000
-137.86124111 -105.51027781 21.50000000
-136.15789579 -108.28988474 21.50000000
-134.45455047 -111.06949168 21.50000000
-139.56458644 -102.73067087 24.76000000
-137.86124111 -105.51027781 24.76000000
-136.15789579 -108.28988474 24.76000000
-134.45455047 -111.06949168 24.76000000
-153.19134900 -80.49381539 48.20000000
-151.48800368 -83.27342232 48.20000000
-149.78465836 -86.05302926 48.20000000
-148.08131304 -88.83263619 48.20000000
-153.19134900 -80.49381539 51.46000000
-151.48800368 -83.27342232 51.46000000
-149.78465836 -86.05302926 51.46000000
-148.08131304 -88.83263619 51.46000000
0.00000000 0.00000000 0.00000000
0.00000000 0.00000000 0.00000000
-160.00473029 -69.37538764 48.20000000
-158.30138497 -72.15499458 48.20000000
-156.59803965 -74.93460152 48.20000000
-154.89469432 -77.71420845 48.20000000
-160.00473029 -69.37538764 51.46000000
-158.30138497 -72.15499458 51.46000000
-156.59803965 -74.93460152 51.46000000
-154.89469432 -77.71420845 51.46000000
-148.08131304 -88.83263619 44.94000000
-149.78465836 -86.05302926 44.94000000
-151.48800368 -83.27342232 44.94000000
-153.19134900 -80.49381539 44.94000000
-148.08131304 -88.83263619 41.68000000
-149.78465836 -86.05302926 41.68000000
-151.48800368 -83.27342232 41.68000000
-153.19134900 -80.49381539 41.68000000
0.00000000 0.00000000 0.00000000
0.00000000 0.00000000 0.00000000
-154.89469432 -77.71420845 44.94000000
-156.59803965 -74.93460152 44.94000000
-158.30138497 -72.15499458 44.94000000
-160.00473029 -69.37538764 44.94000000
-154.89469432 -77.71420845 41.68000000
-156.59803965 -74.93460152 41.68000000
-158.30138497 -72.15499458 41.68000000
-160.00473029 -69.37538764 41.68000000
-153.19134900 -80.49381539 35.16000000
-151.48800368 -83.27342232 35.16000000
-149.78465836 -86.05302926 35.16000000
-148.08131304 -88.83263619 35.16000000
-153.19134900 -80.49381539 38.42000000
-151.48800368 -83.27342232 38.42000000
-149.78465836 -86.05302926 38.42000000
-148.08131304 -88.83263619 38.42000000
0.00000000 0.00000000 0.00000000
0.00000000 0.00000000 0.00000000
-160.00473029 -69.37538764 35.16000000
-158.30138497 -72.15499458 35.16000000
-156.59803965 -74.93460152 35.16000000
-154.89469432 -77.71420845 35.16000000
-160.00473029 -69.37538764 38.42000000
-158.30138497 -72.15499458 38.42000000
-156.59803965 -74.93460152 38.42000000
-154.89469432 -77.71420845 38.42000000
-148.08131304 -88.83263619 31.90000000
-149.78465836 -86.05302926 31.90000000
-151.48800368 -83.27342232 31.90000000
-153.19134900 -80.49381539 31.90000000
-148.08131304 -88.83263619 28.64000000
-149.78465836 -86.05302926 28.64000000
-151.48800368 -83.27342232 28.64000000
-153.19134900 -80.49381539 28.64000000
0.00000000 0.00000000 0.00000000
0.00000000 0.00000000 0.00000000
-154.89469432 -77.71420845 31.90000000
-156.59803965 -74.93460152 31.90000000
-158.30138497 -72.15499458 31.90000000
-160.00473029 -69.37538764 31.90000000
-154.89469432 -77.71420845 28.64000000
-156.59803965 -74.93460152 28.64000000
-158.30138497 -72.15499458 28.64000000
-160.00473029 -69.37538764 28.64000000
-141.26793176 -99.95106394 31.90000000
-142.97127708 -97.17145700 31.90000000
-144.67462240 -94.39185007 31.90000000
-146.37796772 -91.61224313 31.90000000
-141.26793176 -99.95106394 28.64000000
-142.97127708 -97.17145700 28.64000000
-144.67462240 -94.39185007 28.64000000
-146.37796772 -91.61224313 28.64000000
0.00000000 0.00000000 0.00000000
0.00000000 0.00000000 0.00000000
-134.45455047 -111.06949168 31.90000000
-136.15789579 -108.28988474 31.90000000
-137.86124111 -105.51027781 31.90000000
-139.56458644 -102.73067087 31.90000000
-134.45455047 -111.06949168 28.64000000
-136.15789579 -108.28988474 28.64000000
-137.86124111 -105.51027781 28.64000000
-139.56458644 -102.73067087 28.64000000
-146.37796772 -91.61224313 35.16000000
-144.67462240 -94.39185007 35.16000000
-142.97127708 -97.17145700 35.16000000
-141.26793176 -99.95106394 35.16000000
-146.37796772 -91.61224313 38.42000000
-144.67462240 -94.39185007 38.42000000
-142.97127708 -97.17145700 38.42000000
-141.26793176 -99.95106394 38.42000000
0.00000000 0.00000000 0.00000000
0.00000000 0.00000000 0.00000000
-139.56458644 -102.73067087 35.16000000
-137.86124111 -105.51027781 35.16000000
-136.15789579 -108.28988474 35.16000000
-134.45455047 -111.06949168 35.16000000
-139.56458644 -102.73067087 38.42000000
-137.86124111 -105.51027781 38.42000000
-136.15789579 -108.28988474 38.42000000
-134.45455047 -111.06949168 38.42000000
-141.26793176 -99.95106394 44.94000000
-142.97127708 -97.17145700 44.94000000
-144.67462240 -94.39185007 44.94000000
-146.37796772 -91.61224313 44.94000000
-141.26793176 -99.95106394 41.68000000
-142.97127708 -97.17145700 41.68000000
-144.67462240 -94.39185007 41.68000000
-146.37796772 -91.61224313 41.68000000
0.00000000 0.00000000 0.00000000
0.00000000 0.00000000 0.00000000
-134.45455047 -111.06949168 44.94000000
-136.15789579 -108.28988474 44.94000000
-137.86124111 -105.51027781 44.94000000
-139.56458644 -102.73067087 44.94000000
-134.45455047 -111.06949168 41.68000000
-136.15789579 -108.28988474 41.68000000
-137.86124111 -105.51027781 41.68000000
-139.56458644 -102.73067087 41.68000000
-146.37796772 -91.61224313 48.20000000
-144.67462240 -94.39185007 48.20000000
-142.97127708 -97.17145700 48.20000000
-141.26793176 -99.95106394 48.20000000
-146.37796772 -91.61224313 51.46000000
-144.67462240 -94.39185007 51.46000000
-142.97127708 -97.17145700 51.46000000
-141.26793176 -99.95106394 51.46000000
0.00000000 0.00000000 0.00000000
0.00000000 0.00000000 0.00000000
-139.56458644 -102.73067087 48.20000000
-137.86124111 -105.51027781 48.20000000
-136.15789579 -108.28988474 48.20000000
-134.45455047 -111.06949168 48.20000000
-139.56458644 -102.73067087 51.46000000
-137.86124111 -105.51027781 51.46000000
-136.15789579 -108.28988474 51.46000000
-134.45455047 -111.06949168 51.46000000
-153.19134900 -80.49381539 74.90000000
-151.48800368 -83.27342232 74.90000000
-149.78465836 -86.05302926 74.90000000
-148.08131304 -88.83263619 74.90000000
-153.19134900 -80.49381539 78.16000000
-151.48800368 -83.27342232 78.16000000
-149.78465836 -86.05302926 78.16000000
-148.08131304 -88.83263619 78.16000000
0.00000000 0.00000000 0.00000000
0.00000000 0.00000000 0.00000000
-160.00473029 -69.37538764 74.90000000
-158.30138497 -72.15499458 74.90000000
-156.59803965 -74.93460152 74.90000000
-154.89469432 -77.71420845 74.90000000
-160.00473029 -69.37538764 78.16000000
-158.30138497 -72.15499458 78.16000000
-156.59803965 -74.93460152 78.16000000
-154.89469432 -77.71420845 78.16000000
-148.08131304 -88.83263619 71.64000000
-149.78465836 -86.05302926 71.64000000
-151.48800368 -83.27342232 71.64000000
-153.19134900 -80.49381539 71.64000000
-148.08131304 -88.83263619 68.38000000
-149.78465836 -86.05302926 68.38000000
-151.48800368 -83.27342232 68.38000000
-153.19134900 -80.49381539 68.38000000
0.00000000 0.00000000 0.00000000
0.00000000 0.00000000 0.00000000
-154.89469432 -77.71420845 71.64000000
-156.59803965 -74.93460152 71.64000000
-158.30138497 -72.15499458 71.64000000
-160.00473029 -69.37538764 71.64000000
-154.89469432 -77.71420845 68.38000000
-156.59803965 -74.93460152 68.38000000
-158.30138497 -72.15499458 68.38000000
-160.00473029 -69.37538764 68.38000000
-153.19134900 -80.49381539 61.86000000
-151.48800368 -83.27342232 61.86000000
-149.78465836 -86.05302926 61.86000000
-148.08131304 -88.83263619 61.86000000
-153.19134900 -80.49381539 65.12000000
-151.48800368 -83.27342232 65.12000000
-149.78465836 -86.05302926 65.12000000
-148.08131304 -88.83263619 65.12000000
0.00000000 0.00000000 0.00000000
0.00000000 0.00000000 0.00000000
-160.00473029 -69.37538764 61.86000000
-158.30138497 -72.15499458 61.86000000
-156.59803965 -74.93460152 61.86000000
-154.89469432 -77.71420845 61.86000000
-160.00473029 -69.37538764 65.12000000
-158.30138497 -72.15499458 65.12000000
-156.59803965 -74.93460152 65.12000000
-154.89469432 -77.71420845 65.12000000
-148.08131304 -88.83263619 58.60000000
-149.78465836 -86.05302926 58.60000000
-151.48800368 -83.27342232 58.60000000
-153.19134900 -80.49381539 58.60000000
-148.08131304 -88.83263619 55.34000000
-149.78465836 -86.05302926 55.34000000
-151.48800368 -83.27342232 55.34000000
-153.19134900 -80.49381539 55.34000000
0.00000000 0.00000000 0.00000000
0.00000000 0.00000000 0.00000000
-154.89469432 -77.71420845 58.60000000
-156.59803965 -74.93460152 58.60000000
-158.30138497 -72.15499458 58.60000000
-160.00473029 -69.37538764 58.60000000
-154.89469432 -77.71420845 55.34000000
-156.59803965 -74.93460152 55.34000000
-158.30138497 -72.15499458 55.34000000
-160.00473029 -69.37538764 55.34000000
-141.26793176 -99.95106394 58.60000000
-142.97127708 -97.17145700 58.60000000
-144.67462240 -94.39185007 58.60000000
-146.37796772 -91.61224313 58.60000000
-141.26793176 -99.95106394 55.34000000
-142.97127708 -97.17145700 55.34000000
-144.67462240 -94.39185007 55.34000000
-146.37796772 -91.61224313 55.34000000
0.00000000 0.00000000 0.00000000
0.00000000 0.00000000 0.00000000
-134.45455047 -111.06949168 58.60000000
-136.15789579 -108.28988474 58.60000000
-137.86124111 -105.51027781 58.60000000
-139.56458644 -102.73067087 58.60000000
-134.45455047 -111.06949168 55.34000000
-136.15789579 -108.28988474 55.34000000
-137.86124111 -105.51027781 55.34000000
-139.56458644 -102.73067087 55.34000000
-146.37796772 -91.61224313 61.86000000
-144.67462240 -94.39185007 61.86000000
-142.97127708 -97.17145700 61.86000000
-141.26793176 -99.95106394 61.86000000
-146.37796772 -91.61224313 65.12000000
-144.67462240 -94.39185007 65.12000000
-142.97127708 -97.17145700 65.12000000
-141.26793176 -99.95106394 65.12000000
0.00000000 0.00000000 0.00000000
0.00000000 0.00000000 0.00000000
-139.56458644 -102.73067087 61.86000000
-137.86124111 -105.51027781 61.86000000
-136.15789579 -108.28988474 61.86000000
-134.45455047 -111.06949168 61.86000000
-139.56458644 -102.73067087 65.12000000
-137.86124111 -105.51027781 65.12000000
-136.15789579 -108.28988474 65.12000000
-134.45455047 -111.06949168 65.12000000
-141.26793176 -99.95106394 71.64000000
-142.97127708 -97.17145700 71.64000000
-144.67462240 -94.39185007 71.64000000
-146.37796772 -91.61224313 71.64000000
-141.26793176 -99.95106394 68.38000000
-142.97127708 -97.17145700 68.38000000
-144.67462240 -94.39185007 68.38000000
-146.37796772 -91.61224313 68.38000000
0.00000000 0.00000000 0.00000000
0.00000000 0.00000000 0.00000000
-134.45455047 -111.06949168 71.64000000
-136.15789579 -108.28988474 71.64000000
-137.86124111 -105.51027781 71.64000000
-139.56458644 -102.73067087 71.64000000
-134.45455047 -111.06949168 68.38000000
-136.15789579 -108.28988474 68.38000000
-137.86124111 -105.51027781 68.38000000
-139.56458644 -102.73067087 68.38000000
-146.37796772 -91.61224313 74.90000000
-144.67462240 -94.39185007 74.90000000
-142.97127708 -97.17145700 74.90000000
-141.26793176 -99.95106394 74.90000000
-146.37796772 -91.61224313 78.16000000
-144.67462240 -94.39185007 78.16000000
-142.97127708 -97.17145700 78.16000000
-141.26793176 -99.95106394 78.16000000
0.00000000 0.00000000 0.00000000
0.00000000 0.00000000 0.00000000
-139.56458644 -102.73067087 74.90000000
-137.86124111 -105.51027781 74.90000000
-136.15789579 -108.28988474 74.90000000
-134.45455047 -111.06949168 74.90000000
-139.56458644 -102.73067087 78.16000000
-137.86124111 -105.51027781 78.16000000
-136.15789579 -108.28988474 78.16000000
-134.45455047 -111.06949168 78.16000000
-172.33400146 -15.74279728 -58.60000000
-171.82402510 -18.96266127 -58.60000000
-171.31404875 -22.18252527 -58.60000000
-170.80407239 -25.40238926 -58.60000000
-172.33400146 -15.74279728 -55.34000000
-171.82402510 -18.96266127 -55.34000000
-171.31404875 -22.18252527 -55.34000000
-170.80407239 -25.40238926 -55.34000000
0.00000000 0.00000000 0.00000000
0.00000000 0.00000000 0.00000000
-174.37390688 -2.86334132 -58.60000000
-173.86393053 -6.08320531 -58.60000000
-173.35395417 -9.30306930 -58.60000000
-172.84397781 -12.52293329 -58.60000000
-174.37390688 -2.86334132 -55.34000000
-173.86393053 -6.08320531 -55.34000000
-173.35395417 -9.30306930 -55.34000000
-172.84397781 -12.52293329 -55.34000000
-170.80407239 -25.40238926 -61.86000000
-171.31404875 -22.18252527 -61.86000000
-171.82402510 -18.96266127 -61.86000000
-172.33400146 -15.74279728 -61.86000000
-170.80407239 -25.40238926 -65.12000000
-171.31404875 -22.18252527 -65.12000000
-171.82402510 -18.96266127 -65.12000000
-172.33400146 -15.74279728 -65.12000000
0.00000000 0.00000000 0.00000000
0.00000000 0.00000000 0.00000000
-172.84397781 -12.52293329 -61.86000000
-173.35395417 -9.30306930 -61.86000000
-173.86393053 -6.08320531 -61.86000000
-174.37390688 -2.86334132 -61.86000000
-172.84397781 -12.52293329 -65.12000000
-173.35395417 -9.30306930 -65.12000000
-173.86393053 -6.08320531 -65.12000000
-174.37390688 -2.86334132 -65.12000000
-172.33400146 -15.74279728 -71.64000000
-171.82402510 -18.96266127 -71.64000000
-171.31404875 -22.18252527 -71.64000000
-170.80407239 -25.40238926 -71.64000000
-172.33400146 -15.74279728 -68.38000000
-171.82402510 -18.96266127 -68.38000000
-171.31404875 -22.18252527 -68.38000000
-170.80407239 -25.40238926 -68.38000000
0.00000000 0.00000000 0.00000000
0.00000000 0.00000000 0.00000000
-174.37390688 -2.86334132 -71.64000000
-173.86393053 -6.08320531 -71.64000000
-173.35395417 -9.30306930 -71.64000000
-172.84397781 -12.52293329 -71.64000000
-174.37390688 -2.86334132 -68.38000000
-173.86393053 -6.08320531 -68.38000000
-173.35395417 -9.30306930 -68.38000000
-172.84397781 -12.52293329 -68.38000000
-170.80407239 -25.40238926 -74.90000000
-171.31404875 -22.18252527 -74.90000000
-171.82402510 -18.96266127 -74.90000000
-172.33400146 -15.74279728 -74.90000000
-170.80407239 -25.40238926 -78.16000000
-171.31404875 -22.18252527 -78.16000000
-171.82402510 -18.96266127 -78.16000000
-172.33400146 -15.74279728 -78.16000000
0.00000000 0.00000000 0.00000000
0.00000000 0.00000000 0.00000000
-172.84397781 -12.52293329 -74.90000000
-173.35395417 -9.30306930 -74.90000000
-173.86393053 -6.08320531 -74.90000000
-174.37390688 -2.86334132 -74.90000000
-172.84397781 -12.52293329 -78.16000000
-173.35395417 -9.30306930 -78.16000000
-173.86393053 -6.08320531 -78.16000000
-174.37390688 -2.86334132 -78.16000000
-168.76416697 -38.28184522 -74.90000000
-169.27414332 -35.06198123 -74.90000000
-169.78411968 -31.84211724 -74.90000000
-170.29409603 -28.62225325 -74.90000000
-168.76416697 -38.28184522 -78.16000000
-169.27414332 -35.06198123 -78.16000000
-169.78411968 -31.84211724 -78.16000000
-170.29409603 -28.62225325 -78.16000000
0.00000000 0.00000000 0.00000000
0.00000000 0.00000000 0.00000000
-166.72426154 -51.16130118 -74.90000000
-167.23423790 -47.94143719 -74.90000000
-167.74421425 -44.72157320 -74.90000000
-168.25419061 -41.50170921 -74.90000000
-166.72426154 -51.16130118 -78.16000000
-167.23423790 -47.94143719 -78.16000000
-167.74421425 -44.72157320 -78.16000000
-168.25419061 -41.50170921 -78.16000000
-170.29409603 -28.62225325 -71.64000000
-169.78411968 -31.84211724 -71.64000000
-169.27414332 -35.06198123 -71.64000000
-168.76416697 -38.28184522 -71.64000000
-170.29409603 -28.62225325 -68.38000000
-169.78411968 -31.84211724 -68.38000000
-169.27414332 -35.06198123 -68.38000000
-168.76416697 -38.28184522 -68.38000000
0.00000000 0.00000000 0.00000000
0.00000000 0.00000000 0.00000000
-168.25419061 -41.50170921 -71.64000000
-167.74421425 -44.72157320 -71.64000000
-167.23423790 -47.94143719 -71.64000000
-166.72426154 -51.16130118 -71.64000000
-168.25419061 -41.50170921 -68.38000000
-167.74421425 -44.72157320 -68.38000000
-167.23423790 -47.94143719 -68.38000000
-166.72426154 -51.16130118 -68.38000000
-168.76416697 -38.28184522 -61.86000000
-169.27414332 -35.06198123 -61.86000000
-169.78411968 -31.84211724 -61.86000000
-170.29409603 -28.62225325 -61.86000000
-168.76416697 -38.28184522 -65.12000000
-169.27414332 -35.06198123 -65.12000000
-169.78411968 -31.84211724 -65.12000000
-170.29409603 -28.62225325 -65.12000000
0.00000000 0.00000000 0.00000000
0.00000000 0.00000000 0.00000000
-166.72426154 -51.16130118 -61.86000000
-167.23423790 -47.94143719 -61.86000000
-167.74421425 -44.72157320 -61.86000000
-168.25419061 -41.50170921 -61.86000000
-166.72426154 -51.16130118 -65.12000000
-167.23423790 -47.94143719 -65.12000000
-167.74421425 -44.72157320 -65.12000000
-168.25419061 -41.50170921 -65.12000000
-170.29409603 -28.62225325 -58.60000000
-169.78411968 -31.84211724 -58.60000000
-169.27414332 -35.06198123 -58.60000000
-168.76416697 -38.28184522 -58.60000000
-170.29409603 -28.62225325 -55.34000000
-169.78411968 -31.84211724 -55.34000000
-169.27414332 -35.06198123 -55.34000000
-168.76416697 -38.28184522 -55.34000000
0.00000000 0.00000000 0.00000000
0.00000000 0.00000000 0.00000000
-168.25419061 -41.50170921 -58.60000000
-167.74421425 -44.72157320 -58.60000000
-167.23423790 -47.94143719 -58.60000000
-166.72426154 -51.16130118 -58.60000000
-168.25419061 -41.50170921 -55.34000000
-167.74421425 -44.72157320 -55.34000000
-167.23423790 -47.94143719 -55.34000000
-166.72426154 -51.16130118 -55.34000000
-172.33400146 -15.74279728 -31.90000000
-171.82402510 -18.96266127 -31.90000000
-171.31404875 -22.18252527 -31.90000000
-170.80407239 -25.40238926 -31.90000000
-172.33400146 -15.74279728 -28.64000000
-171.82402510 -18.96266127 -28.64000000
-171.31404875 -22.18252527 -28.64000000
-170.80407239 -25.40238926 -28.64000000
0.00000000 0.00000000 0.00000000
0.00000000 0.00000000 0.00000000
-174.37390688 -2.86334132 -31.90000000
-173.86393053 -6.08320531 -31.90000000
-173.35395417 -9.30306930 -31.90000000
-172.84397781 -12.52293329 -31.90000000
-174.37390688 -2.86334132 -28.64000000
-173.86393053 -6.08320531 -28.64000000
-173.35395417 -9.30306930 -28.64000000
-172.84397781 -12.52293329 -28.64000000
-170.80407239 -25.40238926 -35.16000000
-171.31404875 -22.18252527 -35.16000000
-171.82402510 -18.96266127 -35.16000000
-172.33400146 -15.74279728 -35.16000000
-170.80407239 -25.40238926 -38.42000000
-171.31404875 -22.18252527 -38.42000000
-171.82402510 -18.96266127 -38.42000000
-172.33400146 -15.74279728 -38.42000000
0.00000000 0.00000000 0.00000000
0.00000000 0.00000000 0.00000000
-172.84397781 -12.52293329 -35.16000000
-173.35395417 -9.30306930 -35.16000000
-173.86393053 -6.08320531 -35.16000000
-174.37390688 -2.86334132 -35.16000000
-172.84397781 -12.52293329 -38.42000000
-173.35395417 -9.30306930 -38.42000000
-173.86393053 -6.08320531 -38.42000000
-174.37390688 -2.86334132 -38.42000000
-172.33400146 -15.74279728 -44.94000000
-171.82402510 -18.96266127 -44.94000000
-171.31404875 -22.18252527 -44.94000000
-170.80407239 -25.40238926 -44.94000000
-172.33400146 -15.74279728 -41.68000000
-171.82402510 -18.96266127 -41.68000000
-171.31404875 -22.18252527 -41.68000000
-170.80407239 -25.40238926 -41.68000000
0.00000000 0.00000000 0.00000000
0.00000000 0.00000000 0.00000000
-174.37390688 -2.86334132 -44.94000000
-173.86393053 -6.08320531 -44.94000000
-173.35395417 -9.30306930 -44.94000000
-172.84397781 -12.52293329 -44.94000000
-174.37390688 -2.86334132 -41.68000000
-173.86393053 -6.08320531 -41.68000000
-173.35395417 -9.30306930 -41.68000000
-172.84397781 -12.52293329 -41.68000000
-170.80407239 -25.40238926 -48.20000000
-171.31404875 -22.18252527 -48.20000000
-171.82402510 -18.96266127 -48.20000000
-172.33400146 -15.74279728 -48.20000000
-170.80407239 -25.40238926 -51.46000000
-171.31404875 -22.18252527 -51.46000000
-171.82402510 -18.96266127 -51.46000000
-172.33400146 -15.74279728 -51.46000000
0.00000000 0.00000000 0.00000000
0.00000000 0.00000000 0.00000000
-172.84397781 -12.52293329 -48.20000000
-173.35395417 -9.30306930 -48.20000000
-173.86393053 -6.08320531 -48.20000000
-174.37390688 -2.86334132 -48.20000000
-172.84397781 -12.52293329 -51.46000000
-173.35395417 -9.30306930 -51.46000000
-173.86393053 -6.08320531 -51.46000000
-174.37390688 -2.86334132 -51.46000000
-168.76416697 -38.28184522 -48.20000000
-169.27414332 -35.06198123 -48.20000000
-169.78411968 -31.84211724 -48.20000000
-170.29409603 -28.62225325 -48.20000000
-168.76416697 -38.28184522 -51.46000000
-169.27414332 -35.06198123 -51.46000000
-169.78411968 -31.84211724 -51.46000000
-170.29409603 -28.62225325 -51.46000000
0.00000000 0.00000000 0.00000000
0.00000000 0.00000000 0.00000000
-166.72426154 -51.16130118 -48.20000000
-167.23423790 -47.94143719 -48.20000000
-167.74421425 -44.72157320 -48.20000000
-168.25419061 -41.50170921 -48.20000000
-166.72426154 -51.16130118 -51.46000000
-167.23423790 -47.94143719 -51.46000000
-167.74421425 -44.72157320 -51.46000000
-168.25419061 -41.50170921 -51.46000000
-170.29409603 -28.62225325 -44.94000000
-169.78411968 -31.84211724 -44.94000000
-169.27414332 -35.06198123 -44.94000000
-168.76416697 -38.28184522 -44.94000000
-170.29409603 -28.62225325 -41.68000000
-169.78411968 -31.84211724 -41.68000000
-169.27414332 -35.06198123 -41.68000000
-168.76416697 -38.28184522 -41.68000000
0.00000000 0.00000000 0.00000000
0.00000000 0.00000000 0.00000000
-168.25419061 -41.50170921 -44.94000000
-167.74421425 -44.72157320 -44.94000000
-167.23423790 -47.94143719 -44.94000000
-166.72426154 -51.16130118 -44.94000000
-168.25419061 -41.50170921 -41.68000000
-167.74421425 -44.72157320 -41.68000000
-167.23423790 -47.94143719 -41.68000000
-166.72426154 -51.16130118 -41.68000000
-168.76416697 -38.28184522 -35.16000000
-169.27414332 -35.06198123 -35.16000000
-169.78411968 -31.84211724 -35.16000000
-170.29409603 -28.62225325 -35.16000000
-168.76416697 -38.28184522 -38.42000000
-169.27414332 -35.06198123 -38.42000000
-169.78411968 -31.84211724 -38.42000000
-170.29409603 -28.62225325 -38.42000000
0.00000000 0.00000000 0.00000000
0.00000000 0.00000000 0.00000000
-166.72426154 -51.16130118 -35.16000000
-167.23423790 -47.94143719 -35.16000000
-167.74421425 -44.72157320 -35.16000000
-168.25419061 -41.50170921 -35.16000000
-166.72426154 -51.16130118 -38.42000000
-167.23423790 -47.94143719 -38.42000000
-167.74421425 -44.72157320 -38.42000000
-168.25419061 -41.50170921 -38.42000000
-170.29409603 -28.62225325 -31.90000000
-169.78411968 -31.84211724 -31.90000000
-169.27414332 -35.06198123 -31.90000000
-168.76416697 -38.28184522 -31.90000000
-170.29409603 -28.62225325 -28.64000000
-169.78411968 -31.84211724 -28.64000000
-169.27414332 -35.06198123 -28.64000000
-168.76416697 -38.28184522 -28.64000000
0.00000000 0.00000000 0.00000000
0.00000000 0.00000000 0.00000000
-168.25419061 -41.50170921 -31.90000000
-167.74421425 -44.72157320 -31.90000000
-167.23423790 -47.94143719 -31.90000000
-166.72426154 -51.16130118 -31.90000000
-168.25419061 -41.50170921 -28.64000000
-167.74421425 -44.72157320 -28.64000000
-167.23423790 -47.94143719 -28.64000000
-166.72426154 -51.16130118 -28.64000000
-172.33400146 -15.74279728 -5.20000000
-171.82402510 -18.96266127 -5.20000000
-171.31404875 -22.18252527 -5.20000000
-170.80407239 -25.40238926 -5.20000000
-172.33400146 -15.74279728 -1.94000000
-171.82402510 -18.96266127 -1.94000000
-171.31404875 -22.18252527 -1.94000000
-170.80407239 -25.40238926 -1.94000000
0.00000000 0.00000000 0.00000000
0.00000000 0.00000000 0.00000000
-174.37390688 -2.86334132 -5.20000000
-173.86393053 -6.08320531 -5.20000000
-173.35395417 -9.30306930 -5.20000000
-172.84397781 -12.52293329 -5.20000000
-174.37390688 -2.86334132 -1.94000000
-173.86393053 -6.08320531 -1.94000000
-173.35395417 -9.30306930 -1.94000000
-172.84397781 -12.52293329 -1.94000000
-170.80407239 -25.40238926 -8.46000000
-171.31404875 -22.18252527 -8.46000000
-171.82402510 -18.96266127 -8.46000000
-172.33400146 -15.74279728 -8.46000000
-170.80407239 -25.40238926 -11.72000000
-171.31404875 -22.18252527 -11.72000000
-171.82402510 -18.96266127 -11.72000000
-172.33400146 -15.74279728 -11.72000000
0.00000000 0.00000000 0.00000000
0.00000000 0.00000000 0.00000000
-172.84397781 -12.52293329 -8.46000000
-173.35395417 -9.30306930 -8.46000000
-173.86393053 -6.08320531 -8.46000000
-174.37390688 -2.86334132 -8.46000000
-172.84397781 -12.52293329 -11.72000000
-173.35395417 -9.30306930 -11.72000000
-173.86393053 -6.08320531 -11.72000000
-174.37390688 -2.86334132 -11.72000000
-172.33400146 -15.74279728 -18.24000000
-171.82402510 -18.96266127 -18.24000000
-171.31404875 -22.18252527 -18.24000000
-170.80407239 -25.40238926 -18.24000000
-172.33400146 -15.74279728 -14.98000000
-171.82402510 -18.96266127 -14.98000000
-171.31404875 -22.18252527 -14.98000000
-170.80407239 -25.40238926 -14.98000000
0.00000000 0.00000000 0.00000000
0.00000000 0.00000000 0.00000000
-174.37390688 -2.86334132 -18.24000000
-173.86393053 -6.08320531 -18.24000000
-173.35395417 -9.30306930 -18.24000000
-172.84397781 -12.52293329 -18.24000000
-174.37390688 -2.86334132 -14.98000000
-173.86393053 -6.08320531 -14.98000000
-173.35395417 -9.30306930 -14.98000000
-172.84397781 -12.52293329 -14.98000000
-170.80407239 -25.40238926 -21.50000000
-171.31404875 -22.18252527 -21.50000000
-171.82402510 -18.96266127 -21.50000000
-172.33400146 -15.74279728 -21.50000000
-170.80407239 -25.40238926 -24.76000000
-171.31404875 -22.18252527 -24.76000000
-171.82402510 -18.96266127 -24.76000000
-172.33400146 -15.74279728 -24.76000000
0.00000000 0.00000000 0.00000000
0.00000000 0.00000000 0.00000000
-172.84397781 -12.52293329 -21.50000000
-173.35395417 -9.30306930 -21.50000000
-173.86393053 -6.08320531 -21.50000000
-174.37390688 -2.86334132 -21.50000000
-172.84397781 -12.52293329 -24.76000000
-173.35395417 -9.30306930 -24.76000000
-173.86393053 -6.08320531 -24.76000000
-174.37390688 -2.86334132 -24.76000000
-168.76416697 -38.28184522 -21.50000000
-169.27414332 -35.06198123 -21.50000000
-169.78411968 -31.84211724 -21.50000000
-170.29409603 -28.62225325 -21.50000000
-168.76416697 -38.28184522 -24.76000000
-169.27414332 -35.06198123 -24.76000000
-169.78411968 -31.84211724 -24.76000000
-170.29409603 -28.62225325 -24.76000000
0.00000000 0.00000000 0.00000000
0.00000000 0.00000000 0.00000000
-166.72426154 -51.16130118 -21.50000000
-167.23423790 -47.94143719 -21.50000000
-167.74421425 -44.72157320 -21.50000000
-168.25419061 -41.50170921 -21.50000000
-166.72426154 -51.16130118 -24.76000000
-167.23423790 -47.94143719 -24.76000000
-167.74421425 -44.72157320 -24.76000000
-168.25419061 -41.50170921 -24.76000000
-170.29409603 -28.62225325 -18.24000000
-169.78411968 -31.84211724 -18.24000000
-169.27414332 -35.06198123 -18.24000000
-168.76416697 -38.28184522 -18.24000000
-170.29409603 -28.62225325 -14.98000000
-169.78411968 -31.84211724 -14.98000000
-169.27414332 -35.06198123 -14.98000000
-168.76416697 -38.28184522 -14.98000000
0.00000000 0.00000000 0.00000000
0.00000000 0.00000000 0.00000000
-168.25419061 -41.50170921 -18.24000000
-167.74421425 -44.72157320 -18.24000000
-167.23423790 -47.94143719 -18.24000000
-166.72426154 -51.16130118 -18.24000000
-168.25419061 -41.50170921 -14.98000000
-167.74421425 -44.72157320 -14.98000000
-167.23423790 -47.94143719 -14.98000000
-166.72426154 -51.16130118 -14.98000000
-168.76416697 -38.28184522 -8.46000000
-169.27414332 -35.06198123 -8.46000000
-169.78411968 -31.84211724 -8.46000000
-170.29409603 -28.62225325 -8.46000000
-168.76416697 -38.28184522 -11.72000000
-169.27414332 -35.06198123 -11.72000000
-169.78411968 -31.84211724 -11.72000000
-170.29409603 -28.62225325 -11.72000000
0.00000000 0.00000000 0.00000000
0.00000000 0.00000000 0.00000000
-166.72426154 -51.16130118 -8.46000000
-167.23423790 -47.94143719 -8.46000000
-167.74421425 -44.72157320 -8.46000000
-168.25419061 -41.50170921 -8.46000000
-166.72426154 -51.16130118 -11.72000000
-167.23423790 -47.94143719 -11.72000000
-167.74421425 -44.72157320 -11.72000000
-168.25419061 -41.50170921 -11.72000000
-170.29409603 -28.62225325 -5.20000000
-169.78411968 -31.84211724 -5.20000000
-169.27414332 -35.06198123 -5.20000000
-168.76416697 -38.28184522 -5.20000000
-170.29409603 -28.62225325 -1.94000000
-169.78411968 -31.84211724 -1.94000000
-169.27414332 -35.06198123 -1.94000000
-168.76416697 -38.28184522 -1.94000000
0.00000000 0.00000000 0.00000000
0.00000000 0.00000000 0.00000000
-168.25419061 -41.50170921 -5.20000000
-167.74421425 -44.72157320 -5.20000000
-167.23423790 -47.94143719 -5.20000000
-166.72426154 -51.16130118 -5.20000000
-168.25419061 -41.50170921 -1.94000000
-167.74421425 -44.72157320 -1.94000000
-167.23423790 -47.94143719 -1.94000000
-166.72426154 -51.16130118 -1.94000000
-172.33400146 -15.74279728 21.50000000
-171.82402510 -18.96266127 21.50000000
-171.31404875 -22.18252527 21.50000000
-170.80407239 -25.40238926 21.50000000
-172.33400146 -15.74279728 24.76000000
-171.82402510 -18.96266127 24.76000000
-171.31404875 -22.18252527 24.76000000
-170.80407239 -25.40238926 24.76000000
0.00000000 0.00000000 0.00000000
0.00000000 0.00000000 0.00000000
-174.37390688 -2.86334132 21.50000000
-173.86393053 -6.08320531 21.50000000
-173.35395417 -9.30306930 21.50000000
-172.84397781 -12.52293329 21.50000000
-174.37390688 -2.86334132 24.76000000
-173.86393053 -6.08320531 24.76000000
-173.35395417 -9.30306930 24.76000000
-172.84397781 -12.52293329 24.76000000
-170.80407239 -25.40238926 18.24000000
-171.31404875 -22.18252527 18.24000000
-171.82402510 -18.96266127 18.24000000
-172.33400146 -15.74279728 18.24000000
-170.80407239 -25.40238926 14.98000000
-171.31404875 -22.18252527 14.98000000
-171.82402510 -18.96266127 14.98000000
-172.33400146 -15.74279728 14.98000000
0.00000000 0.00000000 0.00000000
0.00000000 0.00000000 0.00000000
-172.84397781 -12.52293329 18.24000000
-173.35395417 -9.30306930 18.24000000
-173.86393053 -6.08320531 18.24000000
-174.37390688 -2.86334132 18.24000000
-172.84397781 -12.52293329 14.98000000
-173.35395417 -9.30306930 14.98000000
-173.86393053 -6.08320531 14.98000000
-174.37390688 -2.86334132 14.98000000
-172.33400146 -15.74279728 8.46000000
-171.82402510 -18.96266127 8.46000000
-171.31404875 -22.18252527 8.46000000
-170.80407239 -25.40238926 8.46000000
-172.33400146 -15.74279728 11.72000000
-171.82402510 -18.96266127 11.72000000
-171.31404875 -22.18252527 11.72000000
-170.80407239 -25.40238926 11.72000000
0.00000000 0.00000000 0.00000000
0.00000000 0.00000000 0.00000000
-174.37390688 -2.86334132 8.46000000
-173.86393053 -6.08320531 8.46000000
-173.35395417 -9.30306930 8.46000000
-172.84397781 -12.52293329 8.46000000
-174.37390688 -2.86334132 11.72000000
-173.86393053 -6.08320531 11.72000000
-173.35395417 -9.30306930 11.72000000
-172.84397781 -12.52293329 11.72000000
-170.80407239 -25.40238926 5.20000000
-171.31404875 -22.18252527 5.20000000
-171.82402510 -18.96266127 5.20000000
-172.33400146 -15.74279728 5.20000000
-170.80407239 -25.40238926 1.94000000
-171.31404875 -22.18252527 1.94000000
-171.82402510 -18.96266127 1.94000000
-172.33400146 -15.74279728 1.94000000
0.00000000 0.00000000 0.00000000
0.00000000 0.00000000 0.00000000
-172.84397781 -12.52293329 5.20000000
-173.35395417 -9.30306930 5.20000000
-173.86393053 -6.08320531 5.20000000
-174.37390688 -2.86334132 5.20000000
-172.84397781 -12.52293329 1.94000000
-173.35395417 -9.30306930 1.94000000
-173.86393053 -6.08320531 1.94000000
-174.37390688 -2.86334132 1.94000000
-168.76416697 -38.28184522 5.20000000
-169.27414332 -35.06198123 5.20000000
-169.78411968 -31.84211724 5.20000000
-170.29409603 -28.62225325 5.20000000
-168.76416697 -38.28184522 1.94000000
-169.27414332 -35.06198123 1.94000000
-169.78411968 -31.84211724 1.94000000
-170.29409603 -28.62225325 1.94000000
0.00000000 0.00000000 0.00000000
0.00000000 0.00000000 0.00000000
-166.72426154 -51.16130118 5.20000000
-167.23423790 -47.94143719 5.20000000
-167.74421425 -44.72157320 5.20000000
-168.25419061 -41.50170921 5.20000000
-166.72426154 -51.16130118 1.94000000
-167.23423790 -47.94143719 1.94000000
-167.74421425 -44.72157320 1.94000000
-168.25419061 -41.50170921 1.94000000
-170.29409603 -28.62225325 8.46000000
-169.78411968 -31.84211724 8.46000000
-169.27414332 -35.06198123 8.46000000
-168.76416697 -38.28184522 8.46000000
-170.29409603 -28.62225325 11.72000000
-169.78411968 -31.84211724 11.72000000
-169.27414332 -35.06198123 11.72000000
-168.76416697 -38.28184522 11.72000000
0.00000000 0.00000000 0.00000000
0.00000000 0.00000000 0.00000000
-168.25419061 -41.50170921 8.46000000
-167.74421425 -44.72157320 8.46000000
-167.23423790 -47.94143719 8.46000000
-166.72426154 -51.16130118 8.46000000
-168.25419061 -41.50170921 11.72000000
-167.74421425 -44.72157320 11.72000000
-167.23423790 -47.94143719 11.72000000
-166.72426154 -51.16130118 11.72000000
-168.76416697 -38.28184522 18.24000000
-169.27414332 -35.06198123 18.24000000
-169.78411968 -31.84211724 18.24000000
-170.29409603 -28.62225325 18.24000000
-168.76416697 -38.28184522 14.98000000
-169.27414332 -35.06198123 14.98000000
-169.78411968 -31.84211724 14.98000000
-170.29409603 -28.62225325 14.98000000
0.00000000 0.00000000 0.00000000
0.00000000 0.00000000 0.00000000
-166.72426154 -51.16130118 18.24000000
-167.23423790 -47.94143719 18.24000000
-167.74421425 -44.72157320 18.24000000
-168.25419061 -41.50170921 18.24000000
-166.72426154 -51.16130118 14.98000000
-167.23423790 -47.94143719 14.98000000
-167.74421425 -44.72157320 14.98000000
-168.25419061 -41.50170921 14.98000000
-170.29409603 -28.62225325 21.50000000
-169.78411968 -31.84211724 21.50000000
-169.27414332 -35.06198123 21.50000000
-168.76416697 -38.28184522 21.50000000
-170.29409603 -28.62225325 24.76000000
-169.78411968 -31.84211724 24.76000000
-169.27414332 -35.06198123 24.76000000
-168.76416697 -38.28184522 24.76000000
0.00000000 0.00000000 0.00000000
0.00000000 0.00000000 0.00000000
-168.25419061 -41.50170921 21.50000000
-167.74421425 -44.72157320 21.50000000
-167.23423790 -47.94143719 21.50000000
-166.72426154 -51.16130118 21.50000000
-168.25419061 -41.50170921 24.76000000
-167.74421425 -44.72157320 24.76000000
-167.23423790 -47.94143719 24.76000000
-166.72426154 -51.16130118 24.76000000
-172.33400146 -15.74279728 48.20000000
-171.82402510 -18.96266127 48.20000000
-171.31404875 -22.18252527 48.20000000
-170.80407239 -25.40238926 48.20000000
-172.33400146 -15.74279728 51.46000000
-171.82402510 -18.96266127 51.46000000
-171.31404875 -22.18252527 51.46000000
-170.80407239 -25.40238926 51.46000000
0.00000000 0.00000000 0.00000000
0.00000000 0.00000000 0.00000000
-174.37390688 -2.86334132 48.20000000
-173.86393053 -6.08320531 48.20000000
-173.35395417 -9.30306930 48.20000000
-172.84397781 -12.52293329 48.20000000
-174.37390688 -2.86334132 51.46000000
-173.86393053 -6.08320531 51.46000000
-173.35395417 -9.30306930 51.46000000
-172.84397781 -12.52293329 51.46000000
-170.80407239 -25.40238926 44.94000000
-171.31404875 -22.18252527 44.94000000
-171.82402510 -18.96266127 44.94000000
-172.33400146 -15.74279728 44.94000000
-170.80407239 -25.40238926 41.68000000
-171.31404875 -22.18252527 41.68000000
-171.82402510 -18.96266127 41.68000000
-172.33400146 -15.74279728 41.68000000
0.00000000 0.00000000 0.00000000
0.00000000 0.00000000 0.00000000
-172.84397781 -12.52293329 44.94000000
-173.35395417 -9.30306930 44.94000000
-173.86393053 -6.08320531 44.94000000
-174.37390688 -2.86334132 44.94000000
-172.84397781 -12.52293329 41.68000000
-173.35395417 -9.30306930 41.68000000
-173.86393053 -6.08320531 41.68000000
-174.37390688 -2.86334132 41.68000000
-172.33400146 -15.74279728 35.16000000
-171.82402510 -18.96266127 35.16000000
-171.31404875 -22.18252527 35.16000000
-170.80407239 -25.40238926 35.16000000
-172.33400146 -15.74279728 38.42000000
-171.82402510 -18.96266127 38.42000000
-171.31404875 -22.18252527 38.42000000
-170.80407239 -25.40238926 38.42000000
0.00000000 0.00000000 0.00000000
0.00000000 0.00000000 0.00000000
-174.37390688 -2.86334132 35.16000000
-173.86393053 -6.08320531 35.16000000
-173.35395417 -9.30306930 35.16000000
-172.84397781 -12.52293329 35.16000000
-174.37390688 -2.86334132 38.42000000
-173.86393053 -6.08320531 38.42000000
-173.35395417 -9.30306930 38.42000000
-172.84397781 -12.52293329 38.42000000
-170.80407239 -25.40238926 31.90000000
-171.31404875 -22.18252527 31.90000000
-171.82402510 -18.96266127 31.90000000
-172.33400146 -15.74279728 31.90000000
-170.80407239 -25.40238926 28.64000000
-171.31404875 -22.18252527 28.64000000
-171.82402510 -18.96266127 28.64000000
-172.33400146 -15.74279728 28.64000000
0.00000000 0.00000000 0.00000000
0.00000000 0.00000000 0.00000000
-172.84397781 -12.52293329 31.90000000
-173.35395417 -9.30306930 31.90000000
-173.86393053 -6.08320531 31.90000000
-174.37390688 -2.86334132 31.90000000
-172.84397781 -12.52293329 28.64000000
-173.35395417 -9.30306930 28.64000000
-173.86393053 -6.08320531 28.64000000
-174.37390688 -2.86334132 28.64000000
-168.76416697 -38.28184522 31.90000000
-169.27414332 -35.06198123 31.90000000
-169.78411968 -31.84211724 31.90000000
-170.29409603 -28.62225325 31.90000000
-168.76416697 -38.28184522 28.64000000
-169.27414332 -35.06198123 28.64000000
-169.78411968 -31.84211724 28.64000000
-170.29409603 -28.62225325 28.64000000
0.00000000 0.00000000 0.00000000
0.00000000 0.00000000 0.00000000
-166.72426154 -51.16130118 31.90000000
-167.23423790 -47.94143719 31.90000000
-167.74421425 -44.72157320 31.90000000
-168.25419061 -41.50170921 31.90000000
-166.72426154 -51.16130118 28.64000000
-167.23423790 -47.94143719 28.64000000
-167.74421425 -44.72157320 28.64000000
-168.25419061 -41.50170921 28.64000000
-170.29409603 -28.62225325 35.16000000
-169.78411968 -31.84211724 35.16000000
-169.27414332 -35.06198123 35.16000000
-168.76416697 -38.28184522 35.16000000
-170.29409603 -28.62225325 38.42000000
-169.78411968 -31.84211724 38.42000000
-169.27414332 -35.06198123 38.42000000
-168.76416697 -38.28184522 38.42000000
0.00000000 0.00000000 0.00000000
0.00000000 0.00000000 0.00000000
-168.25419061 -41.50170921 35.16000000
-167.74421425 -44.72157320 35.16000000
-167.23423790 -47.94143719 35.16000000
-166.72426154 -51.16130118 35.16000000
-168.25419061 -41.50170921 38.42000000
-167.74421425 -44.72157320 38.42000000
-167.23423790 -47.94143719 38.42000000
-166.72426154 -51.16130118 38.42000000
-168.76416697 -38.28184522 44.94000000
-169.27414332 -35.06198123 44.94000000
-169.78411968 -31.84211724 44.94000000
-170.29409603 -28.62225325 44.94000000
-168.76416697 -38.28184522 41.68000000
-169.27414332 -35.06198123 41.68000000
-169.78411968 -31.84211724 41.68000000
-170.29409603 -28.62225325 41.68000000
0.00000000 0.00000000 0.00000000
0.00000000 0.00000000 0.00000000
-166.72426154 -51.16130118 44.94000000
-167.23423790 -47.94143719 44.94000000
-167.74421425 -44.72157320 44.94000000
-168.25419061 -41.50170921 44.94000000
-166.72426154 -51.16130118 41.68000000
-167.23423790 -47.94143719 41.68000000
-167.74421425 -44.72157320 41.68000000
-168.25419061 -41.50170921 41.68000000
-170.29409603 -28.62225325 48.20000000
-169.78411968 -31.84211724 48.20000000
-169.27414332 -35.06198123 48.20000000
-168.76416697 -38.28184522 48.20000000
-170.29409603 -28.62225325 51.46000000
-169.78411968 -31.84211724 51.46000000
-169.27414332 -35.06198123 51.46000000
-168.76416697 -38.28184522 51.46000000
0.00000000 0.00000000 0.00000000
0.00000000 0.00000000 0.00000000
-168.25419061 -41.50170921 48.20000000
-167.74421425 -44.72157320 48.20000000
-167.23423790 -47.94143719 48.20000000
-166.72426154 -51.16130118 48.20000000
-168.25419061 -41.50170921 51.46000000
-167.74421425 -44.72157320 51.46000000
-167.23423790 -47.94143719 51.46000000
-166.72426154 -51.16130118 51.46000000
-172.33400146 -15.74279728 74.90000000
-171.82402510 -18.96266127 74.90000000
-171.31404875 -22.18252527 74.90000000
-170.80407239 -25.40238926 74.90000000
-172.33400146 -15.74279728 78.16000000
-171.82402510 -18.96266127 78.16000000
-171.31404875 -22.18252527 78.16000000
-170.80407239 -25.40238926 78.16000000
0.00000000 0.00000000 0.00000000
0.00000000 0.00000000 0.00000000
-174.37390688 -2.86334132 74.90000000
-173.86393053 -6.08320531 74.90000000
-173.35395417 -9.30306930 74.90000000
-172.84397781 -12.52293329 74.90000000
-174.37390688 -2.86334132 78.16000000
-173.86393053 -6.08320531 78.16000000
-173.35395417 -9.30306930 78.16000000
-172.84397781 -12.52293329 78.16000000
-170.80407239 -25.40238926 71.64000000
-171.31404875 -22.18252527 71.64000000
-171.82402510 -18.96266127 71.64000000
-172.33400146 -15.74279728 71.64000000
-170.80407239 -25.40238926 68.38000000
-171.31404875 -22.18252527 68.38000000
-171.82402510 -18.96266127 68.38000000
-172.33400146 -15.74279728 68.38000000
0.00000000 0.00000000 0.00000000
0.00000000 0.00000000 0.00000000
-172.84397781 -12.52293329 71.64000000
-173.35395417 -9.30306930 71.64000000
-173.86393053 -6.08320531 71.64000000
-174.37390688 -2.86334132 71.64000000
-172.84397781 -12.52293329 68.38000000
-173.35395417 -9.30306930 68.38000000
-173.86393053 -6.08320531 68.38000000
-174.37390688 -2.86334132 68.38000000
-172.33400146 -15.74279728 61.86000000
-171.82402510 -18.96266127 61.86000000
-171.31404875 -22.18252527 61.86000000
-170.80407239 -25.40238926 61.86000000
-172.33400146 -15.74279728 65.12000000
-171.82402510 -18.96266127 65.12000000
-171.31404875 -22.18252527 65.12000000
-170.80407239 -25.40238926 65.12000000
0.00000000 0.00000000 0.00000000
0.00000000 0.00000000 0.00000000
-174.37390688 -2.86334132 61.86000000
-173.86393053 -6.08320531 61.86000000
-173.35395417 -9.30306930 61.86000000
-172.84397781 -12.52293329 61.86000000
-174.37390688 -2.86334132 65.12000000
-173.86393053 -6.08320531 65.12000000
-173.35395417 -9.30306930 65.12000000
-172.84397781 -12.52293329 65.12000000
-170.80407239 -25.40238926 58.60000000
-171.31404875 -22.18252527 58.60000000
-171.82402510 -18.96266127 58.60000000
-172.33400146 -15.74279728 58.60000000
-170.80407239 -25.40238926 55.34000000
-171.31404875 -22.18252527 55.34000000
-171.82402510 -18.96266127 55.34000000
-172.33400146 -15.74279728 55.34000000
0.00000000 0.00000000 0.00000000
0.00000000 0.00000000 0.00000000
-172.84397781 -12.52293329 58.60000000
-173.35395417 -9.30306930 58.60000000
-173.86393053 -6.08320531 58.60000000
-174.37390688 -2.86334132 58.60000000
-172.84397781 -12.52293329 55.34000000
-173.35395417 -9.30306930 55.34000000
-173.86393053 -6.08320531 55.34000000
-174.37390688 -2.86334132 55.34000000
-168.76416697 -38.28184522 58.60000000
-169.27414332 -35.06198123 58.60000000
-169.78411968 -31.84211724 58.60000000
-170.29409603 -28.62225325 58.60000000
-168.76416697 -38.28184522 55.34000000
-169.27414332 -35.06198123 55.34000000
-169.78411968 -31.84211724 55.34000000
-170.29409603 -28.62225325 55.34000000
0.00000000 0.00000000 0.00000000
0.00000000 0.00000000 0.00000000
-166.72426154 -51.16130118 58.60000000
-167.23423790 -47.94143719 58.60000000
-167.74421425 -44.72157320 58.60000000
-168.25419061 -41.50170921 58.60000000
-166.72426154 -51.16130118 55.34000000
-167.23423790 -47.94143719 55.34000000
-167.74421425 -44.72157320 55.34000000
-168.25419061 -41.50170921 55.34000000
-170.29409603 -28.62225325 61.86000000
-169.78411968 -31.84211724 61.86000000
-169.27414332 -35.06198123 61.86000000
-168.76416697 -38.28184522 61.86000000
-170.29409603 -28.62225325 65.12000000
-169.78411968 -31.84211724 65.12000000
-169.27414332 -35.06198123 65.12000000
-168.76416697 -38.28184522 65.12000000
0.00000000 0.00000000 0.00000000
0.00000000 0.00000000 0.00000000
-168.25419061 -41.50170921 61.86000000
-167.74421425 -44.72157320 61.86000000
-167.23423790 -47.94143719 61.86000000
-166.72426154 -51.16130118 61.86000000
-168.25419061 -41.50170921 65.12000000
-167.74421425 -44.72157320 65.12000000
-167.23423790 -47.94143719 65.12000000
-166.72426154 -51.16130118 65.12000000
-168.76416697 -38.28184522 71.64000000
-169.27414332 -35.06198123 71.64000000
-169.78411968 -31.84211724 71.64000000
-170.29409603 -28.62225325 71.64000000
-168.76416697 -38.28184522 68.38000000
-169.27414332 -35.06198123 68.38000000
-169.78411968 -31.84211724 68.38000000
-170.29409603 -28.62225325 68.38000000
0.00000000 0.00000000 0.00000000
0.00000000 0.00000000 0.00000000
-166.72426154 -51.16130118 71.64000000
-167.23423790 -47.94143719 71.64000000
-167.74421425 -44.72157320 71.64000000
-168.25419061 -41.50170921 71.64000000
-166.72426154 -51.16130118 68.38000000
-167.23423790 -47.94143719 68.38000000
-167.74421425 -44.72157320 68.38000000
-168.25419061 -41.50170921 68.38000000
-170.29409603 -28.62225325 74.90000000
-169.78411968 -31.84211724 74.90000000
-169.27414332 -35.06198123 74.90000000
-168.76416697 -38.28184522 74.90000000
-170.29409603 -28.62225325 78.16000000
-169.78411968 -31.84211724 78.16000000
-169.27414332 -35.06198123 78.16000000
-168.76416697 -38.28184522 78.16000000
0.00000000 0.00000000 0.00000000
0.00000000 0.00000000 0.00000000
-168.25419061 -41.50170921 74.90000000
-167.74421425 -44.72157320 74.90000000
-167.23423790 -47.94143719 74.90000000
-166.72426154 -51.16130118 74.90000000
-168.25419061 -41.50170921 78.16000000
-167.74421425 -44.72157320 78.16000000
-167.23423790 -47.94143719 78.16000000
-166.72426154 -51.16130118 78.16000000
-165.24036440 51.40491900 -58.60000000
-166.00139629 48.23499306 -58.60000000
-166.76242818 45.06506711 -58.60000000
-167.52346006 41.89514117 -58.60000000
-165.24036440 51.40491900 -55.34000000
-166.00139629 48.23499306 -55.34000000
-166.76242818 45.06506711 -55.34000000
-167.52346006 41.89514117 -55.34000000
0.00000000 0.00000000 0.00000000
0.00000000 0.00000000 0.00000000
-162.19623686 64.08462276 -58.60000000
-162.95726874 60.91469682 -58.60000000
-163.71830063 57.74477088 -58.60000000
-164.47933252 54.57484494 -58.60000000
-162.19623686 64.08462276 -55.34000000
-162.95726874 60.91469682 -55.34000000
-163.71830063 57.74477088 -55.34000000
-164.47933252 54.57484494 -55.34000000
-167.52346006 41.89514117 -61.86000000
-166.76242818 45.06506711 -61.86000000
-166.00139629 48.23499306 -61.86000000
-165.24036440 51.40491900 -61.86000000
-167.52346006 41.89514117 -65.12000000
-166.76242818 45.06506711 -65.12000000
-166.00139629 48.23499306 -65.12000000
-165.24036440 51.40491900 -65.12000000
0.00000000 0.00000000 0.00000000
0.00000000 0.00000000 0.00000000
-164.47933252 54.57484494 -61.86000000
-163.71830063 57.74477088 -61.86000000
-162.95726874 60.91469682 -61.86000000
-162.19623686 64.08462276 -61.86000000
-164.47933252 54.57484494 -65.12000000
-163.71830063 57.74477088 -65.12000000
-162.95726874 60.91469682 -65.12000000
-162.19623686 64.08462276 -65.12000000
-165.24036440 51.40491900 -71.64000000
-166.00139629 48.23499306 -71.64000000
-166.76242818 45.06506711 -71.64000000
-167.52346006 41.89514117 -71.64000000
-165.24036440 51.40491900 -68.38000000
-166.00139629 48.23499306 -68.38000000
-166.76242818 45.06506711 -68.38000000
-167.52346006 41.89514117 -68.38000000
0.00000000 0.00000000 0.00000000
0.00000000 0.00000000 0.00000000
-162.19623686 64.08462276 -71.64000000
-162.95726874 60.91469682 -71.64000000
-163.71830063 57.74477088 -71.64000000
-164.47933252 54.57484494 -71.64000000
-162.19623686 64.08462276 -68.38000000
-162.95726874 60.91469682 -68.38000000
-163.71830063 57.74477088 -68.38000000
-164.47933252 54.57484494 -68.38000000
-167.52346006 41.89514117 -74.90000000
-166.76242818 45.06506711 -74.90000000
-166.00139629 48.23499306 -74.90000000
-165.24036440 51.40491900 -74.90000000
-167.52346006 41.89514117 -78.16000000
-166.76242818 45.06506711 -78.16000000
-166.00139629 48.23499306 -78.16000000
-165.24036440 51.40491900 -78.16000000
0.00000000 0.00000000 0.00000000
0.00000000 0.00000000 0.00000000
-164.47933252 54.57484494 -74.90000000
-163.71830063 57.74477088 -74.90000000
-162.95726874 60.91469682 -74.90000000
-162.19623686 64.08462276 -74.90000000
-164.47933252 54.57484494 -78.16000000
-163.71830063 57.74477088 -78.16000000
-162.95726874 60.91469682 -78.16000000
-162.19623686 64.08462276 -78.16000000
-170.56758761 29.21543741 -74.90000000
-169.80655572 32.38536335 -74.90000000
-169.04552383 35.55528929 -74.90000000
-168.28449195 38.72521523 -74.90000000
-170.56758761 29.21543741 -78.16000000
-169.80655572 32.38536335 -78.16000000
-169.04552383 35.55528929 -78.16000000
-168.28449195 38.72521523 -78.16000000
0.00000000 0.00000000 0.00000000
0.00000000 0.00000000 0.00000000
-173.61171515 16.53573365 -74.90000000
-172.85068326 19.70565959 -74.90000000
-172.08965138 22.87558553 -74.90000000
-171.32861949 26.04551147 -74.90000000
-173.61171515 16.53573365 -78.16000000
-172.85068326 19.70565959 -78.16000000
-172.08965138 22.87558553 -78.16000000
-171.32861949 26.04551147 -78.16000000
-168.28449195 38.72521523 -71.64000000
-169.04552383 35.55528929 -71.64000000
-169.80655572 32.38536335 -71.64000000
-170.56758761 29.21543741 -71.64000000
-168.28449195 38.72521523 -68.38000000
-169.04552383 35.55528929 -68.38000000
-169.80655572 32.38536335 -68.38000000
-170.56758761 29.21543741 -68.38000000
0.00000000 0.00000000 0.00000000
0.00000000 0.00000000 0.00000000
-171.32861949 26.04551147 -71.64000000
-172.08965138 22.87558553 -71.64000000
-172.85068326 19.70565959 -71.64000000
-173.61171515 16.53573365 -71.64000000
-171.32861949 26.04551147 -68.38000000
-172.08965138 22.87558553 -68.38000000
-172.85068326 19.70565959 -68.38000000
-173.61171515 16.53573365 -68.38000000
-170.56758761 29.21543741 -61.86000000
-169.80655572 32.38536335 -61.86000000
-169.04552383 35.55528929 -61.86000000
-168.28449195 38.72521523 -61.86000000
-170.56758761 29.21543741 -65.12000000
-169.80655572 32.38536335 -65.12000000
-169.04552383 35.55528929 -65.12000000
-168.28449195 38.72521523 -65.12000000
0.00000000 0.00000000 0.00000000
0.00000000 0.00000000 0.00000000
-173.61171515 16.53573365 -61.86000000
-172.85068326 19.70565959 -61.86000000
-172.08965138 22.87558553 -61.86000000
-171.32861949 26.04551147 -61.86000000
-173.61171515 16.53573365 -65.12000000
-172.85068326 19.70565959 -65.12000000
-172.08965138 22.87558553 -65.12000000
-171.32861949 26.04551147 -65.12000000
-168.28449195 38.72521523 -58.60000000
-169.04552383 35.55528929 -58.60000000
-169.80655572 32.38536335 -58.60000000
-170.56758761 29.21543741 -58.60000000
-168.28449195 38.72521523 -55.34000000
-169.04552383 35.55528929 -55.34000000
-169.80655572 32.38536335 -55.34000000
-170.56758761 29.21543741 -55.34000000
0.00000000 0.00000000 0.00000000
0.00000000 0.00000000 0.00000000
-171.32861949 26.04551147 -58.60000000
-172.08965138 22.87558553 -58.60000000
-172.85068326 19.70565959 -58.60000000
-173.61171515 16.53573365 -58.60000000
-171.32861949 26.04551147 -55.34000000
-172.08965138 22.87558553 -55.34000000
-172.85068326 19.70565959 -55.34000000
-173.61171515 16.53573365 -55.34000000
-165.24036440 51.40491900 -31.90000000
-166.00139629 48.23499306 -31.90000000
-166.76242818 45.06506711 -31.90000000
-167.52346006 41.89514117 -31.90000000
-165.24036440 51.40491900 -28.64000000
-166.00139629 48.23499306 -28.64000000
-166.76242818 45.06506711 -28.64000000
-167.52346006 41.89514117 -28.64000000
0.00000000 0.00000000 0.00000000
0.00000000 0.00000000 0.00000000
-162.19623686 64.08462276 -31.90000000
-162.95726874 60.91469682 -31.90000000
-163.71830063 57.74477088 -31.90000000
-164.47933252 54.57484494 -31.90000000
-162.19623686 64.08462276 -28.64000000
-162.95726874 60.91469682 -28.64000000
-163.71830063 57.74477088 -28.64000000
-164.47933252 54.57484494 -28.64000000
-167.52346006 41.89514117 -35.16000000
-166.76242818 45.06506711 -35.16000000
-166.00139629 48.23499306 -35.16000000
-165.24036440 51.40491900 -35.16000000
-167.52346006 41.89514117 -38.42000000
-166.76242818 45.06506711 -38.42000000
-166.00139629 48.23499306 -38.42000000
-165.24036440 51.40491900 -38.42000000
0.00000000 0.00000000 0.00000000
0.00000000 0.00000000 0.00000000
-164.47933252 54.57484494 -35.16000000
-163.71830063 57.74477088 -35.16000000
-162.95726874 60.91469682 -35.16000000
-162.19623686 64.08462276 -35.16000000
-164.47933252 54.57484494 -38.42000000
-163.71830063 57.74477088 -38.42000000
-162.95726874 60.91469682 -38.42000000
-162.19623686 64.08462276 -38.42000000
-165.24036440 51.40491900 -44.94000000
-166.00139629 48.23499306 -44.94000000
-166.76242818 45.06506711 -44.94000000
-167.52346006 41.89514117 -44.94000000
-165.24036440 51.40491900 -41.68000000
-166.00139629 48.23499306 -41.68000000
-166.76242818 45.06506711 -41.68000000
-167.52346006 41.89514117 -41.68000000
0.00000000 0.00000000 0.00000000
0.00000000 0.00000000 0.00000000
-162.19623686 64.08462276 -44.94000000
-162.95726874 60.91469682 -44.94000000
-163.71830063 57.74477088 -44.94000000
-164.47933252 54.57484494 -44.94000000
-162.19623686 64.08462276 -41.68000000
-162.95726874 60.91469682 -41.68000000
-163.71830063 57.74477088 -41.68000000
-164.47933252 54.57484494 -41.68000000
-167.52346006 41.89514117 -48.20000000
-166.76242818 45.06506711 -48.20000000
-166.00139629 48.23499306 -48.20000000
-165.24036440 51.40491900 -48.20000000
-167.52346006 41.89514117 -51.46000000
-166.76242818 45.06506711 -51.46000000
-166.00139629 48.23499306 -51.46000000
-165.24036440 51.40491900 -51.46000000
0.00000000 0.00000000 0.00000000
0.00000000 0.00000000 0.00000000
-164.47933252 54.57484494 -48.20000000
-163.71830063 57.74477088 -48.20000000
-162.95726874 60.91469682 -48.20000000
-162.19623686 64.08462276 -48.20000000
-164.47933252 54.57484494 -51.46000000
-163.71830063 57.74477088 -51.46000000
-162.95726874 60.91469682 -51.46000000
-162.19623686 64.08462276 -51.46000000
-170.56758761 29.21543741 -48.20000000
-169.80655572 32.38536335 -48.20000000
-169.04552383 35.55528929 -48.20000000
-168.28449195 38.72521523 -48.20000000
-170.56758761 29.21543741 -51.46000000
-169.80655572 32.38536335 -51.46000000
-169.04552383 35.55528929 -51.46000000
-168.28449195 38.72521523 -51.46000000
0.00000000 0.00000000 0.00000000
0.00000000 0.00000000 0.00000000
-173.61171515 16.53573365 -48.20000000
-172.85068326 19.70565959 -48.20000000
-172.08965138 22.87558553 -48.20000000
-171.32861949 26.04551147 -48.20000000
-173.61171515 16.53573365 -51.46000000
-172.85068326 19.70565959 -51.46000000
-172.08965138 22.87558553 -51.46000000
-171.32861949 26.04551147 -51.46000000
-168.28449195 38.72521523 -44.94000000
-169.04552383 35.55528929 -44.94000000
-169.80655572 32.38536335 -44.94000000
-170.56758761 29.21543741 -44.94000000
-168.28449195 38.72521523 -41.68000000
-169.04552383 35.55528929 -41.68000000
-169.80655572 32.38536335 -41.68000000
-170.56758761 29.21543741 -41.68000000
0.00000000 0.00000000 0.00000000
0.00000000 0.00000000 0.00000000
-171.32861949 26.04551147 -44.94000000
-172.08965138 22.87558553 -44.94000000
-172.85068326 19.70565959 -44.94000000
-173.61171515 16.53573365 -44.94000000
-171.32861949 26.04551147 -41.68000000
-172.08965138 22.87558553 -41.68000000
-172.85068326 19.70565959 -41.68000000
-173.61171515 16.53573365 -41.68000000
-170.56758761 29.21543741 -35.16000000
-169.80655572 32.38536335 -35.16000000
-169.04552383 35.55528929 -35.16000000
-168.28449195 38.72521523 -35.16000000
-170.56758761 29.21543741 -38.42000000
-169.80655572 32.38536335 -38.42000000
-169.04552383 35.55528929 -38.42000000
-168.28449195 38.72521523 -38.42000000
0.00000000 0.00000000 0.00000000
0.00000000 0.00000000 0.00000000
-173.61171515 16.53573365 -35.16000000
-172.85068326 19.70565959 -35.16000000
-172.08965138 22.87558553 -35.16000000
-171.32861949 26.04551147 -35.16000000
-173.61171515 16.53573365 -38.42000000
-172.85068326 19.70565959 -38.42000000
-172.08965138 22.87558553 -38.42000000
-171.32861949 26.04551147 -38.42000000
-168.28449195 38.72521523 -31.90000000
-169.04552383 35.55528929 -31.90000000
-169.80655572 32.38536335 -31.90000000
-170.56758761 29.21543741 -31.90000000
-168.28449195 38.72521523 -28.64000000
-169.04552383 35.55528929 -28.64000000
-169.80655572 32.38536335 -28.64000000
-170.56758761 29.21543741 -28.64000000
0.00000000 0.00000000 0.00000000
0.00000000 0.00000000 0.00000000
-171.32861949 26.04551147 -31.90000000
-172.08965138 22.87558553 -31.90000000
-172.85068326 19.70565959 -31.90000000
-173.61171515 16.53573365 -31.90000000
-171.32861949 26.04551147 -28.64000000
-172.08965138 22.87558553 -28.64000000
-172.85068326 19.70565959 -28.64000000
-173.61171515 16.53573365 -28.64000000
-165.24036440 51.40491900 -5.20000000
-166.00139629 48.23499306 -5.20000000
-166.76242818 45.06506711 -5.20000000
-167.52346006 41.89514117 -5.20000000
-165.24036440 51.40491900 -1.94000000
-166.00139629 48.23499306 -1.94000000
-166.76242818 45.06506711 -1.94000000
-167.52346006 41.89514117 -1.94000000
0.00000000 0.00000000 0.00000000
0.00000000 0.00000000 0.00000000
-162.19623686 64.08462276 -5.20000000
-162.95726874 60.91469682 -5.20000000
-163.71830063 57.74477088 -5.20000000
-164.47933252 54.57484494 -5.20000000
-162.19623686 64.08462276 -1.94000000
-162.95726874 60.91469682 -1.94000000
-163.71830063 57.74477088 -1.94000000
-164.47933252 54.57484494 -1.94000000
-167.52346006 41.89514117 -8.46000000
-166.76242818 45.06506711 -8.46000000
-166.00139629 48.23499306 -8.46000000
-165.24036440 51.40491900 -8.46000000
-167.52346006 41.89514117 -11.72000000
-166.76242818 45.06506711 -11.72000000
-166.00139629 48.23499306 -11.72000000
-165.24036440 51.40491900 -11.72000000
0.00000000 0.00000000 0.00000000
0.00000000 0.00000000 0.00000000
-164.47933252 54.57484494 -8.46000000
-163.71830063 57.74477088 -8.46000000
-162.95726874 60.91469682 -8.46000000
-162.19623686 64.08462276 -8.46000000
-164.47933252 54.57484494 -11.72000000
-163.71830063 57.74477088 -11.72000000
-162.95726874 60.91469682 -11.72000000
-162.19623686 64.08462276 -11.72000000
-165.24036440 51.40491900 -18.24000000
-166.00139629 48.23499306 -18.24000000
-166.76242818 45.06506711 -18.24000000
-167.52346006 41.89514117 -18.24000000
-165.24036440 51.40491900 -14.98000000
-166.00139629 48.23499306 -14.98000000
-166.76242818 45.06506711 -14.98000000
-167.52346006 41.89514117 -14.98000000
0.00000000 0.00000000 0.00000000
0.00000000 0.00000000 0.00000000
-162.19623686 64.08462276 -18.24000000
-162.95726874 60.91469682 -18.24000000
-163.71830063 57.74477088 -18.24000000
-164.47933252 54.57484494 -18.24000000
-162.19623686 64.08462276 -14.98000000
-162.95726874 60.91469682 -14.98000000
-163.71830063 57.74477088 -14.98000000
-164.47933252 54.57484494 -14.98000000
-167.52346006 41.89514117 -21.50000000
-166.76242818 45.06506711 -21.50000000
-166.00139629 48.23499306 -21.50000000
-165.24036440 51.40491900 -21.50000000
-167.52346006 41.89514117 -24.76000000
-166.76242818 45.06506711 -24.76000000
-166.00139629 48.23499306 -24.76000000
-165.24036440 51.40491900 -24.76000000
0.00000000 0.00000000 0.00000000
0.00000000 0.00000000 0.00000000
-164.47933252 54.57484494 -21.50000000
-163.71830063 57.74477088 -21.50000000
-162.95726874 60.91469682 -21.50000000
-162.19623686 64.08462276 -21.50000000
-164.47933252 54.57484494 -24.76000000
-163.71830063 57.74477088 -24.76000000
-162.95726874 60.91469682 -24.76000000
-162.19623686 64.08462276 -24.76000000
-170.56758761 29.21543741 -21.50000000
-169.80655572 32.38536335 -21.50000000
-169.04552383 35.55528929 -21.50000000
-168.28449195 38.72521523 -21.50000000
-170.56758761 29.21543741 -24.76000000
-169.80655572 32.38536335 -24.76000000
-169.04552383 35.55528929 -24.76000000
-168.28449195 38.72521523 -24.76000000
0.00000000 0.00000000 0.00000000
0.00000000 0.00000000 0.00000000
-173.61171515 16.53573365 -21.50000000
-172.85068326 19.70565959 -21.50000000
-172.08965138 22.87558553 -21.50000000
-171.32861949 26.04551147 -21.50000000
-173.61171515 16.53573365 -24.76000000
-172.85068326 19.70565959 -24.76000000
-172.08965138 22.87558553 -24.76000000
-171.32861949 26.04551147 -24.76000000
-168.28449195 38.72521523 -18.24000000
-169.04552383 35.55528929 -18.24000000
-169.80655572 32.38536335 -18.24000000
-170.56758761 29.21543741 -18.24000000
-168.28449195 38.72521523 -14.98000000
-169.04552383 35.55528929 -14.98000000
-169.80655572 32.38536335 -14.98000000
-170.56758761 29.21543741 -14.98000000
0.00000000 0.00000000 0.00000000
0.00000000 0.00000000 0.00000000
-171.32861949 26.04551147 -18.24000000
-172.08965138 22.87558553 -18.24000000
-172.85068326 19.70565959 -18.24000000
-173.61171515 16.53573365 -18.24000000
-171.32861949 26.04551147 -14.98000000
-172.08965138 22.87558553 -14.98000000
-172.85068326 19.70565959 -14.98000000
-173.61171515 16.53573365 -14.98000000
-170.56758761 29.21543741 -8.46000000
-169.80655572 32.38536335 -8.46000000
-169.04552383 35.55528929 -8.46000000
-168.28449195 38.72521523 -8.46000000
-170.56758761 29.21543741 -11.72000000
-169.80655572 32.38536335 -11.72000000
-169.04552383 35.55528929 -11.72000000
-168.28449195 38.72521523 -11.72000000
0.00000000 0.00000000 0.00000000
0.00000000 0.00000000 0.00000000
-173.61171515 16.53573365 -8.46000000
-172.85068326 19.70565959 -8.46000000
-172.08965138 22.87558553 -8.46000000
-171.32861949 26.04551147 -8.46000000
-173.61171515 16.53573365 -11.72000000
-172.85068326 19.70565959 -11.72000000
-172.08965138 22.87558553 -11.72000000
-171.32861949 26.04551147 -11.72000000
-168.28449195 38.72521523 -5.20000000
-169.04552383 35.55528929 -5.20000000
-169.80655572 32.38536335 -5.20000000
-170.56758761 29.21543741 -5.20000000
-168.28449195 38.72521523 -1.94000000
-169.04552383 35.55528929 -1.94000000
-169.80655572 32.38536335 -1.94000000
-170.56758761 29.21543741 -1.94000000
0.00000000 0.00000000 0.00000000
0.00000000 0.00000000 0.00000000
-171.32861949 26.04551147 -5.20000000
-172.08965138 22.87558553 -5.20000000
-172.85068326 19.70565959 -5.20000000
-173.61171515 16.53573365 -5.20000000
-171.32861949 26.04551147 -1.94000000
-172.08965138 22.87558553 -1.94000000
-172.85068326 19.70565959 -1.94000000
-173.61171515 16.53573365 -1.94000000
-165.24036440 51.40491900 21.50000000
-166.00139629 48.23499306 21.50000000
-166.76242818 45.06506711 21.50000000
-167.52346006 41.89514117 21.50000000
-165.24036440 51.40491900 24.76000000
-166.00139629 48.23499306 24.76000000
-166.76242818 45.06506711 24.76000000
-167.52346006 41.89514117 24.76000000
0.00000000 0.00000000 0.00000000
0.00000000 0.00000000 0.00000000
-162.19623686 64.08462276 21.50000000
-162.95726874 60.91469682 21.50000000
-163.71830063 57.74477088 21.50000000
-164.47933252 54.57484494 21.50000000
-162.19623686 64.08462276 24.76000000
-162.95726874 60.91469682 24.76000000
-163.71830063 57.74477088 24.76000000
-164.47933252 54.57484494 24.76000000
-167.52346006 41.89514117 18.24000000
-166.76242818 45.06506711 18.24000000
-166.00139629 48.23499306 18.24000000
-165.24036440 51.40491900 18.24000000
-167.52346006 41.89514117 14.98000000
-166.76242818 45.06506711 14.98000000
-166.00139629 48.23499306 14.98000000
-165.24036440 51.40491900 14.98000000
0.00000000 0.00000000 0.00000000
0.00000000 0.00000000 0.00000000
-164.47933252 54.57484494 18.24000000
-163.71830063 57.74477088 18.24000000
-162.95726874 60.91469682 18.24000000
-162.19623686 64.08462276 18.24000000
-164.47933252 54.57484494 14.98000000
-163.71830063 57.74477088 14.98000000
-162.95726874 60.91469682 14.98000000
-162.19623686 64.08462276 14.98000000
-165.24036440 51.40491900 8.46000000
-166.00139629 48.23499306 8.46000000
-166.76242818 45.06506711 8.46000000
-167.52346006 41.89514117 8.46000000
-165.24036440 51.40491900 11.72000000
-166.00139629 48.23499306 11.72000000
-166.76242818 45.06506711 11.72000000
-167.52346006 41.89514117 11.72000000
0.00000000 0.00000000 0.00000000
0.00000000 0.00000000 0.00000000
-162.19623686 64.08462276 8.46000000
-162.95726874 60.91469682 8.46000000
-163.71830063 57.74477088 8.46000000
-164.47933252 54.57484494 8.46000000
-162.19623686 64.08462276 11.72000000
-162.95726874 60.91469682 11.72000000
-163.71830063 57.74477088 11.72000000
-164.47933252 54.57484494 11.72000000
-167.52346006 41.89514117 5.20000000
-166.76242818 45.06506711 5.20000000
-166.00139629 48.23499306 5.20000000
-165.24036440 51.40491900 5.20000000
-167.52346006 41.89514117 1.94000000
-166.76242818 45.06506711 1.94000000
-166.00139629 48.23499306 1.94000000
-165.24036440 51.40491900 1.94000000
0.00000000 0.00000000 0.00000000
0.00000000 0.00000000 0.00000000
-164.47933252 54.57484494 5.20000000
-163.71830063 57.74477088 5.20000000
-162.95726874 60.91469682 5.20000000
-162.19623686 64.08462276 5.20000000
-164.47933252 54.57484494 1.94000000
-163.71830063 57.74477088 1.94000000
-162.95726874 60.91469682 1.94000000
-162.19623686 64.08462276 1.94000000
-170.56758761 29.21543741 5.20000000
-169.80655572 32.38536335 5.20000000
-169.04552383 35.55528929 5.20000000
-168.28449195 38.72521523 5.20000000
-170.56758761 29.21543741 1.94000000
-169.80655572 32.38536335 1.94000000
-169.04552383 35.55528929 1.94000000
-168.28449195 38.72521523 1.94000000
0.00000000 0.00000000 0.00000000
0.00000000 0.00000000 0.00000000
-173.61171515 16.53573365 5.20000000
-172.85068326 19.70565959 5.20000000
-172.08965138 22.87558553 5.20000000
-171.32861949 26.04551147 5.20000000
-173.61171515 16.53573365 1.94000000
-172.85068326 19.70565959 1.94000000
-172.08965138 22.87558553 1.94000000
-171.32861949 26.04551147 1.94000000
-168.28449195 38.72521523 8.46000000
-169.04552383 35.55528929 8.46000000
-169.80655572 32.38536335 8.46000000
-170.56758761 29.21543741 8.46000000
-168.28449195 38.72521523 11.72000000
-169.04552383 35.55528929 11.72000000
-169.80655572 32.38536335 11.72000000
-170.56758761 29.21543741 11.72000000
0.00000000 0.00000000 0.00000000
0.00000000 0.00000000 0.00000000
-171.32861949 26.04551147 8.46000000
-172.08965138 22.87558553 8.46000000
-172.85068326 19.70565959 8.46000000
-173.61171515 16.53573365 8.46000000
-171.32861949 26.04551147 11.72000000
-172.08965138 22.87558553 11.72000000
-172.85068326 19.70565959 11.72000000
-173.61171515 16.53573365 11.72000000
-170.56758761 29.21543741 18.24000000
-169.80655572 32.38536335 18.24000000
-169.04552383 35.55528929 18.24000000
-168.28449195 38.72521523 18.24000000
-170.56758761 29.21543741 14.98000000
-169.80655572 32.38536335 14.98000000
-169.04552383 35.55528929 14.98000000
-168.28449195 38.72521523 14.98000000
0.00000000 0.00000000 0.00000000
0.00000000 0.00000000 0.00000000
-173.61171515 16.53573365 18.24000000
-172.85068326 19.70565959 18.24000000
-172.08965138 22.87558553 18.24000000
-171.32861949 26.04551147 18.24000000
-173.61171515 16.53573365 14.98000000
-172.85068326 19.70565959 14.98000000
-172.08965138 22.87558553 14.98000000
-171.32861949 26.04551147 14.98000000
-168.28449195 38.72521523 21.50000000
-169.04552383 35.55528929 21.50000000
-169.80655572 32.38536335 21.50000000
-170.56758761 29.21543741 21.50000000
-168.28449195 38.72521523 24.76000000
-169.04552383 35.55528929 24.76000000
-169.80655572 32.38536335 24.76000000
-170.56758761 29.21543741 24.76000000
0.00000000 0.00000000 0.00000000
0.00000000 0.00000000 0.00000000
-171.32861949 26.04551147 21.50000000
-172.08965138 22.87558553 21.50000000
-172.85068326 19.70565959 21.50000000
-173.61171515 16.53573365 21.50000000
-171.32861949 26.04551147 24.76000000
-172.08965138 22.87558553 24.76000000
-172.85068326 19.70565959 24.76000000
-173.61171515 16.53573365 24.76000000
-165.24036440 51.40491900 48.20000000
-166.00139629 48.23499306 48.20000000
-166.76242818 45.06506711 48.20000000
-167.52346006 41.89514117 48.20000000
-165.24036440 51.40491900 51.46000000
-166.00139629 48.23499306 51.46000000
-166.76242818 45.06506711 51.46000000
-167.52346006 41.89514117 51.46000000
0.00000000 0.00000000 0.00000000
0.00000000 0.00000000 0.00000000
-162.19623686 64.08462276 48.20000000
-162.95726874 60.91469682 48.20000000
-163.71830063 57.74477088 48.20000000
-164.47933252 54.57484494 48.20000000
-162.19623686 64.08462276 51.46000000
-162.95726874 60.91469682 51.46000000
-163.71830063 57.74477088 51.46000000
-164.47933252 54.57484494 51.46000000
-167.52346006 41.89514117 44.94000000
-166.76242818 45.06506711 44.94000000
-166.00139629 48.23499306 44.94000000
-165.24036440 51.40491900 44.94000000
-167.52346006 41.89514117 41.68000000
-166.76242818 45.06506711 41.68000000
-166.00139629 48.23499306 41.68000000
-165.24036440 51.40491900 41.68000000
0.00000000 0.00000000 0.00000000
0.00000000 0.00000000 0.00000000
-164.47933252 54.57484494 44.94000000
-163.71830063 57.74477088 44.94000000
-162.95726874 60.91469682 44.94000000
-162.19623686 64.08462276 44.94000000
-164.47933252 54.57484494 41.68000000
-163.71830063 57.74477088 41.68000000
-162.95726874 60.91469682 41.68000000
-162.19623686 64.08462276 41.68000000
-165.24036440 51.40491900 35.16000000
-166.00139629 48.23499306 35.16000000
-166.76242818 45.06506711 35.16000000
-167.52346006 41.89514117 35.16000000
-165.24036440 51.40491900 38.42000000
-166.00139629 48.23499306 38.42000000
-166.76242818 45.06506711 38.42000000
-167.52346006 41.89514117 38.42000000
0.00000000 0.00000000 0.00000000
0.00000000 0.00000000 0.00000000
-162.19623686 64.08462276 35.16000000
-162.95726874 60.91469682 35.16000000
-163.71830063 57.74477088 35.16000000
-164.47933252 54.57484494 35.16000000
-162.19623686 64.08462276 38.42000000
-162.95726874 60.91469682 38.42000000
-163.71830063 57.74477088 38.42000000
-164.47933252 54.57484494 38.42000000
-167.52346006 41.89514117 31.90000000
-166.76242818 45.06506711 31.90000000
-166.00139629 48.23499306 31.90000000
-165.24036440 51.40491900 31.90000000
-167.52346006 41.89514117 28.64000000
-166.76242818 45.06506711 28.64000000
-166.00139629 48.23499306 28.64000000
-165.24036440 51.40491900 28.64000000
0.00000000 0.00000000 0.00000000
0.00000000 0.00000000 0.00000000
-164.47933252 54.57484494 31.90000000
-163.71830063 57.74477088 31.90000000
-162.95726874 60.91469682 31.90000000
-162.19623686 64.08462276 31.90000000
-164.47933252 54.57484494 28.64000000
-163.71830063 57.74477088 28.64000000
-162.95726874 60.91469682 28.64000000
-162.19623686 64.08462276 28.64000000
-170.56758761 29.21543741 31.90000000
-169.80655572 32.38536335 31.90000000
-169.04552383 35.55528929 31.90000000
-168.28449195 38.72521523 31.90000000
-170.56758761 29.21543741 28.64000000
-169.80655572 32.38536335 28.64000000
-169.04552383 35.55528929 28.64000000
-168.28449195 38.72521523 28.64000000
0.00000000 0.00000000 0.00000000
0.00000000 0.00000000 0.00000000
-173.61171515 16.53573365 31.90000000
-172.85068326 19.70565959 31.90000000
-172.08965138 22.87558553 31.90000000
-171.32861949 26.04551147 31.90000000
-173.61171515 16.53573365 28.64000000
-172.85068326 19.70565959 28.64000000
-172.08965138 22.87558553 28.64000000
-171.32861949 26.04551147 28.64000000
-168.28449195 38.72521523 35.16000000
-169.04552383 35.55528929 35.16000000
-169.80655572 32.38536335 35.16000000
-170.56758761 29.21543741 35.16000000
-168.28449195 38.72521523 38.42000000
-169.04552383 35.55528929 38.42000000
-169.80655572 32.38536335 38.42000000
-170.56758761 29.21543741 38.42000000
0.00000000 0.00000000 0.00000000
0.00000000 0.00000000 0.00000000
-171.32861949 26.04551147 35.16000000
-172.08965138 22.87558553 35.16000000
-172.85068326 19.70565959 35.16000000
-173.61171515 16.53573365 35.16000000
-171.32861949 26.04551147 38.42000000
-172.08965138 22.87558553 38.42000000
-172.85068326 19.70565959 38.42000000
-173.61171515 16.53573365 38.42000000
-170.56758761 29.21543741 44.94000000
-169.80655572 32.38536335 44.94000000
-169.04552383 35.55528929 44.94000000
-168.28449195 38.72521523 44.94000000
-170.56758761 29.21543741 41.68000000
-169.80655572 32.38536335 41.68000000
-169.04552383 35.55528929 41.68000000
-168.28449195 38.72521523 41.68000000
0.00000000 0.00000000 0.00000000
0.00000000 0.00000000 0.00000000
-173.61171515 16.53573365 44.94000000
-172.85068326 19.70565959 44.94000000
-172.08965138 22.87558553 44.94000000
-171.32861949 26.04551147 44.94000000
-173.61171515 16.53573365 41.68000000
-172.85068326 19.70565959 41.68000000
-172.08965138 22.87558553 41.68000000
-171.32861949 26.04551147 41.68000000
-168.28449195 38.72521523 48.20000000
-169.04552383 35.55528929 48.20000000
-169.80655572 32.38536335 48.20000000
-170.56758761 29.21543741 48.20000000
-168.28449195 38.72521523 51.46000000
-169.04552383 35.55528929 51.46000000
-169.80655572 32.38536335 51.46000000
-170.56758761 29.21543741 51.46000000
0.00000000 0.00000000 0.00000000
0.00000000 0.00000000 0.00000000
-171.32861949 26.04551147 48.20000000
-172.08965138 22.87558553 48.20000000
-172.85068326 19.70565959 48.20000000
-173.61171515 16.53573365 48.20000000
-171.32861949 26.04551147 51.46000000
-172.08965138 22.87558553 51.46000000
-172.85068326 19.70565959 51.46000000
-173.61171515 16.53573365 51.46000000
-165.24036440 51.40491900 74.90000000
-166.00139629 48.23499306 74.90000000
-166.76242818 45.06506711 74.90000000
-167.52346006 41.89514117 74.90000000
-165.24036440 51.40491900 78.16000000
-166.00139629 48.23499306 78.16000000
-166.76242818 45.06506711 78.16000000
-167.52346006 41.89514117 78.16000000
0.00000000 0.00000000 0.00000000
0.00000000 0.00000000 0.00000000
-162.19623686 64.08462276 74.90000000
-162.95726874 60.91469682 74.90000000
-163.71830063 57.74477088 74.90000000
-164.47933252 54.57484494 74.90000000
-162.19623686 64.08462276 78.16000000
-162.95726874 60.91469682 78.16000000
-163.71830063 57.74477088 78.16000000
-164.47933252 54.57484494 78.16000000
-167.52346006 41.89514117 71.64000000
-166.76242818 45.06506711 71.64000000
-166.00139629 48.23499306 71.64000000
-165.24036440 51.40491900 71.64000000
-167.52346006 41.89514117 68.38000000
-166.76242818 45.06506711 68.38000000
-166.00139629 48.23499306 68.38000000
-165.24036440 51.40491900 68.38000000
0.00000000 0.00000000 0.00000000
0.00000000 0.00000000 0.00000000
-164.47933252 54.57484494 71.64000000
-163.71830063 57.74477088 71.64000000
-162.95726874 60.91469682 71.64000000
-162.19623686 64.08462276 71.64000000
-164.47933252 54.57484494 68.38000000
-163.71830063 57.74477088 68.38000000
-162.95726874 60.91469682 68.38000000
-162.19623686 64.08462276 68.38000000
-165.24036440 51.40491900 61.86000000
-166.00139629 48.23499306 61.86000000
-166.76242818 45.06506711 61.86000000
-167.52346006 41.89514117 61.86000000
-165.24036440 51.40491900 65.12000000
-166.00139629 48.23499306 65.12000000
-166.76242818 45.06506711 65.12000000
-167.52346006 41.89514117 65.12000000
0.00000000 0.00000000 0.00000000
0.00000000 0.00000000 0.00000000
-162.19623686 64.08462276 61.86000000
-162.95726874 60.91469682 61.86000000
-163.71830063 57.74477088 61.86000000
-164.47933252 54.57484494 61.86000000
-162.19623686 64.08462276 65.12000000
-162.95726874 60.91469682 65.12000000
-163.71830063 57.74477088 65.12000000
-164.47933252 54.57484494 65.12000000
-167.52346006 41.89514117 58.60000000
-166.76242818 45.06506711 58.60000000
-166.00139629 48.23499306 58.60000000
-165.24036440 51.40491900 58.60000000
-167.52346006 41.89514117 55.34000000
-166.76242818 45.06506711 55.34000000
-166.00139629 48.23499306 55.34000000
-165.24036440 51.40491900 55.34000000
0.00000000 0.00000000 0.00000000
0.00000000 0.00000000 0.00000000
-164.47933252 54.57484494 58.60000000
-163.71830063 57.74477088 58.60000000
-162.95726874 60.91469682 58.60000000
-162.19623686 64.08462276 58.60000000
-164.47933252 54.57484494 55.34000000
-163.71830063 57.74477088 55.34000000
-162.95726874 60.91469682 55.34000000
-162.19623686 64.08462276 55.34000000
-170.56758761 29.21543741 58.60000000
-169.80655572 32.38536335 58.60000000
-169.04552383 35.55528929 58.60000000
-168.28449195 38.72521523 58.60000000
-170.56758761 29.21543741 55.34000000
-169.80655572 32.38536335 55.34000000
-169.04552383 35.55528929 55.34000000
-168.28449195 38.72521523 55.34000000
0.00000000 0.00000000 0.00000000
0.00000000 0.00000000 0.00000000
-173.61171515 16.53573365 58.60000000
-172.85068326 19.70565959 58.60000000
-172.08965138 22.87558553 58.60000000
-171.32861949 26.04551147 58.60000000
-173.61171515 16.53573365 55.34000000
-172.85068326 19.70565959 55.34000000
-172.08965138 22.87558553 55.34000000
-171.32861949 26.04551147 55.34000000
-168.28449195 38.72521523 61.86000000
-169.04552383 35.55528929 61.86000000
-169.80655572 32.38536335 61.86000000
-170.56758761 29.21543741 61.86000000
-168.28449195 38.72521523 65.12000000
-169.04552383 35.55528929 65.12000000
-169.80655572 32.38536335 65.12000000
-170.56758761 29.21543741 65.12000000
0.00000000 0.00000000 0.00000000
0.00000000 0.00000000 0.00000000
-171.32861949 26.04551147 61.86000000
-172.08965138 22.87558553 61.86000000
-172.85068326 19.70565959 61.86000000
-173.61171515 16.53573365 61.86000000
-171.32861949 26.04551147 65.12000000
-172.08965138 22.87558553 65.12000000
-172.85068326 19.70565959 65.12000000
-173.61171515 16.53573365 65.12000000
-170.56758761 29.21543741 71.64000000
-169.80655572 32.38536335 71.64000000
-169.04552383 35.55528929 71.64000000
-168.28449195 38.72521523 71.64000000
-170.56758761 29.21543741 68.38000000
-169.80655572 32.38536335 68.38000000
-169.04552383 35.55528929 68.38000000
-168.28449195 38.72521523 68.38000000
0.00000000 0.00000000 0.00000000
0.00000000 0.00000000 0.00000000
-173.61171515 16.53573365 71.64000000
-172.85068326 19.70565959 71.64000000
-172.08965138 22.87558553 71.64000000
-171.32861949 26.04551147 71.64000000
-173.61171515 16.53573365 68.38000000
-172.85068326 19.70565959 68.38000000
-172.08965138 22.87558553 68.38000000
-171.32861949 26.04551147 68.38000000
-168.28449195 38.72521523 74.90000000
-169.04552383 35.55528929 74.90000000
-169.80655572 32.38536335 74.90000000
-170.56758761 29.21543741 74.90000000
-168.28449195 38.72521523 78.16000000
-169.04552383 35.55528929 78.16000000
-169.80655572 32.38536335 78.16000000
-170.56758761 29.21543741 78.16000000
0.00000000 0.00000000 0.00000000
0.00000000 0.00000000 0.00000000
-171.32861949 26.04551147 74.90000000
-172.08965138 22.87558553 74.90000000
-172.85068326 19.70565959 74.90000000
-173.61171515 16.53573365 74.90000000
-171.32861949 26.04551147 78.16000000
-172.08965138 22.87558553 78.16000000
-172.85068326 19.70565959 78.16000000
-173.61171515 16.53573365 78.16000000
-132.99037978 110.72670235 -58.60000000
-134.90655970 108.08930694 -58.60000000
-136.82273962 105.45191154 -58.60000000
-138.73891954 102.81451614 -58.60000000
-132.99037978 110.72670235 -55.34000000
-134.90655970 108.08930694 -55.34000000
-136.82273962 105.45191154 -55.34000000
-138.73891954 102.81451614 -55.34000000
0.00000000 0.00000000 0.00000000
0.00000000 0.00000000 0.00000000
-125.32566009 121.27628395 -58.60000000
-127.24184001 118.63888855 -58.60000000
-129.15801993 116.00149315 -58.60000000
-131.07419985 113.36409775 -58.60000000
-125.32566009 121.27628395 -55.34000000
-127.24184001 118.63888855 -55.34000000
-129.15801993 116.00149315 -55.34000000
-131.07419985 113.36409775 -55.34000000
-138.73891954 102.81451614 -61.86000000
-136.82273962 105.45191154 -61.86000000
-134.90655970 108.08930694 -61.86000000
-132.99037978 110.72670235 -61.86000000
-138.73891954 102.81451614 -65.12000000
-136.82273962 105.45191154 -65.12000000
-134.90655970 108.08930694 -65.12000000
-132.99037978 110.72670235 -65.12000000
0.00000000 0.00000000 0.00000000
0.00000000 0.00000000 0.00000000
-131.07419985 113.36409775 -61.86000000
-129.15801993 116.00149315 -61.86000000
-127.24184001 118.63888855 -61.86000000
-125.32566009 121.27628395 -61.86000000
-131.07419985 113.36409775 -65.12000000
-129.15801993 116.00149315 -65.12000000
-127.24184001 118.63888855 -65.12000000
-125.32566009 121.27628395 -65.12000000
-132.99037978 110.72670235 -71.64000000
-134.90655970 108.08930694 -71.64000000
-136.82273962 105.45191154 -71.64000000
-138.73891954 102.81451614 -71.64000000
-132.99037978 110.72670235 -68.38000000
-134.90655970 108.08930694 -68.38000000
-136.82273962 105.45191154 -68.38000000
-138.73891954 102.81451614 -68.38000000
0.00000000 0.00000000 0.00000000
0.00000000 0.00000000 0.00000000
-125.32566009 121.27628395 -71.64000000
-127.24184001 118.63888855 -71.64000000
-129.15801993 116.00149315 -71.64000000
-131.07419985 113.36409775 -71.64000000
-125.32566009 121.27628395 -68.38000000
-127.24184001 118.63888855 -68.38000000
-129.15801993 116.00149315 -68.38000000
-131.07419985 113.36409775 -68.38000000
-138.73891954 102.81451614 -74.90000000
-136.82273962 105.45191154 -74.90000000
-134.90655970 108.08930694 -74.90000000
-132.99037978 110.72670235 -74.90000000
-138.73891954 102.81451614 -78.16000000
-136.82273962 105.45191154 -78.16000000
-134.90655970 108.08930694 -78.16000000
-132.99037978 110.72670235 -78.16000000
0.00000000 0.00000000 0.00000000
0.00000000 0.00000000 0.00000000
-131.07419985 113.36409775 -74.90000000
-129.15801993 116.00149315 -74.90000000
-127.24184001 118.63888855 -74.90000000
-125.32566009 121.27628395 -74.90000000
-131.07419985 113.36409775 -78.16000000
-129.15801993 116.00149315 -78.16000000
-127.24184001 118.63888855 -78.16000000
-125.32566009 121.27628395 -78.16000000
-146.40363923 92.26493453 -74.90000000
-144.48745931 94.90232994 -74.90000000
-142.57127939 97.53972534 -74.90000000
-140.65509946 100.17712074 -74.90000000
-146.40363923 92.26493453 -78.16000000
-144.48745931 94.90232994 -78.16000000
-142.57127939 97.53972534 -78.16000000
-140.65509946 100.17712074 -78.16000000
0.00000000 0.00000000 0.00000000
0.00000000 0.00000000 0.00000000
-154.06835892 81.71535293 -74.90000000
-152.15217900 84.35274833 -74.90000000
-150.23599908 86.99014373 -74.90000000
-148.31981915 89.62753913 -74.90000000
-154.06835892 81.71535293 -78.16000000
-152.15217900 84.35274833 -78.16000000
-150.23599908 86.99014373 -78.16000000
-148.31981915 89.62753913 -78.16000000
-140.65509946 100.17712074 -71.64000000
-142.57127939 97.53972534 -71.64000000
-144.48745931 94.90232994 -71.64000000
-146.40363923 92.26493453 -71.64000000
-140.65509946 100.17712074 -68.38000000
-142.57127939 97.53972534 -68.38000000
-144.48745931 94.90232994 -68.38000000
-146.40363923 92.26493453 -68.38000000
0.00000000 0.00000000 0.00000000
0.00000000 0.00000000 0.00000000
-148.31981915 89.62753913 -71.64000000
-150.23599908 86.99014373 -71.64000000
-152.15217900 84.35274833 -71.64000000
-154.06835892 81.71535293 -71.64000000
-148.31981915 89.62753913 -68.38000000
-150.23599908 86.99014373 -68.38000000
-152.15217900 84.35274833 -68.38000000
-154.06835892 81.71535293 -68.38000000
-146.40363923 92.26493453 -61.86000000
-144.48745931 94.90232994 -61.86000000
-142.57127939 97.53972534 -61.86000000
-140.65509946 100.17712074 -61.86000000
-146.40363923 92.26493453 -65.12000000
-144.48745931 94.90232994 -65.12000000
-142.57127939 97.53972534 -65.12000000
-140.65509946 100.17712074 -65.12000000
0.00000000 0.00000000 0.00000000
0.00000000 0.00000000 0.00000000
-154.06835892 81.71535293 -61.86000000
-152.15217900 84.35274833 -61.86000000
-150.23599908 86.99014373 -61.86000000
-148.31981915 89.62753913 -61.86000000
-154.06835892 81.71535293 -65.12000000
-152.15217900 84.35274833 -65.12000000
-150.23599908 86.99014373 -65.12000000
-148.31981915 89.62753913 -65.12000000
-140.65509946 100.17712074 -58.60000000
-142.57127939 97.53972534 -58.60000000
-144.48745931 94.90232994 -58.60000000
-146.40363923 92.26493453 -58.60000000
-140.65509946 100.17712074 -55.34000000
-142.57127939 97.53972534 -55.34000000
-144.48745931 94.90232994 -55.34000000
-146.40363923 92.26493453 -55.34000000
0.00000000 0.00000000 0.00000000
0.00000000 0.00000000 0.00000000
-148.31981915 89.62753913 -58.60000000
-150.23599908 86.99014373 -58.60000000
-152.15217900 84.35274833 -58.60000000
-154.06835892 81.71535293 -58.60000000
-148.31981915 89.62753913 -55.34000000
-150.23599908 86.99014373 -55.34000000
-152.15217900 84.35274833 -55.34000000
-154.06835892 81.71535293 -55.34000000
-132.99037978 110.72670235 -31.90000000
-134.90655970 108.08930694 -31.90000000
-136.82273962 105.45191154 -31.90000000
-138.73891954 102.81451614 -31.90000000
-132.99037978 110.72670235 -28.64000000
-134.90655970 108.08930694 -28.64000000
-136.82273962 105.45191154 -28.64000000
-138.73891954 102.81451614 -28.64000000
0.00000000 0.00000000 0.00000000
0.00000000 0.00000000 0.00000000
-125.32566009 121.27628395 -31.90000000
-127.24184001 118.63888855 -31.90000000
-129.15801993 116.00149315 -31.90000000
-131.07419985 113.36409775 -31.90000000
-125.32566009 121.27628395 -28.64000000
-127.24184001 118.63888855 -28.64000000
-129.15801993 116.00149315 -28.64000000
-131.07419985 113.36409775 -28.64000000
-138.73891954 102.81451614 -35.16000000
-136.82273962 105.45191154 -35.16000000
-134.90655970 108.08930694 -35.16000000
-132.99037978 110.72670235 -35.16000000
-138.73891954 102.81451614 -38.42000000
-136.82273962 105.45191154 -38.42000000
-134.90655970 108.08930694 -38.42000000
-132.99037978 110.72670235 -38.42000000
0.00000000 0.00000000 0.00000000
0.00000000 0.00000000 0.00000000
-131.07419985 113.36409775 -35.16000000
-129.15801993 116.00149315 -35.16000000
-127.24184001 118.63888855 -35.16000000
-125.32566009 121.27628395 -35.16000000
-131.07419985 113.36409775 -38.42000000
-129.15801993 116.00149315 -38.42000000
-127.24184001 118.63888855 -38.42000000
-125.32566009 121.27628395 -38.42000000
-132.99037978 110.72670235 -44.94000000
-134.90655970 108.08930694 -44.94000000
-136.82273962 105.45191154 -44.94000000
-138.73891954 102.81451614 -44.94000000
-132.99037978 110.72670235 -41.68000000
-134.90655970 108.08930694 -41.68000000
-136.82273962 105.45191154 -41.68000000
-138.73891954 102.81451614 -41.68000000
0.00000000 0.00000000 0.00000000
0.00000000 0.00000000 0.00000000
-125.32566009 121.27628395 -44.94000000
-127.24184001 118.63888855 -44.94000000
-129.15801993 116.00149315 -44.94000000
-131.07419985 113.36409775 -44.94000000
-125.32566009 121.27628395 -41.68000000
-127.24184001 118.63888855 -41.68000000
-129.15801993 116.00149315 -41.68000000
-131.07419985 113.36409775 -41.68000000
-138.73891954 102.81451614 -48.20000000
-136.82273962 105.45191154 -48.20000000
-134.90655970 108.08930694 -48.20000000
-132.99037978 110.72670235 -48.20000000
-138.73891954 102.81451614 -51.46000000
-136.82273962 105.45191154 -51.46000000
-134.90655970 108.08930694 -51.46000000
-132.99037978 110.72670235 -51.46000000
0.00000000 0.00000000 0.00000000
0.00000000 0.00000000 0.00000000
-131.07419985 113.36409775 -48.20000000
-129.15801993 116.00149315 -48.20000000
-127.24184001 118.63888855 -48.20000000
-125.32566009 121.27628395 -48.20000000
-131.07419985 113.36409775 -51.46000000
-129.15801993 116.00149315 -51.46000000
-127.24184001 118.63888855 -51.46000000
-125.32566009 121.27628395 -51.46000000
-146.40363923 92.26493453 -48.20000000
-144.48745931 94.90232994 -48.20000000
-142.57127939 97.53972534 -48.20000000
-140.65509946 100.17712074 -48.20000000
-146.40363923 92.26493453 -51.46000000
-144.48745931 94.90232994 -51.46000000
-142.57127939 97.53972534 -51.46000000
-140.65509946 100.17712074 -51.46000000
0.00000000 0.00000000 0.00000000
0.00000000 0.00000000 0.00000000
-154.06835892 81.71535293 -48.20000000
-152.15217900 84.35274833 -48.20000000
-150.23599908 86.99014373 -48.20000000
-148.31981915 89.62753913 -48.20000000
-154.06835892 81.71535293 -51.46000000
-152.15217900 84.35274833 -51.46000000
-150.23599908 86.99014373 -51.46000000
-148.31981915 89.62753913 -51.46000000
-140.65509946 100.17712074 -44.94000000
-142.57127939 97.53972534 -44.94000000
-144.48745931 94.90232994 -44.94000000
-146.40363923 92.26493453 -44.94000000
-140.65509946 100.17712074 -41.68000000
-142.57127939 97.53972534 -41.68000000
-144.48745931 94.90232994 -41.68000000
-146.40363923 92.26493453 -41.68000000
0.00000000 0.00000000 0.00000000
0.00000000 0.00000000 0.00000000
-148.31981915 89.62753913 -44.94000000
-150.23599908 86.99014373 -44.94000000
-152.15217900 84.35274833 -44.94000000
-154.06835892 81.71535293 -44.94000000
-148.31981915 89.62753913 -41.68000000
-150.23599908 86.99014373 -41.68000000
-152.15217900 84.35274833 -41.68000000
-154.06835892 81.71535293 -41.68000000
-146.40363923 92.26493453 -35.16000000
-144.48745931 94.90232994 -35.16000000
-142.57127939 97.53972534 -35.16000000
-140.65509946 100.17712074 -35.16000000
-146.40363923 92.26493453 -38.42000000
-144.48745931 94.90232994 -38.42000000
-142.57127939 97.53972534 -38.42000000
-140.65509946 100.17712074 -38.42000000
0.00000000 0.00000000 0.00000000
0.00000000 0.00000000 0.00000000
-154.06835892 81.71535293 -35.16000000
-152.15217900 84.35274833 -35.16000000
-150.23599908 86.99014373 -35.16000000
-148.31981915 89.62753913 -35.16000000
-154.06835892 81.71535293 -38.42000000
-152.15217900 84.35274833 -38.42000000
-150.23599908 86.99014373 -38.42000000
-148.31981915 89.62753913 -38.42000000
-140.65509946 100.17712074 -31.90000000
-142.57127939 97.53972534 -31.90000000
-144.48745931 94.90232994 -31.90000000
-146.40363923 92.26493453 -31.90000000
-140.65509946 100.17712074 -28.64000000
-142.57127939 97.53972534 -28.64000000
-144.48745931 94.90232994 -28.64000000
-146.40363923 92.26493453 -28.64000000
0.00000000 0.00000000 0.00000000
0.00000000 0.00000000 0.00000000
-148.31981915 89.62753913 -31.90000000
-150.23599908 86.99014373 -31.90000000
-152.15217900 84.35274833 -31.90000000
-154.06835892 81.71535293 -31.90000000
-148.31981915 89.62753913 -28.64000000
-150.23599908 86.99014373 -28.64000000
-152.15217900 84.35274833 -28.64000000
-154.06835892 81.71535293 -28.64000000
-132.99037978 110.72670235 -5.20000000
-134.90655970 108.08930694 -5.20000000
-136.82273962 105.45191154 -5.20000000
-138.73891954 102.81451614 -5.20000000
-132.99037978 110.72670235 -1.94000000
-134.90655970 108.08930694 -1.94000000
-136.82273962 105.45191154 -1.94000000
-138.73891954 102.81451614 -1.94000000
0.00000000 0.00000000 0.00000000
0.00000000 0.00000000 0.00000000
-125.32566009 121.27628395 -5.20000000
-127.24184001 118.63888855 -5.20000000
-129.15801993 116.00149315 -5.20000000
-131.07419985 113.36409775 -5.20000000
-125.32566009 121.27628395 -1.94000000
-127.24184001 118.63888855 -1.94000000
-129.15801993 116.00149315 -1.94000000
-131.07419985 113.36409775 -1.94000000
-138.73891954 102.81451614 -8.46000000
-136.82273962 105.45191154 -8.46000000
-134.90655970 108.08930694 -8.46000000
-132.99037978 110.72670235 -8.46000000
-138.73891954 102.81451614 -11.72000000
-136.82273962 105.45191154 -11.72000000
-134.90655970 108.08930694 -11.72000000
-132.99037978 110.72670235 -11.72000000
0.00000000 0.00000000 0.00000000
0.00000000 0.00000000 0.00000000
-131.07419985 113.36409775 -8.46000000
-129.15801993 116.00149315 -8.46000000
-127.24184001 118.63888855 -8.46000000
-125.32566009 121.27628395 -8.46000000
-131.07419985 113.36409775 -11.72000000
-129.15801993 116.00149315 -11.72000000
-127.24184001 118.63888855 -11.72000000
-125.32566009 121.27628395 -11.72000000
-132.99037978 110.72670235 -18.24000000
-134.90655970 108.08930694 -18.24000000
-136.82273962 105.45191154 -18.24000000
-138.73891954 102.81451614 -18.24000000
-132.99037978 110.72670235 -14.98000000
-134.90655970 108.08930694 -14.98000000
-136.82273962 105.45191154 -14.98000000
-138.73891954 102.81451614 -14.98000000
0.00000000 0.00000000 0.00000000
0.00000000 0.00000000 0.00000000
-125.32566009 121.27628395 -18.24000000
-127.24184001 118.63888855 -18.24000000
-129.15801993 116.00149315 -18.24000000
-131.07419985 113.36409775 -18.24000000
-125.32566009 121.27628395 -14.98000000
-127.24184001 118.63888855 -14.98000000
-129.15801993 116.00149315 -14.98000000
-131.07419985 113.36409775 -14.98000000
-138.73891954 102.81451614 -21.50000000
-136.82273962 105.45191154 -21.50000000
-134.90655970 108.08930694 -21.50000000
-132.99037978 110.72670235 -21.50000000
-138.73891954 102.81451614 -24.76000000
-136.82273962 105.45191154 -24.76000000
-134.90655970 108.08930694 -24.76000000
-132.99037978 110.72670235 -24.76000000
0.00000000 0.00000000 0.00000000
0.00000000 0.00000000 0.00000000
-131.07419985 113.36409775 -21.50000000
-129.15801993 116.00149315 -21.50000000
-127.24184001 118.63888855 -21.50000000
-125.32566009 121.27628395 -21.50000000
-131.07419985 113.36409775 -24.76000000
-129.15801993 116.00149315 -24.76000000
-127.24184001 118.63888855 -24.76000000
-125.32566009 121.27628395 -24.76000000
-146.40363923 92.26493453 -21.50000000
-144.48745931 94.90232994 -21.50000000
-142.57127939 97.53972534 -21.50000000
-140.65509946 100.17712074 -21.50000000
-146.40363923 92.26493453 -24.76000000
-144.48745931 94.90232994 -24.76000000
-142.57127939 97.53972534 -24.76000000
-140.65509946 100.17712074 -24.76000000
0.00000000 0.00000000 0.00000000
0.00000000 0.00000000 0.00000000
-154.06835892 81.71535293 -21.50000000
-152.15217900 84.35274833 -21.50000000
-150.23599908 86.99014373 -21.50000000
-148.31981915 89.62753913 -21.50000000
-154.06835892 81.71535293 -24.76000000
-152.15217900 84.35274833 -24.76000000
-150.23599908 86.99014373 -24.76000000
-148.31981915 89.62753913 -24.76000000
-140.65509946 100.17712074 -18.24000000
-142.57127939 97.53972534 -18.24000000
-144.48745931 94.90232994 -18.24000000
-146.40363923 92.26493453 -18.24000000
-140.65509946 100.17712074 -14.98000000
-142.57127939 97.53972534 -14.98000000
-144.48745931 94.90232994 -14.98000000
-146.40363923 92.26493453 -14.98000000
0.00000000 0.00000000 0.00000000
0.00000000 0.00000000 0.00000000
-148.31981915 89.62753913 -18.24000000
-150.23599908 86.99014373 -18.24000000
-152.15217900 84.35274833 -18.24000000
-154.06835892 81.71535293 -18.24000000
-148.31981915 89.62753913 -14.98000000
-150.23599908 86.99014373 -14.98000000
-152.15217900 84.35274833 -14.98000000
-154.06835892 81.71535293 -14.98000000
-146.40363923 92.26493453 -8.46000000
-144.48745931 94.90232994 -8.46000000
-142.57127939 97.53972534 -8.46000000
-140.65509946 100.17712074 -8.46000000
-146.40363923 92.26493453 -11.72000000
-144.48745931 94.90232994 -11.72000000
-142.57127939 97.53972534 -11.72000000
-140.65509946 100.17712074 -11.72000000
0.00000000 0.00000000 0.00000000
0.00000000 0.00000000 0.00000000
-154.06835892 81.71535293 -8.46000000
-152.15217900 84.35274833 -8.46000000
-150.23599908 86.99014373 -8.46000000
-148.31981915 89.62753913 -8.46000000
-154.06835892 81.71535293 -11.72000000
-152.15217900 84.35274833 -11.72000000
-150.23599908 86.99014373 -11.72000000
-148.31981915 89.62753913 -11.72000000
-140.65509946 100.17712074 -5.20000000
-142.57127939 97.53972534 -5.20000000
-144.48745931 94.90232994 -5.20000000
-146.40363923 92.26493453 -5.20000000
-140.65509946 100.17712074 -1.94000000
-142.57127939 97.53972534 -1.94000000
-144.48745931 94.90232994 -1.94000000
-146.40363923 92.26493453 -1.94000000
0.00000000 0.00000000 0.00000000
0.00000000 0.00000000 0.00000000
-148.31981915 89.62753913 -5.20000000
-150.23599908 86.99014373 -5.20000000
-152.15217900 84.35274833 -5.20000000
-154.06835892 81.71535293 -5.20000000
-148.31981915 89.62753913 -1.94000000
-150.23599908 86.99014373 -1.94000000
-152.15217900 84.35274833 -1.94000000
-154.06835892 81.71535293 -1.94000000
-132.99037978 110.72670235 21.50000000
-134.90655970 108.08930694 21.50000000
-136.82273962 105.45191154 21.50000000
-138.73891954 102.81451614 21.50000000
-132.99037978 110.72670235 24.76000000
-134.90655970 108.08930694 24.76000000
-136.82273962 105.45191154 24.76000000
-138.73891954 102.81451614 24.76000000
0.00000000 0.00000000 0.00000000
0.00000000 0.00000000 0.00000000
-125.32566009 121.27628395 21.50000000
-127.24184001 118.63888855 21.50000000
-129.15801993 116.00149315 21.50000000
-131.07419985 113.36409775 21.50000000
-125.32566009 121.27628395 24.76000000
-127.24184001 118.63888855 24.76000000
-129.15801993 116.00149315 24.76000000
-131.07419985 113.36409775 24.76000000
-138.73891954 102.81451614 18.24000000
-136.82273962 105.45191154 18.24000000
-134.90655970 108.08930694 18.24000000
-132.99037978 110.72670235 18.24000000
-138.73891954 102.81451614 14.98000000
-136.82273962 105.45191154 14.98000000
-134.90655970 108.08930694 14.98000000
-132.99037978 110.72670235 14.98000000
0.00000000 0.00000000 0.00000000
0.00000000 0.00000000 0.00000000
-131.07419985 113.36409775 18.24000000
-129.15801993 116.00149315 18.24000000
-127.24184001 118.63888855 18.24000000
-125.32566009 121.27628395 18.24000000
-131.07419985 113.36409775 14.98000000
-129.15801993 116.00149315 14.98000000
-127.24184001 118.63888855 14.98000000
-125.32566009 121.27628395 14.98000000
-132.99037978 110.72670235 8.46000000
-134.90655970 108.08930694 8.46000000
-136.82273962 105.45191154 8.46000000
-138.73891954 102.81451614 8.46000000
-132.99037978 110.72670235 11.72000000
-134.90655970 108.08930694 11.72000000
-136.82273962 105.45191154 11.72000000
-138.73891954 102.81451614 11.72000000
0.00000000 0.00000000 0.00000000
0.00000000 0.00000000 0.00000000
-125.32566009 121.27628395 8.46000000
-127.24184001 118.63888855 8.46000000
-129.15801993 116.00149315 8.46000000
-131.07419985 113.36409775 8.46000000
-125.32566009 121.27628395 11.72000000
-127.24184001 118.63888855 11.72000000
-129.15801993 116.00149315 11.72000000
-131.07419985 113.36409775 11.72000000
-138.73891954 102.81451614 5.20000000
-136.82273962 105.45191154 5.20000000
-134.90655970 108.08930694 5.20000000
-132.99037978 110.72670235 5.20000000
-138.73891954 102.81451614 1.94000000
-136.82273962 105.45191154 1.94000000
-134.90655970 108.08930694 1.94000000
-132.99037978 110.72670235 1.94000000
0.00000000 0.00000000 0.00000000
0.00000000 0.00000000 0.00000000
-131.07419985 113.36409775 5.20000000
-129.15801993 116.00149315 5.20000000
-127.24184001 118.63888855 5.20000000
-125.32566009 121.27628395 5.20000000
-131.07419985 113.36409775 1.94000000
-129.15801993 116.00149315 1.94000000
-127.24184001 118.63888855 1.94000000
-125.32566009 121.27628395 1.94000000
-146.40363923 92.26493453 5.20000000
-144.48745931 94.90232994 5.20000000
-142.57127939 97.53972534 5.20000000
-140.65509946 100.17712074 5.20000000
-146.40363923 92.26493453 1.94000000
-144.48745931 94.90232994 1.94000000
-142.57127939 97.53972534 1.94000000
-140.65509946 100.17712074 1.94000000
0.00000000 0.00000000 0.00000000
0.00000000 0.00000000 0.00000000
-154.06835892 81.71535293 5.20000000
-152.15217900 84.35274833 5.20000000
-150.23599908 86.99014373 5.20000000
-148.31981915 89.62753913 5.20000000
-154.06835892 81.71535293 1.94000000
-152.15217900 84.35274833 1.94000000
-150.23599908 86.99014373 1.94000000
-148.31981915 89.62753913 1.94000000
-140.65509946 100.17712074 8.46000000
-142.57127939 97.53972534 8.46000000
-144.48745931 94.90232994 8.46000000
-146.40363923 92.26493453 8.46000000
-140.65509946 100.17712074 11.72000000
-142.57127939 97.53972534 11.72000000
-144.48745931 94.90232994 11.72000000
-146.40363923 92.26493453 11.72000000
0.00000000 0.00000000 0.00000000
0.00000000 0.00000000 0.00000000
-148.31981915 89.62753913 8.46000000
-150.23599908 86.99014373 8.46000000
-152.15217900 84.35274833 8.46000000
-154.06835892 81.71535293 8.46000000
-148.31981915 89.62753913 11.72000000
-150.23599908 86.99014373 11.72000000
-152.15217900 84.35274833 11.72000000
-154.06835892 81.71535293 11.72000000
-146.40363923 92.26493453 18.24000000
-144.48745931 94.90232994 18.24000000
-142.57127939 97.53972534 18.24000000
-140.65509946 100.17712074 18.24000000
-146.40363923 92.26493453 14.98000000
-144.48745931 94.90232994 14.98000000
-142.57127939 97.53972534 14.98000000
-140.65509946 100.17712074 14.98000000
0.00000000 0.00000000 0.00000000
0.00000000 0.00000000 0.00000000
-154.06835892 81.71535293 18.24000000
-152.15217900 84.35274833 18.24000000
-150.23599908 86.99014373 18.24000000
-148.31981915 89.62753913 18.24000000
-154.06835892 81.71535293 14.98000000
-152.15217900 84.35274833 14.98000000
-150.23599908 86.99014373 14.98000000
-148.31981915 89.62753913 14.98000000
-140.65509946 100.17712074 21.50000000
-142.57127939 97.53972534 21.50000000
-144.48745931 94.90232994 21.50000000
-146.40363923 92.26493453 21.50000000
-140.65509946 100.17712074 24.76000000
-142.57127939 97.53972534 24.76000000
-144.48745931 94.90232994 24.76000000
-146.40363923 92.26493453 24.76000000
0.00000000 0.00000000 0.00000000
0.00000000 0.00000000 0.00000000
-148.31981915 89.62753913 21.50000000
-150.23599908 86.99014373 21.50000000
-152.15217900 84.35274833 21.50000000
-154.06835892 81.71535293 21.50000000
-148.31981915 89.62753913 24.76000000
-150.23599908 86.99014373 24.76000000
-152.15217900 84.35274833 24.76000000
-154.06835892 81.71535293 24.76000000
-132.99037978 110.72670235 48.20000000
-134.90655970 108.08930694 48.20000000
-136.82273962 105.45191154 48.20000000
-138.73891954 102.81451614 48.20000000
-132.99037978 110.72670235 51.46000000
-134.90655970 108.08930694 51.46000000
-136.82273962 105.45191154 51.46000000
-138.73891954 102.81451614 51.46000000
0.00000000 0.00000000 0.00000000
0.00000000 0.00000000 0.00000000
-125.32566009 121.27628395 48.20000000
-127.24184001 118.63888855 48.20000000
-129.15801993 116.00149315 48.20000000
-131.07419985 113.36409775 48.20000000
-125.32566009 121.27628395 51.46000000
-127.24184001 118.63888855 51.46000000
-129.15801993 116.00149315 51.46000000
-131.07419985 113.36409775 51.46000000
-138.73891954 102.81451614 44.94000000
-136.82273962 105.45191154 44.94000000
-134.90655970 108.08930694 44.94000000
-132.99037978 110.72670235 44.94000000
-138.73891954 102.81451614 41.68000000
-136.82273962 105.45191154 41.68000000
-134.90655970 108.08930694 41.68000000
-132.99037978 110.72670235 41.68000000
0.00000000 0.00000000 0.00000000
0.00000000 0.00000000 0.00000000
-131.07419985 113.36409775 44.94000000
-129.15801993 116.00149315 44.94000000
-127.24184001 118.63888855 44.94000000
-125.32566009 121.27628395 44.94000000
-131.07419985 113.36409775 41.68000000
-129.15801993 116.00149315 41.68000000
-127.24184001 118.63888855 41.68000000
-125.32566009 121.27628395 41.68000000
-132.99037978 110.72670235 35.16000000
-134.90655970 108.08930694 35.16000000
-136.82273962 105.45191154 35.16000000
-138.73891954 102.81451614 35.16000000
-132.99037978 110.72670235 38.42000000
-134.90655970 108.08930694 38.42000000
-136.82273962 105.45191154 38.42000000
-138.73891954 102.81451614 38.42000000
0.00000000 0.00000000 0.00000000
0.00000000 0.00000000 0.00000000
-125.32566009 121.27628395 35.16000000
-127.24184001 118.63888855 35.16000000
-129.15801993 116.00149315 35.16000000
-131.07419985 113.36409775 35.16000000
-125.32566009 121.27628395 38.42000000
-127.24184001 118.63888855 38.42000000
-129.15801993 116.00149315 38.42000000
-131.07419985 113.36409775 38.42000000
-138.73891954 102.81451614 31.90000000
-136.82273962 105.45191154 31.90000000
-134.90655970 108.08930694 31.90000000
-132.99037978 110.72670235 31.90000000
-138.73891954 102.81451614 28.64000000
-136.82273962 105.45191154 28.64000000
-134.90655970 108.08930694 28.64000000
-132.99037978 110.72670235 28.64000000
0.00000000 0.00000000 0.00000000
0.00000000 0.00000000 0.00000000
-131.07419985 113.36409775 31.90000000
-129.15801993 116.00149315 31.90000000
-127.24184001 118.63888855 31.90000000
-125.32566009 121.27628395 31.90000000
-131.07419985 113.36409775 28.64000000
-129.15801993 116.00149315 28.64000000
-127.24184001 118.63888855 28.64000000
-125.32566009 121.27628395 28.64000000
-146.40363923 92.26493453 31.90000000
-144.48745931 94.90232994 31.90000000
-142.57127939 97.53972534 31.90000000
-140.65509946 100.17712074 31.90000000
-146.40363923 92.26493453 28.64000000
-144.48745931 94.90232994 28.64000000
-142.57127939 97.53972534 28.64000000
-140.65509946 100.17712074 28.64000000
0.00000000 0.00000000 0.00000000
0.00000000 0.00000000 0.00000000
-154.06835892 81.71535293 31.90000000
-152.15217900 84.35274833 31.90000000
-150.23599908 86.99014373 31.90000000
-148.31981915 89.62753913 31.90000000
-154.06835892 81.71535293 28.64000000
-152.15217900 84.35274833 28.64000000
-150.23599908 86.99014373 28.64000000
-148.31981915 89.62753913 28.64000000
-140.65509946 100.17712074 35.16000000
-142.57127939 97.53972534 35.16000000
-144.48745931 94.90232994 35.16000000
-146.40363923 92.26493453 35.16000000
-140.65509946 100.17712074 38.42000000
-142.57127939 97.53972534 38.42000000
-144.48745931 94.90232994 38.42000000
-146.40363923 92.26493453 38.42000000
0.00000000 0.00000000 0.00000000
0.00000000 0.00000000 0.00000000
-148.31981915 89.62753913 35.16000000
-150.23599908 86.99014373 35.16000000
-152.15217900 84.35274833 35.16000000
-154.06835892 81.71535293 35.16000000
-148.31981915 89.62753913 38.42000000
-150.23599908 86.99014373 38.42000000
-152.15217900 84.35274833 38.42000000
-154.06835892 81.71535293 38.42000000
-146.40363923 92.26493453 44.94000000
-144.48745931 94.90232994 44.94000000
-142.57127939 97.53972534 44.94000000
-140.65509946 100.17712074 44.94000000
-146.40363923 92.26493453 41.68000000
-144.48745931 94.90232994 41.68000000
-142.57127939 97.53972534 41.68000000
-140.65509946 100.17712074 41.68000000
0.00000000 0.00000000 0.00000000
0.00000000 0.00000000 0.00000000
-154.06835892 81.71535293 44.94000000
-152.15217900 84.35274833 44.94000000
-150.23599908 86.99014373 44.94000000
-148.31981915 89.62753913 44.94000000
-154.06835892 81.71535293 41.68000000
-152.15217900 84.35274833 41.68000000
-150.23599908 86.99014373 41.68000000
-148.31981915 89.62753913 41.68000000
-140.65509946 100.17712074 48.20000000
-142.57127939 97.53972534 48.20000000
-144.48745931 94.90232994 48.20000000
-146.40363923 92.26493453 48.20000000
-140.65509946 100.17712074 51.46000000
-142.57127939 97.53972534 51.46000000
-144.48745931 94.90232994 51.46000000
-146.40363923 92.26493453 51.46000000
0.00000000 0.00000000 0.00000000
0.00000000 0.00000000 0.00000000
-148.31981915 89.62753913 48.20000000
-150.23599908 86.99014373 48.20000000
-152.15217900 84.35274833 48.20000000
-154.06835892 81.71535293 48.20000000
-148.31981915 89.62753913 51.46000000
-150.23599908 86.99014373 51.46000000
-152.15217900 84.35274833 51.46000000
-154.06835892 81.71535293 51.46000000
-132.99037978 110.72670235 74.90000000
-134.90655970 108.08930694 74.90000000
-136.82273962 105.45191154 74.90000000
-138.73891954 102.81451614 74.90000000
-132.99037978 110.72670235 78.16000000
-134.90655970 108.08930694 78.16000000
-136.82273962 105.45191154 78.16000000
-138.73891954 102.81451614 78.16000000
0.00000000 0.00000000 0.00000000
0.00000000 0.00000000 0.00000000
-125.32566009 121.27628395 74.90000000
-127.24184001 118.63888855 74.90000000
-129.15801993 116.00149315 74.90000000
-131.07419985 113.36409775 74.90000000
-125.32566009 121.27628395 78.16000000
-127.24184001 118.63888855 78.16000000
-129.15801993 116.00149315 78.16000000
-131.07419985 113.36409775 78.16000000
-138.73891954 102.81451614 71.64000000
-136.82273962 105.45191154 71.64000000
-134.90655970 108.08930694 71.64000000
-132.99037978 110.72670235 71.64000000
-138.73891954 102.81451614 68.38000000
-136.82273962 105.45191154 68.38000000
-134.90655970 108.08930694 68.38000000
-132.99037978 110.72670235 68.38000000
0.00000000 0.00000000 0.00000000
0.00000000 0.00000000 0.00000000
-131.07419985 113.36409775 71.64000000
-129.15801993 116.00149315 71.64000000
-127.24184001 118.63888855 71.64000000
-125.32566009 121.27628395 71.64000000
-131.07419985 113.36409775 68.38000000
-129.15801993 116.00149315 68.38000000
-127.24184001 118.63888855 68.38000000
-125.32566009 121.27628395 68.38000000
-132.99037978 110.72670235 61.86000000
-134.90655970 108.08930694 61.86000000
-136.82273962 105.45191154 61.86000000
-138.73891954 102.81451614 61.86000000
-132.99037978 110.72670235 65.12000000
-134.90655970 108.08930694 65.12000000
-136.82273962 105.45191154 65.12000000
-138.73891954 102.81451614 65.12000000
0.00000000 0.00000000 0.00000000
0.00000000 0.00000000 0.00000000
-125.32566009 121.27628395 61.86000000
-127.24184001 118.63888855 61.86000000
-129.15801993 116.00149315 61.86000000
-131.07419985 113.36409775 61.86000000
-125.32566009 121.27628395 65.12000000
-127.24184001 118.63888855 65.12000000
-129.15801993 116.00149315 65.12000000
-131.07419985 113.36409775 65.12000000
-138.73891954 102.81451614 58.60000000
-136.82273962 105.45191154 58.60000000
-134.90655970 108.08930694 58.60000000
-132.99037978 110.72670235 58.60000000
-138.73891954 102.81451614 55.34000000
-136.82273962 105.45191154 55.34000000
-134.90655970 108.08930694 55.34000000
-132.99037978 110.72670235 55.34000000
0.00000000 0.00000000 0.00000000
0.00000000 0.00000000 0.00000000
-131.07419985 113.36409775 58.60000000
-129.15801993 116.00149315 58.60000000
-127.24184001 118.63888855 58.60000000
-125.32566009 121.27628395 58.60000000
-131.07419985 113.36409775 55.34000000
-129.15801993 116.00149315 55.34000000
-127.24184001 118.63888855 55.34000000
-125.32566009 121.27628395 55.34000000
-146.40363923 92.26493453 58.60000000
-144.48745931 94.90232994 58.60000000
-142.57127939 97.53972534 58.60000000
-140.65509946 100.17712074 58.60000000
-146.40363923 92.26493453 55.34000000
-144.48745931 94.90232994 55.34000000
-142.57127939 97.53972534 55.34000000
-140.65509946 100.17712074 55.34000000
0.00000000 0.00000000 0.00000000
0.00000000 0.00000000 0.00000000
-154.06835892 81.71535293 58.60000000
-152.15217900 84.35274833 58.60000000
-150.23599908 86.99014373 58.60000000
-148.31981915 89.62753913 58.60000000
-154.06835892 81.71535293 55.34000000
-152.15217900 84.35274833 55.34000000
-150.23599908 86.99014373 55.34000000
-148.31981915 89.62753913 55.34000000
-140.65509946 100.17712074 61.86000000
-142.57127939 97.53972534 61.86000000
-144.48745931 94.90232994 61.86000000
-146.40363923 92.26493453 61.86000000
-140.65509946 100.17712074 65.12000000
-142.57127939 97.53972534 65.12000000
-144.48745931 94.90232994 65.12000000
-146.40363923 92.26493453 65.12000000
0.00000000 0.00000000 0.00000000
0.00000000 0.00000000 0.00000000
-148.31981915 89.62753913 61.86000000
-150.23599908 86.99014373 61.86000000
-152.15217900 84.35274833 61.86000000
-154.06835892 81.71535293 61.86000000
-148.31981915 89.62753913 65.12000000
-150.23599908 86.99014373 65.12000000
-152.15217900 84.35274833 65.12000000
-154.06835892 81.71535293 65.12000000
-146.40363923 92.26493453 71.64000000
-144.48745931 94.90232994 71.64000000
-142.57127939 97.53972534 71.64000000
-140.65509946 100.17712074 71.64000000
-146.40363923 92.26493453 68.38000000
-144.48745931 94.90232994 68.38000000
-142.57127939 97.53972534 68.38000000
-140.65509946 100.17712074 68.38000000
0.00000000 0.00000000 0.00000000
0.00000000 0.00000000 0.00000000
-154.06835892 81.71535293 71.64000000
-152.15217900 84.35274833 71.64000000
-150.23599908 86.99014373 71.64000000
-148.31981915 89.62753913 71.64000000
-154.06835892 81.71535293 68.38000000
-152.15217900 84.35274833 68.38000000
-150.23599908 86.99014373 68.38000000
-148.31981915 89.62753913 68.38000000
-140.65509946 100.17712074 74.90000000
-142.57127939 97.53972534 74.90000000
-144.48745931 94.90232994 74.90000000
-146.40363923 92.26493453 74.90000000
-140.65509946 100.17712074 78.16000000
-142.57127939 97.53972534 78.16000000
-144.48745931 94.90232994 78.16000000
-146.40363923 92.26493453 78.16000000
0.00000000 0.00000000 0.00000000
0.00000000 0.00000000 0.00000000
-148.31981915 89.62753913 74.90000000
-150.23599908 86.99014373 74.90000000
-152.15217900 84.35274833 74.90000000
-154.06835892 81.71535293 74.90000000
-148.31981915 89.62753913 78.16000000
-150.23599908 86.99014373 78.16000000
-152.15217900 84.35274833 78.16000000
-154.06835892 81.71535293 78.16000000
-80.49381539 153.19134900 -58.60000000
-83.27342232 151.48800368 -58.60000000
-86.05302926 149.78465836 -58.60000000
-88.83263619 148.08131304 -58.60000000
-80.49381539 153.19134900 -55.34000000
-83.27342232 151.48800368 -55.34000000
-86.05302926 149.78465836 -55.34000000
-88.83263619 148.08131304 -55.34000000
0.00000000 0.00000000 0.00000000
0.00000000 0.00000000 0.00000000
-69.37538764 160.00473029 -58.60000000
-72.15499458 158.30138497 -58.60000000
-74.93460152 156.59803965 -58.60000000
-77.71420845 154.89469432 -58.60000000
-69.37538764 160.00473029 -55.34000000
-72.15499458 158.30138497 -55.34000000
-74.93460152 156.59803965 -55.34000000
-77.71420845 154.89469432 -55.34000000
-88.83263619 148.08131304 -61.86000000
-86.05302926 149.78465836 -61.86000000
-83.27342232 151.48800368 -61.86000000
-80.49381539 153.19134900 -61.86000000
-88.83263619 148.08131304 -65.12000000
-86.05302926 149.78465836 -65.12000000
-83.27342232 151.48800368 -65.12000000
-80.49381539 153.19134900 -65.12000000
0.00000000 0.00000000 0.00000000
0.00000000 0.00000000 0.00000000
-77.71420845 154.89469432 -61.86000000
-74.93460152 156.59803965 -61.86000000
-72.15499458 158.30138497 -61.86000000
-69.37538764 160.00473029 -61.86000000
-77.71420845 154.89469432 -65.12000000
-74.93460152 156.59803965 -65.12000000
-72.15499458 158.30138497 -65.12000000
-69.37538764 160.00473029 -65.12000000
-80.49381539 153.19134900 -71.64000000
-83.27342232 151.48800368 -71.64000000
-86.05302926 149.78465836 -71.64000000
-88.83263619 148.08131304 -71.64000000
-80.49381539 153.19134900 -68.38000000
-83.27342232 151.48800368 -68.38000000
-86.05302926 149.78465836 -68.38000000
-88.83263619 148.08131304 -68.38000000
0.00000000 0.00000000 0.00000000
0.00000000 0.00000000 0.00000000
-69.37538764 160.00473029 -71.64000000
-72.15499458 158.30138497 -71.64000000
-74.93460152 156.59803965 -71.64000000
-77.71420845 154.89469432 -71.64000000
-69.37538764 160.00473029 -68.38000000
-72.15499458 158.30138497 -68.38000000
-74.93460152 156.59803965 -68.38000000
-77.71420845 154.89469432 -68.38000000
-88.83263619 148.08131304 -74.90000000
-86.05302926 149.78465836 -74.90000000
-83.27342232 151.48800368 -74.90000000
-80.49381539 153.19134900 -74.90000000
-88.83263619 148.08131304 -78.16000000
-86.05302926 149.78465836 -78.16000000
-83.27342232 151.48800368 -78.16000000
-80.49381539 153.19134900 -78.16000000
0.00000000 0.00000000 0.00000000
0.00000000 0.00000000 0.00000000
-77.71420845 154.89469432 -74.90000000
-74.93460152 156.59803965 -74.90000000
-72.15499458 158.30138497 -74.90000000
-69.37538764 160.00473029 -74.90000000
-77.71420845 154.89469432 -78.16000000
-74.93460152 156.59803965 -78.16000000
-72.15499458 158.30138497 -78.16000000
-69.37538764 160.00473029 -78.16000000
-99.95106394 141.26793176 -74.90000000
-97.17145700 142.97127708 -74.90000000
-94.39185007 144.67462240 -74.90000000
-91.61224313 146.37796772 -74.90000000
-99.95106394 141.26793176 -78.16000000
-97.17145700 142.97127708 -78.16000000
-94.39185007 144.67462240 -78.16000000
-91.61224313 146.37796772 -78.16000000
0.00000000 0.00000000 0.00000000
0.00000000 0.00000000 0.00000000
-111.06949168 134.45455047 -74.90000000
-108.28988474 136.15789579 -74.90000000
-105.51027781 137.86124111 -74.90000000
-102.73067087 139.56458644 -74.90000000
-111.06949168 134.45455047 -78.16000000
-108.28988474 136.15789579 -78.16000000
-105.51027781 137.86124111 -78.16000000
-102.73067087 139.56458644 -78.16000000
-91.61224313 146.37796772 -71.64000000
-94.39185007 144.67462240 -71.64000000
-97.17145700 142.97127708 -71.64000000
-99.95106394 141.26793176 -71.64000000
-91.61224313 146.37796772 -68.38000000
-94.39185007 144.67462240 -68.38000000
-97.17145700 142.97127708 -68.38000000
-99.95106394 141.26793176 -68.38000000
0.00000000 0.00000000 0.00000000
0.00000000 0.00000000 0.00000000
-102.73067087 139.56458644 -71.64000000
-105.51027781 137.86124111 -71.64000000
-108.28988474 136.15789579 -71.64000000
-111.06949168 134.45455047 -71.64000000
-102.73067087 139.56458644 -68.38000000
-105.51027781 137.86124111 -68.38000000
-108.28988474 136.15789579 -68.38000000
-111.06949168 134.45455047 -68.38000000
-99.95106394 141.26793176 -61.86000000
-97.17145700 142.97127708 -61.86000000
-94.39185007 144.67462240 -61.86000000
-91.61224313 146.37796772 -61.86000000
-99.95106394 141.26793176 -65.12000000
-97.17145700 142.97127708 -65.12000000
-94.39185007 144.67462240 -65.12000000
-91.61224313 146.37796772 -65.12000000
0.00000000 0.00000000 0.00000000
0.00000000 0.00000000 0.00000000
-111.06949168 134.45455047 -61.86000000
-108.28988474 136.15789579 -61.86000000
-105.51027781 137.86124111 -61.86000000
-102.73067087 139.56458644 -61.86000000
-111.06949168 134.45455047 -65.12000000
-108.28988474 136.15789579 -65.12000000
-105.51027781 137.86124111 -65.12000000
-102.73067087 139.56458644 -65.12000000
-91.61224313 146.37796772 -58.60000000
-94.39185007 144.67462240 -58.60000000
-97.17145700 142.97127708 -58.60000000
-99.95106394 141.26793176 -58.60000000
-91.61224313 146.37796772 -55.34000000
-94.39185007 144.67462240 -55.34000000
-97.17145700 142.97127708 -55.34000000
-99.95106394 141.26793176 -55.34000000
0.00000000 0.00000000 0.00000000
0.00000000 0.00000000 0.00000000
-102.73067087 139.56458644 -58.60000000
-105.51027781 137.86124111 -58.60000000
-108.28988474 136.15789579 -58.60000000
-111.06949168 134.45455047 -58.60000000
-102.73067087 139.56458644 -55.34000000
-105.51027781 137.86124111 -55.34000000
-108.28988474 136.15789579 -55.34000000
-111.06949168 134.45455047 -55.34000000
-80.49381539 153.19134900 -31.90000000
-83.27342232 151.48800368 -31.90000000
-86.05302926 149.78465836 -31.90000000
-88.83263619 148.08131304 -31.90000000
-80.49381539 153.19134900 -28.64000000
-83.27342232 151.48800368 -28.64000000
-86.05302926 149.78465836 -28.64000000
-88.83263619 148.08131304 -28.64000000
0.00000000 0.00000000 0.00000000
0.00000000 0.00000000 0.00000000
-69.37538764 160.00473029 -31.90000000
-72.15499458 158.30138497 -31.90000000
-74.93460152 156.59803965 -31.90000000
-77.71420845 154.89469432 -31.90000000
-69.37538764 160.00473029 -28.64000000
-72.15499458 158.30138497 -28.64000000
-74.93460152 156.59803965 -28.64000000
-77.71420845 154.89469432 -28.64000000
-88.83263619 148.08131304 -35.16000000
-86.05302926 149.78465836 -35.16000000
-83.27342232 151.48800368 -35.16000000
-80.49381539 153.19134900 -35.16000000
-88.83263619 148.08131304 -38.42000000
-86.05302926 149.78465836 -38.42000000
-83.27342232 151.48800368 -38.42000000
-80.49381539 153.19134900 -38.42000000
0.00000000 0.00000000 0.00000000
0.00000000 0.00000000 0.00000000
-77.71420845 154.89469432 -35.16000000
-74.93460152 156.59803965 -35.16000000
-72.15499458 158.30138497 -35.16000000
-69.37538764 160.00473029 -35.16000000
-77.71420845 154.89469432 -38.42000000
-74.93460152 156.59803965 -38.42000000
-72.15499458 158.30138497 -38.42000000
-69.37538764 160.00473029 -38.42000000
-80.49381539 153.19134900 -44.94000000
-83.27342232 151.48800368 -44.94000000
-86.05302926 149.78465836 -44.94000000
-88.83263619 148.08131304 -44.94000000
-80.49381539 153.19134900 -41.68000000
-83.27342232 151.48800368 -41.68000000
-86.05302926 149.78465836 -41.68000000
-88.83263619 148.08131304 -41.68000000
0.00000000 0.00000000 0.00000000
0.00000000 0.00000000 0.00000000
-69.37538764 160.00473029 -44.94000000
-72.15499458 158.30138497 -44.94000000
-74.93460152 156.59803965 -44.94000000
-77.71420845 154.89469432 -44.94000000
-69.37538764 160.00473029 -41.68000000
-72.15499458 158.30138497 -41.68000000
-74.93460152 156.59803965 -41.68000000
-77.71420845 154.89469432 -41.68000000
-88.83263619 148.08131304 -48.20000000
-86.05302926 149.78465836 -48.20000000
-83.27342232 151.48800368 -48.20000000
-80.49381539 153.19134900 -48.20000000
-88.83263619 148.08131304 -51.46000000
-86.05302926 149.78465836 -51.46000000
-83.27342232 151.48800368 -51.46000000
-80.49381539 153.19134900 -51.46000000
0.00000000 0.00000000 0.00000000
0.00000000 0.00000000 0.00000000
-77.71420845 154.89469432 -48.20000000
-74.93460152 156.59803965 -48.20000000
-72.15499458 158.30138497 -48.20000000
-69.37538764 160.00473029 -48.20000000
-77.71420845 154.89469432 -51.46000000
-74.93460152 156.59803965 -51.46000000
-72.15499458 158.30138497 -51.46000000
-69.37538764 160.00473029 -51.46000000
-99.95106394 141.26793176 -48.20000000
-97.17145700 142.97127708 -48.20000000
-94.39185007 144.67462240 -48.20000000
-91.61224313 146.37796772 -48.20000000
-99.95106394 141.26793176 -51.46000000
-97.17145700 142.97127708 -51.46000000
-94.39185007 144.67462240 -51.46000000
-91.61224313 146.37796772 -51.46000000
0.00000000 0.00000000 0.00000000
0.00000000 0.00000000 0.00000000
-111.06949168 134.45455047 -48.20000000
-108.28988474 136.15789579 -48.20000000
-105.51027781 137.86124111 -48.20000000
-102.73067087 139.56458644 -48.20000000
-111.06949168 134.45455047 -51.46000000
-108.28988474 136.15789579 -51.46000000
-105.51027781 137.86124111 -51.46000000
-102.73067087 139.56458644 -51.46000000
-91.61224313 146.37796772 -44.94000000
-94.39185007 144.67462240 -44.94000000
-97.17145700 142.97127708 -44.94000000
-99.95106394 141.26793176 -44.94000000
-91.61224313 146.37796772 -41.68000000
-94.39185007 144.67462240 -41.68000000
-97.17145700 142.97127708 -41.68000000
-99.95106394 141.26793176 -41.68000000
0.00000000 0.00000000 0.00000000
0.00000000 0.00000000 0.00000000
-102.73067087 139.56458644 -44.94000000
-105.51027781 137.86124111 -44.94000000
-108.28988474 136.15789579 -44.94000000
-111.06949168 134.45455047 -44.94000000
-102.73067087 139.56458644 -41.68000000
-105.51027781 137.86124111 -41.68000000
-108.28988474 136.15789579 -41.68000000
-111.06949168 134.45455047 -41.68000000
-99.95106394 141.26793176 -35.16000000
-97.17145700 142.97127708 -35.16000000
-94.39185007 144.67462240 -35.16000000
-91.61224313 146.37796772 -35.16000000
-99.95106394 141.26793176 -38.42000000
-97.17145700 142.97127708 -38.42000000
-94.39185007 144.67462240 -38.42000000
-91.61224313 146.37796772 -38.42000000
0.00000000 0.00000000 0.00000000
0.00000000 0.00000000 0.00000000
-111.06949168 134.45455047 -35.16000000
-108.28988474 136.15789579 -35.16000000
-105.51027781 137.86124111 -35.16000000
-102.73067087 139.56458644 -35.16000000
-111.06949168 134.45455047 -38.42000000
-108.28988474 136.15789579 -38.42000000
-105.51027781 137.86124111 -38.42000000
-102.73067087 139.56458644 -38.42000000
-91.61224313 146.37796772 -31.90000000
-94.39185007 144.67462240 -31.90000000
-97.17145700 142.97127708 -31.90000000
-99.95106394 141.26793176 -31.90000000
-91.61224313 146.37796772 -28.64000000
-94.39185007 144.67462240 -28.64000000
-97.17145700 142.97127708 -28.64000000
-99.95106394 141.26793176 -28.64000000
0.00000000 0.00000000 0.00000000
0.00000000 0.00000000 0.00000000
-102.73067087 139.56458644 -31.90000000
-105.51027781 137.86124111 -31.90000000
-108.28988474 136.15789579 -31.90000000
-111.06949168 134.45455047 -31.90000000
-102.73067087 139.56458644 -28.64000000
-105.51027781 137.86124111 -28.64000000
-108.28988474 136.15789579 -28.64000000
-111.06949168 134.45455047 -28.64000000
-80.49381539 153.19134900 -5.20000000
-83.27342232 151.48800368 -5.20000000
-86.05302926 149.78465836 -5.20000000
-88.83263619 148.08131304 -5.20000000
-80.49381539 153.19134900 -1.94000000
-83.27342232 151.48800368 -1.94000000
-86.05302926 149.78465836 -1.94000000
-88.83263619 148.08131304 -1.94000000
0.00000000 0.00000000 0.00000000
0.00000000 0.00000000 0.00000000
-69.37538764 160.00473029 -5.20000000
-72.15499458 158.30138497 -5.20000000
-74.93460152 156.59803965 -5.20000000
-77.71420845 154.89469432 -5.20000000
-69.37538764 160.00473029 -1.94000000
-72.15499458 158.30138497 -1.94000000
-74.93460152 156.59803965 -1.94000000
-77.71420845 154.89469432 -1.94000000
-88.83263619 148.08131304 -8.46000000
-86.05302926 149.78465836 -8.46000000
-83.27342232 151.48800368 -8.46000000
-80.49381539 153.19134900 -8.46000000
-88.83263619 148.08131304 -11.72000000
-86.05302926 149.78465836 -11.72000000
-83.27342232 151.48800368 -11.72000000
-80.49381539 153.19134900 -11.72000000
0.00000000 0.00000000 0.00000000
0.00000000 0.00000000 0.00000000
-77.71420845 154.89469432 -8.46000000
-74.93460152 156.59803965 -8.46000000
-72.15499458 158.30138497 -8.46000000
-69.37538764 160.00473029 -8.46000000
-77.71420845 154.89469432 -11.72000000
-74.93460152 156.59803965 -11.72000000
-72.15499458 158.30138497 -11.72000000
-69.37538764 160.00473029 -11.72000000
-80.49381539 153.19134900 -18.24000000
-83.27342232 151.48800368 -18.24000000
-86.05302926 149.78465836 -18.24000000
-88.83263619 148.08131304 -18.24000000
-80.49381539 153.19134900 -14.98000000
-83.27342232 151.48800368 -14.98000000
-86.05302926 149.78465836 -14.98000000
-88.83263619 148.08131304 -14.98000000
0.00000000 0.00000000 0.00000000
0.00000000 0.00000000 0.00000000
-69.37538764 160.00473029 -18.24000000
-72.15499458 158.30138497 -18.24000000
-74.93460152 156.59803965 -18.24000000
-77.71420845 154.89469432 -18.24000000
-69.37538764 160.00473029 -14.98000000
-72.15499458 158.30138497 -14.98000000
-74.93460152 156.59803965 -14.98000000
-77.71420845 154.89469432 -14.98000000
-88.83263619 148.08131304 -21.50000000
-86.05302926 149.78465836 -21.50000000
-83.27342232 151.48800368 -21.50000000
-80.49381539 153.19134900 -21.50000000
-88.83263619 148.08131304 -24.76000000
-86.05302926 149.78465836 -24.76000000
-83.27342232 151.48800368 -24.76000000
-80.49381539 153.19134900 -24.76000000
0.00000000 0.00000000 0.00000000
0.00000000 0.00000000 0.00000000
-77.71420845 154.89469432 -21.50000000
-74.93460152 156.59803965 -21.50000000
-72.15499458 158.30138497 -21.50000000
-69.37538764 160.00473029 -21.50000000
-77.71420845 154.89469432 -24.76000000
-74.93460152 156.59803965 -24.76000000
-72.15499458 158.30138497 -24.76000000
-69.37538764 160.00473029 -24.76000000
-99.95106394 141.26793176 -21.50000000
-97.17145700 142.97127708 -21.50000000
-94.39185007 144.67462240 -21.50000000
-91.61224313 146.37796772 -21.50000000
-99.95106394 141.26793176 -24.76000000
-97.17145700 142.97127708 -24.76000000
-94.39185007 144.67462240 -24.76000000
-91.61224313 146.37796772 -24.76000000
0.00000000 0.00000000 0.00000000
0.00000000 0.00000000 0.00000000
-111.06949168 134.45455047 -21.50000000
-108.28988474 136.15789579 -21.50000000
-105.51027781 137.86124111 -21.50000000
-102.73067087 139.56458644 -21.50000000
-111.06949168 134.45455047 -24.76000000
-108.28988474 136.15789579 -24.76000000
-105.51027781 137.86124111 -24.76000000
-102.73067087 139.56458644 -24.76000000
-91.61224313 146.37796772 -18.24000000
-94.39185007 144.67462240 -18.24000000
-97.17145700 142.97127708 -18.24000000
-99.95106394 141.26793176 -18.24000000
-91.61224313 146.37796772 -14.98000000
-94.39185007 144.67462240 -14.98000000
-97.17145700 142.97127708 -14.98000000
-99.95106394 141.26793176 -14.98000000
0.00000000 0.00000000 0.00000000
0.00000000 0.00000000 0.00000000
-102.73067087 139.56458644 -18.24000000
-105.51027781 137.86124111 -18.24000000
-108.28988474 136.15789579 -18.24000000
-111.06949168 134.45455047 -18.24000000
-102.73067087 139.56458644 -14.98000000
-105.51027781 137.86124111 -14.98000000
-108.28988474 136.15789579 -14.98000000
-111.06949168 134.45455047 -14.98000000
-99.95106394 141.26793176 -8.46000000
-97.17145700 142.97127708 -8.46000000
-94.39185007 144.67462240 -8.46000000
-91.61224313 146.37796772 -8.46000000
-99.95106394 141.26793176 -11.72000000
-97.17145700 142.97127708 -11.72000000
-94.39185007 144.67462240 -11.72000000
-91.61224313 146.37796772 -11.72000000
0.00000000 0.00000000 0.00000000
0.00000000 0.00000000 0.00000000
-111.06949168 134.45455047 -8.46000000
-108.28988474 136.15789579 -8.46000000
-105.51027781 137.86124111 -8.46000000
-102.73067087 139.56458644 -8.46000000
-111.06949168 134.45455047 -11.72000000
-108.28988474 136.15789579 -11.72000000
-105.51027781 137.86124111 -11.72000000
-102.73067087 139.56458644 -11.72000000
-91.61224313 146.37796772 -5.20000000
-94.39185007 144.67462240 -5.20000000
-97.17145700 142.97127708 -5.20000000
-99.95106394 141.26793176 -5.20000000
-91.61224313 146.37796772 -1.94000000
-94.39185007 144.67462240 -1.94000000
-97.17145700 142.97127708 -1.94000000
-99.95106394 141.26793176 -1.94000000
0.00000000 0.00000000 0.00000000
0.00000000 0.00000000 0.00000000
-102.73067087 139.56458644 -5.20000000
-105.51027781 137.86124111 -5.20000000
-108.28988474 136.15789579 -5.20000000
-111.06949168 134.45455047 -5.20000000
-102.73067087 139.56458644 -1.94000000
-105.51027781 137.86124111 -1.94000000
-108.28988474 136.15789579 -1.94000000
-111.06949168 134.45455047 -1.94000000
-80.49381539 153.19134900 21.50000000
-83.27342232 151.48800368 21.50000000
-86.05302926 149.78465836 21.50000000
-88.83263619 148.08131304 21.50000000
-80.49381539 153.19134900 24.76000000
-83.27342232 151.48800368 24.76000000
-86.05302926 149.78465836 24.76000000
-88.83263619 148.08131304 24.76000000
0.00000000 0.00000000 0.00000000
0.00000000 0.00000000 0.00000000
-69.37538764 160.00473029 21.50000000
-72.15499458 158.30138497 21.50000000
-74.93460152 156.59803965 21.50000000
-77.71420845 154.89469432 21.50000000
-69.37538764 160.00473029 24.76000000
-72.15499458 158.30138497 24.76000000
-74.93460152 156.59803965 24.76000000
-77.71420845 154.89469432 24.76000000
-88.83263619 148.08131304 18.24000000
-86.05302926 149.78465836 18.24000000
-83.27342232 151.48800368 18.24000000
-80.49381539 153.19134900 18.24000000
-88.83263619 148.08131304 14.98000000
-86.05302926 149.78465836 14.98000000
-83.27342232 151.48800368 14.98000000
-80.49381539 153.19134900 14.98000000
0.00000000 0.00000000 0.00000000
0.00000000 0.00000000 0.00000000
-77.71420845 154.89469432 18.24000000
-74.93460152 156.59803965 18.24000000
-72.15499458 158.30138497 18.24000000
-69.37538764 160.00473029 18.24000000
-77.71420845 154.89469432 14.98000000
-74.93460152 156.59803965 14.98000000
-72.15499458 158.30138497 14.98000000
-69.37538764 160.00473029 14.98000000
-80.49381539 153.19134900 8.46000000
-83.27342232 151.48800368 8.46000000
-86.05302926 149.78465836 8.46000000
-88.83263619 148.08131304 8.46000000
-80.49381539 153.19134900 11.72000000
-83.27342232 151.48800368 11.72000000
-86.05302926 149.78465836 11.72000000
-88.83263619 148.08131304 11.72000000
0.00000000 0.00000000 0.00000000
0.00000000 0.00000000 0.00000000
-69.37538764 160.00473029 8.46000000
-72.15499458 158.30138497 8.46000000
-74.93460152 156.59803965 8.46000000
-77.71420845 154.89469432 8.46000000
-69.37538764 160.00473029 11.72000000
-72.15499458 158.30138497 11.72000000
-74.93460152 156.59803965 11.72000000
-77.71420845 154.89469432 11.72000000
-88.83263619 148.08131304 5.20000000
-86.05302926 149.78465836 5.20000000
-83.27342232 151.48800368 5.20000000
-80.49381539 153.19134900 5.20000000
-88.83263619 148.08131304 1.94000000
-86.05302926 149.78465836 1.94000000
-83.27342232 151.48800368 1.94000000
-80.49381539 153.19134900 1.94000000
0.00000000 0.00000000 0.00000000
0.00000000 0.00000000 0.00000000
-77.71420845 154.89469432 5.20000000
-74.93460152 156.59803965 5.20000000
-72.15499458 158.30138497 5.20000000
-69.37538764 160.00473029 5.20000000
-77.71420845 154.89469432 1.94000000
-74.93460152 156.59803965 1.94000000
-72.15499458 158.30138497 1.94000000
-69.37538764 160.00473029 1.94000000
-99.95106394 141.26793176 5.20000000
-97.17145700 142.97127708 5.20000000
-94.39185007 144.67462240 5.20000000
-91.61224313 146.37796772 5.20000000
-99.95106394 141.26793176 1.94000000
-97.17145700 142.97127708 1.94000000
-94.39185007 144.67462240 1.94000000
-91.61224313 146.37796772 1.94000000
0.00000000 0.00000000 0.00000000
0.00000000 0.00000000 0.00000000
-111.06949168 134.45455047 5.20000000
-108.28988474 136.15789579 5.20000000
-105.51027781 137.86124111 5.20000000
-102.73067087 139.56458644 5.20000000
-111.06949168 134.45455047 1.94000000
-108.28988474 136.15789579 1.94000000
-105.51027781 137.86124111 1.94000000
-102.73067087 139.56458644 1.94000000
-91.61224313 146.37796772 8.46000000
-94.39185007 144.67462240 8.46000000
-97.17145700 142.97127708 8.46000000
-99.95106394 141.26793176 8.46000000
-91.61224313 146.37796772 11.72000000
-94.39185007 144.67462240 11.72000000
-97.17145700 142.97127708 11.72000000
-99.95106394 141.26793176 11.72000000
0.00000000 0.00000000 0.00000000
0.00000000 0.00000000 0.00000000
-102.73067087 139.56458644 8.46000000
-105.51027781 137.86124111 8.46000000
-108.28988474 136.15789579 8.46000000
-111.06949168 134.45455047 8.46000000
-102.73067087 139.56458644 11.72000000
-105.51027781 137.86124111 11.72000000
-108.28988474 136.15789579 11.72000000
-111.06949168 134.45455047 11.72000000
-99.95106394 141.26793176 18.24000000
-97.17145700 142.97127708 18.24000000
-94.39185007 144.67462240 18.24000000
-91.61224313 146.37796772 18.24000000
-99.95106394 141.26793176 14.98000000
-97.17145700 142.97127708 14.98000000
-94.39185007 144.67462240 14.98000000
-91.61224313 146.37796772 14.98000000
0.00000000 0.00000000 0.00000000
0.00000000 0.00000000 0.00000000
-111.06949168 134.45455047 18.24000000
-108.28988474 136.15789579 18.24000000
-105.51027781 137.86124111 18.24000000
-102.73067087 139.56458644 18.24000000
-111.06949168 134.45455047 14.98000000
-108.28988474 136.15789579 14.98000000
-105.51027781 137.86124111 14.98000000
-102.73067087 139.56458644 14.98000000
-91.61224313 146.37796772 21.50000000
-94.39185007 144.67462240 21.50000000
-97.17145700 142.97127708 21.50000000
-99.95106394 141.26793176 21.50000000
-91.61224313 146.37796772 24.76000000
-94.39185007 144.67462240 24.76000000
-97.17145700 142.97127708 24.76000000
-99.95106394 141.26793176 24.76000000
0.00000000 0.00000000 0.00000000
0.00000000 0.00000000 0.00000000
-102.73067087 139.56458644 21.50000000
-105.51027781 137.86124111 21.50000000
-108.28988474 136.15789579 21.50000000
-111.06949168 134.45455047 21.50000000
-102.73067087 139.56458644 24.76000000
-105.51027781 137.86124111 24.76000000
-108.28988474 136.15789579 24.76000000
-111.06949168 134.45455047 24.76000000
-80.49381539 153.19134900 48.20000000
-83.27342232 151.48800368 48.20000000
-86.05302926 149.78465836 48.20000000
-88.83263619 148.08131304 48.20000000
-80.49381539 153.19134900 51.46000000
-83.27342232 151.48800368 51.46000000
-86.05302926 149.78465836 51.46000000
-88.83263619 148.08131304 51.46000000
0.00000000 0.00000000 0.00000000
0.00000000 0.00000000 0.00000000
-69.37538764 160.00473029 48.20000000
-72.15499458 158.30138497 48.20000000
-74.93460152 156.59803965 48.20000000
-77.71420845 154.89469432 48.20000000
-69.37538764 160.00473029 51.46000000
-72.15499458 158.30138497 51.46000000
-74.93460152 156.59803965 51.46000000
-77.71420845 154.89469432 51.46000000
-88.83263619 148.08131304 44.94000000
-86.05302926 149.78465836 44.94000000
-83.27342232 151.48800368 44.94000000
-80.49381539 153.19134900 44.94000000
-88.83263619 148.08131304 41.68000000
-86.05302926 149.78465836 41.68000000
-83.27342232 151.48800368 41.68000000
-80.49381539 153.19134900 41.68000000
0.00000000 0.00000000 0.00000000
0.00000000 0.00000000 0.00000000
-77.71420845 154.89469432 44.94000000
-74.93460152 156.59803965 44.94000000
-72.15499458 158.30138497 44.94000000
-69.37538764 160.00473029 44.94000000
-77.71420845 154.89469432 41.68000000
-74.93460152 156.59803965 41.68000000
-72.15499458 158.30138497 41.68000000
-69.37538764 160.00473029 41.68000000
-80.49381539 153.19134900 35.16000000
-83.27342232 151.48800368 35.16000000
-86.05302926 149.78465836 35.16000000
-88.83263619 148.08131304 35.16000000
-80.49381539 153.19134900 38.42000000
-83.27342232 151.48800368 38.42000000
-86.05302926 149.78465836 38.42000000
-88.83263619 148.08131304 38.42000000
0.00000000 0.00000000 0.00000000
0.00000000 0.00000000 0.00000000
-69.37538764 160.00473029 35.16000000
-72.15499458 158.30138497 35.16000000
-74.93460152 156.59803965 35.16000000
-77.71420845 154.89469432 35.16000000
-69.37538764 160.00473029 38.42000000
-72.15499458 158.30138497 38.42000000
-74.93460152 156.59803965 38.42000000
-77.71420845 154.89469432 38.42000000
-88.83263619 148.08131304 31.90000000
-86.05302926 149.78465836 31.90000000
-83.27342232 151.48800368 31.90000000
-80.49381539 153.19134900 31.90000000
-88.83263619 148.08131304 28.64000000
-86.05302926 149.78465836 28.64000000
-83.27342232 151.48800368 28.64000000
-80.49381539 153.19134900 28.64000000
0.00000000 0.00000000 0.00000000
0.00000000 0.00000000 0.00000000
-77.71420845 154.89469432 31.90000000
-74.93460152 156.59803965 31.90000000
-72.15499458 158.30138497 31.90000000
-69.37538764 160.00473029 31.90000000
-77.71420845 154.89469432 28.64000000
-74.93460152 156.59803965 28.64000000
-72.15499458 158.30138497 28.64000000
-69.37538764 160.00473029 28.64000000
-99.95106394 141.26793176 31.90000000
-97.17145700 142.97127708 31.90000000
-94.39185007 144.67462240 31.90000000
-91.61224313 146.37796772 31.90000000
-99.95106394 141.26793176 28.64000000
-97.17145700 142.97127708 28.64000000
-94.39185007 144.67462240 28.64000000
-91.61224313 146.37796772 28.64000000
0.00000000 0.00000000 0.00000000
0.00000000 0.00000000 0.00000000
-111.06949168 134.45455047 31.90000000
-108.28988474 136.15789579 31.90000000
-105.51027781 137.86124111 31.90000000
-102.73067087 139.56458644 31.90000000
-111.06949168 134.45455047 28.64000000
-108.28988474 136.15789579 28.64000000
-105.51027781 137.86124111 28.64000000
-102.73067087 139.56458644 28.64000000
-91.61224313 146.37796772 35.16000000
-94.39185007 144.67462240 35.16000000
-97.17145700 142.97127708 35.16000000
-99.95106394 141.26793176 35.16000000
-91.61224313 146.37796772 38.42000000
-94.39185007 144.67462240 38.42000000
-97.17145700 142.97127708 38.42000000
-99.95106394 141.26793176 38.42000000
0.00000000 0.00000000 0.00000000
0.00000000 0.00000000 0.00000000
-102.73067087 139.56458644 35.16000000
-105.51027781 137.86124111 35.16000000
-108.28988474 136.15789579 35.16000000
-111.06949168 134.45455047 35.16000000
-102.73067087 139.56458644 38.42000000
-105.51027781 137.86124111 38.42000000
-108.28988474 136.15789579 38.42000000
-111.06949168 134.45455047 38.42000000
-99.95106394 141.26793176 44.94000000
-97.17145700 142.97127708 44.94000000
-94.39185007 144.67462240 44.94000000
-91.61224313 146.37796772 44.94000000
-99.95106394 141.26793176 41.68000000
-97.17145700 142.97127708 41.68000000
-94.39185007 144.67462240 41.68000000
-91.61224313 146.37796772 41.68000000
0.00000000 0.00000000 0.00000000
0.00000000 0.00000000 0.00000000
-111.06949168 134.45455047 44.94000000
-108.28988474 136.15789579 44.94000000
-105.51027781 137.86124111 44.94000000
-102.73067087 139.56458644 44.94000000
-111.06949168 134.45455047 41.68000000
-108.28988474 136.15789579 41.68000000
-105.51027781 137.86124111 41.68000000
-102.73067087 139.56458644 41.68000000
-91.61224313 146.37796772 48.20000000
-94.39185007 144.67462240 48.20000000
-97.17145700 142.97127708 48.20000000
-99.95106394 141.26793176 48.20000000
-91.61224313 146.37796772 51.46000000
-94.39185007 144.67462240 51.46000000
-97.17145700 142.97127708 51.46000000
-99.95106394 141.26793176 51.46000000
0.00000000 0.00000000 0.00000000
0.00000000 0.00000000 0.00000000
-102.73067087 139.56458644 48.20000000
-105.51027781 137.86124111 48.20000000
-108.28988474 136.15789579 48.20000000
-111.06949168 134.45455047 48.20000000
-102.73067087 139.56458644 51.46000000
-105.51027781 137.86124111 51.46000000
-108.28988474 136.15789579 51.46000000
-111.06949168 134.45455047 51.46000000
-80.49381539 153.19134900 74.90000000
-83.27342232 151.48800368 74.90000000
-86.05302926 149.78465836 74.90000000
-88.83263619 148.08131304 74.90000000
-80.49381539 153.19134900 78.16000000
-83.27342232 151.48800368 78.16000000
-86.05302926 149.78465836 78.16000000
-88.83263619 148.08131304 78.16000000
0.00000000 0.00000000 0.00000000
0.00000000 0.00000000 0.00000000
-69.37538764 160.00473029 74.90000000
-72.15499458 158.30138497 74.90000000
-74.93460152 156.59803965 74.90000000
-77.71420845 154.89469432 74.90000000
-69.37538764 160.00473029 78.16000000
-72.15499458 158.30138497 78.16000000
-74.93460152 156.59803965 78.16000000
-77.71420845 154.89469432 78.16000000
-88.83263619 148.08131304 71.64000000
-86.05302926 149.78465836 71.64000000
-83.27342232 151.48800368 71.64000000
-80.49381539 153.19134900 71.64000000
-88.83263619 148.08131304 68.38000000
-86.05302926 149.78465836 68.38000000
-83.27342232 151.48800368 68.38000000
-80.49381539 153.19134900 68.38000000
0.00000000 0.00000000 0.00000000
0.00000000 0.00000000 0.00000000
-77.71420845 154.89469432 71.64000000
-74.93460152 156.59803965 71.64000000
-72.15499458 158.30138497 71.64000000
-69.37538764 160.00473029 71.64000000
-77.71420845 154.89469432 68.38000000
-74.93460152 156.59803965 68.38000000
-72.15499458 158.30138497 68.38000000
-69.37538764 160.00473029 68.38000000
-80.49381539 153.19134900 61.86000000
-83.27342232 151.48800368 61.86000000
-86.05302926 149.78465836 61.86000000
-88.83263619 148.08131304 61.86000000
-80.49381539 153.19134900 65.12000000
-83.27342232 151.48800368 65.12000000
-86.05302926 149.78465836 65.12000000
-88.83263619 148.08131304 65.12000000
0.00000000 0.00000000 0.00000000
0.00000000 0.00000000 0.00000000
-69.37538764 160.00473029 61.86000000
-72.15499458 158.30138497 61.86000000
-74.93460152 156.59803965 61.86000000
-77.71420845 154.89469432 61.86000000
-69.37538764 160.00473029 65.12000000
-72.15499458 158.30138497 65.12000000
-74.93460152 156.59803965 65.12000000
-77.71420845 154.89469432 65.12000000
-88.83263619 148.08131304 58.60000000
-86.05302926 149.78465836 58.60000000
-83.27342232 151.48800368 58.60000000
-80.49381539 153.19134900 58.60000000
-88.83263619 148.08131304 55.34000000
-86.05302926 149.78465836 55.34000000
-83.27342232 151.48800368 55.34000000
-80.49381539 153.19134900 55.34000000
0.00000000 0.00000000 0.00000000
0.00000000 0.00000000 0.00000000
-77.71420845 154.89469432 58.60000000
-74.93460152 156.59803965 58.60000000
-72.15499458 158.30138497 58.60000000
-69.37538764 160.00473029 58.60000000
-77.71420845 154.89469432 55.34000000
-74.93460152 156.59803965 55.34000000
-72.15499458 158.30138497 55.34000000
-69.37538764 160.00473029 55.34000000
-99.95106394 141.26793176 58.60000000
-97.17145700 142.97127708 58.60000000
-94.39185007 144.67462240 58.60000000
-91.61224313 146.37796772 58.60000000
-99.95106394 141.26793176 55.34000000
-97.17145700 142.97127708 55.34000000
-94.39185007 144.67462240 55.34000000
-91.61224313 146.37796772 55.34000000
0.00000000 0.00000000 0.00000000
0.00000000 0.00000000 0.00000000
-111.06949168 134.45455047 58.60000000
-108.28988474 136.15789579 58.60000000
-105.51027781 137.86124111 58.60000000
-102.73067087 139.56458644 58.60000000
-111.06949168 134.45455047 55.34000000
-108.28988474 136.15789579 55.34000000
-105.51027781 137.86124111 55.34000000
-102.73067087 139.56458644 55.34000000
-91.61224313 146.37796772 61.86000000
-94.39185007 144.67462240 61.86000000
-97.17145700 142.97127708 61.86000000
-99.95106394 141.26793176 61.86000000
-91.61224313 146.37796772 65.12000000
-94.39185007 144.67462240 65.12000000
-97.17145700 142.97127708 65.12000000
-99.95106394 141.26793176 65.12000000
0.00000000 0.00000000 0.00000000
0.00000000 0.00000000 0.00000000
-102.73067087 139.56458644 61.86000000
-105.51027781 137.86124111 61.86000000
-108.28988474 136.15789579 61.86000000
-111.06949168 134.45455047 61.86000000
-102.73067087 139.56458644 65.12000000
-105.51027781 137.86124111 65.12000000
-108.28988474 136.15789579 65.12000000
-111.06949168 134.45455047 65.12000000
-99.95106394 141.26793176 71.64000000
-97.17145700 142.97127708 71.64000000
-94.39185007 144.67462240 71.64000000
-91.61224313 146.37796772 71.64000000
-99.95106394 141.26793176 68.38000000
-97.17145700 142.97127708 68.38000000
-94.39185007 144.67462240 68.38000000
-91.61224313 146.37796772 68.38000000
0.00000000 0.00000000 0.00000000
0.00000000 0.00000000 0.00000000
-111.06949168 134.45455047 71.64000000
-108.28988474 136.15789579 71.64000000
-105.51027781 137.86124111 71.64000000
-102.73067087 139.56458644 71.64000000
-111.06949168 134.45455047 68.38000000
-108.28988474 136.15789579 68.38000000
-105.51027781 137.86124111 68.38000000
-102.73067087 139.56458644 68.38000000
-91.61224313 146.37796772 74.90000000
-94.39185007 144.67462240 74.90000000
-97.17145700 142.97127708 74.90000000
-99.95106394 141.26793176 74.90000000
-91.61224313 146.37796772 78.16000000
-94.39185007 144.67462240 78.16000000
-97.17145700 142.97127708 78.16000000
-99.95106394 141.26793176 78.16000000
0.00000000 0.00000000 0.00000000
0.00000000 0.00000000 0.00000000
-102.73067087 139.56458644 74.90000000
-105.51027781 137.86124111 74.90000000
-108.28988474 136.15789579 74.90000000
-111.06949168 134.45455047 74.90000000
-102.73067087 139.56458644 78.16000000
-105.51027781 137.86124111 78.16000000
-108.28988474 136.15789579 78.16000000
-111.06949168 134.45455047 78.16000000
-15.74279728 172.33400146 -58.60000000
-18.96266127 171.82402510 -58.60000000
-22.18252527 171.31404875 -58.60000000
-25.40238926 170.80407239 -58.60000000
-15.74279728 172.33400146 -55.34000000
-18.96266127 171.82402510 -55.34000000
-22.18252527 171.31404875 -55.34000000
-25.40238926 170.80407239 -55.34000000
0.00000000 0.00000000 0.00000000
0.00000000 0.00000000 0.00000000
-2.86334132 174.37390688 -58.60000000
-6.08320531 173.86393053 -58.60000000
-9.30306930 173.35395417 -58.60000000
-12.52293329 172.84397781 -58.60000000
-2.86334132 174.37390688 -55.34000000
-6.08320531 173.86393053 -55.34000000
-9.30306930 173.35395417 -55.34000000
-12.52293329 172.84397781 -55.34000000
-25.40238926 170.80407239 -61.86000000
-22.18252527 171.31404875 -61.86000000
-18.96266127 171.82402510 -61.86000000
-15.74279728 172.33400146 -61.86000000
-25.40238926 170.80407239 -65.12000000
-22.18252527 171.31404875 -65.12000000
-18.96266127 171.82402510 -65.12000000
-15.74279728 172.33400146 -65.12000000
0.00000000 0.00000000 0.00000000
0.00000000 0.00000000 0.00000000
-12.52293329 172.84397781 -61.86000000
-9.30306930 173.35395417 -61.86000000
-6.08320531 173.86393053 -61.86000000
-2.86334132 174.37390688 -61.86000000
-12.52293329 172.84397781 -65.12000000
-9.30306930 173.35395417 -65.12000000
-6.08320531 173.86393053 -65.12000000
-2.86334132 174.37390688 -65.12000000
-15.74279728 172.33400146 -71.64000000
-18.96266127 171.82402510 -71.64000000
-22.18252527 171.31404875 -71.64000000
-25.40238926 170.80407239 -71.64000000
-15.74279728 172.33400146 -68.38000000
-18.96266127 171.82402510 -68.38000000
-22.18252527 171.31404875 -68.38000000
-25.40238926 170.80407239 -68.38000000
0.00000000 0.00000000 0.00000000
0.00000000 0.00000000 0.00000000
-2.86334132 174.37390688 -71.64000000
-6.08320531 173.86393053 -71.64000000
-9.30306930 173.35395417 -71.64000000
-12.52293329 172.84397781 -71.64000000
-2.86334132 174.37390688 -68.38000000
-6.08320531 173.86393053 -68.38000000
-9.30306930 173.35395417 -68.38000000
-12.52293329 172.84397781 -68.38000000
-25.40238926 170.80407239 -74.90000000
-22.18252527 171.31404875 -74.90000000
-18.96266127 171.82402510 -74.90000000
-15.74279728 172.33400146 -74.90000000
-25.40238926 170.80407239 -78.16000000
-22.18252527 171.31404875 -78.16000000
-18.96266127 171.82402510 -78.16000000
-15.74279728 172.33400146 -78.16000000
0.00000000 0.00000000 0.00000000
0.00000000 0.00000000 0.00000000
-12.52293329 172.84397781 -74.90000000
-9.30306930 173.35395417 -74.90000000
-6.08320531 173.86393053 -74.90000000
-2.86334132 174.37390688 -74.90000000
-12.52293329 172.84397781 -78.16000000
-9.30306930 173.35395417 -78.16000000
-6.08320531 173.86393053 -78.16000000
-2.86334132 174.37390688 -78.16000000
-38.28184522 168.76416697 -74.90000000
-35.06198123 169.27414332 -74.90000000
-31.84211724 169.78411968 -74.90000000
-28.62225325 170.29409603 -74.90000000
-38.28184522 168.76416697 -78.16000000
-35.06198123 169.27414332 -78.16000000
-31.84211724 169.78411968 -78.16000000
-28.62225325 170.29409603 -78.16000000
0.00000000 0.00000000 0.00000000
0.00000000 0.00000000 0.00000000
-51.16130118 166.72426154 -74.90000000
-47.94143719 167.23423790 -74.90000000
-44.72157320 167.74421425 -74.90000000
-41.50170921 168.25419061 -74.90000000
-51.16130118 166.72426154 -78.16000000
-47.94143719 167.23423790 -78.16000000
-44.72157320 167.74421425 -78.16000000
-41.50170921 168.25419061 -78.16000000
-28.62225325 170.29409603 -71.64000000
-31.84211724 169.78411968 -71.64000000
-35.06198123 169.27414332 -71.64000000
-38.28184522 168.76416697 -71.64000000
-28.62225325 170.29409603 -68.38000000
-31.84211724 169.78411968 -68.38000000
-35.06198123 169.27414332 -68.38000000
-38.28184522 168.76416697 -68.38000000
0.00000000 0.00000000 0.00000000
0.00000000 0.00000000 0.00000000
-41.50170921 168.25419061 -71.64000000
-44.72157320 167.74421425 -71.64000000
-47.94143719 167.23423790 -71.64000000
-51.16130118 166.72426154 -71.64000000
-41.50170921 168.25419061 -68.38000000
-44.72157320 167.74421425 -68.38000000
-47.94143719 167.23423790 -68.38000000
-51.16130118 166.72426154 -68.38000000
-38.28184522 168.76416697 -61.86000000
-35.06198123 169.27414332 -61.86000000
-31.84211724 169.78411968 -61.86000000
-28.62225325 170.29409603 -61.86000000
-38.28184522 168.76416697 -65.12000000
-35.06198123 169.27414332 -65.12000000
-31.84211724 169.78411968 -65.12000000
-28.62225325 170.29409603 -65.12000000
0.00000000 0.00000000 0.00000000
0.00000000 0.00000000 0.00000000
-51.16130118 166.72426154 -61.86000000
-47.94143719 167.23423790 -61.86000000
-44.72157320 167.74421425 -61.86000000
-41.50170921 168.25419061 -61.86000000
-51.16130118 166.72426154 -65.12000000
-47.94143719 167.23423790 -65.12000000
-44.72157320 167.74421425 -65.12000000
-41.50170921 168.25419061 -65.12000000
-28.62225325 170.29409603 -58.60000000
-31.84211724 169.78411968 -58.60000000
-35.06198123 169.27414332 -58.60000000
-38.28184522 168.76416697 -58.60000000
-28.62225325 170.29409603 -55.34000000
-31.84211724 169.78411968 -55.34000000
-35.06198123 169.27414332 -55.34000000
-38.28184522 168.76416697 -55.34000000
0.00000000 0.00000000 0.00000000
0.00000000 0.00000000 0.00000000
-41.50170921 168.25419061 -58.60000000
-44.72157320 167.74421425 -58.60000000
-47.94143719 167.23423790 -58.60000000
-51.16130118 166.72426154 -58.60000000
-41.50170921 168.25419061 -55.34000000
-44.72157320 167.74421425 -55.34000000
-47.94143719 167.23423790 -55.34000000
-51.16130118 166.72426154 -55.34000000
-15.74279728 172.33400146 -31.90000000
-18.96266127 171.82402510 -31.90000000
-22.18252527 171.31404875 -31.90000000
-25.40238926 170.80407239 -31.90000000
-15.74279728 172.33400146 -28.64000000
-18.96266127 171.82402510 -28.64000000
-22.18252527 171.31404875 -28.64000000
-25.40238926 170.80407239 -28.64000000
0.00000000 0.00000000 0.00000000
0.00000000 0.00000000 0.00000000
-2.86334132 174.37390688 -31.90000000
-6.08320531 173.86393053 -31.90000000
-9.30306930 173.35395417 -31.90000000
-12.52293329 172.84397781 -31.90000000
-2.86334132 174.37390688 -28.64000000
-6.08320531 173.86393053 -28.64000000
-9.30306930 173.35395417 -28.64000000
-12.52293329 172.84397781 -28.64000000
-25.40238926 170.80407239 -35.16000000
-22.18252527 171.31404875 -35.16000000
-18.96266127 171.82402510 -35.16000000
-15.74279728 172.33400146 -35.16000000
-25.40238926 170.80407239 -38.42000000
-22.18252527 171.31404875 -38.42000000
-18.96266127 171.82402510 -38.42000000
-15.74279728 172.33400146 -38.42000000
0.00000000 0.00000000 0.00000000
0.00000000 0.00000000 0.00000000
-12.52293329 172.84397781 -35.16000000
-9.30306930 173.35395417 -35.16000000
-6.08320531 173.86393053 -35.16000000
-2.86334132 174.37390688 -35.16000000
-12.52293329 172.84397781 -38.42000000
-9.30306930 173.35395417 -38.42000000
-6.08320531 173.86393053 -38.42000000
-2.86334132 174.37390688 -38.42000000
-15.74279728 172.33400146 -44.94000000
-18.96266127 171.82402510 -44.94000000
-22.18252527 171.31404875 -44.94000000
-25.40238926 170.80407239 -44.94000000
-15.74279728 172.33400146 -41.68000000
-18.96266127 171.82402510 -41.68000000
-22.18252527 171.31404875 -41.68000000
-25.40238926 170.80407239 -41.68000000
0.00000000 0.00000000 0.00000000
0.00000000 0.00000000 0.00000000
-2.86334132 174.37390688 -44.94000000
-6.08320531 173.86393053 -44.94000000
-9.30306930 173.35395417 -44.94000000
-12.52293329 172.84397781 -44.94000000
-2.86334132 174.37390688 -41.68000000
-6.08320531 173.86393053 -41.68000000
-9.30306930 173.35395417 -41.68000000
-12.52293329 172.84397781 -41.68000000
-25.40238926 170.80407239 -48.20000000
-22.18252527 171.31404875 -48.20000000
-18.96266127 171.82402510 -48.20000000
-15.74279728 172.33400146 -48.20000000
-25.40238926 170.80407239 -51.46000000
-22.18252527 171.31404875 -51.46000000
-18.96266127 171.82402510 -51.46000000
-15.74279728 172.33400146 -51.46000000
0.00000000 0.00000000 0.00000000
0.00000000 0.00000000 0.00000000
-12.52293329 172.84397781 -48.20000000
-9.30306930 173.35395417 -48.20000000
-6.08320531 173.86393053 -48.20000000
-2.86334132 174.37390688 -48.20000000
-12.52293329 172.84397781 -51.46000000
-9.30306930 173.35395417 -51.46000000
-6.08320531 173.86393053 -51.46000000
-2.86334132 174.37390688 -51.46000000
-38.28184522 168.76416697 -48.20000000
-35.06198123 169.27414332 -48.20000000
-31.84211724 169.78411968 -48.20000000
-28.62225325 170.29409603 -48.20000000
-38.28184522 168.76416697 -51.46000000
-35.06198123 169.27414332 -51.46000000
-31.84211724 169.78411968 -51.46000000
-28.62225325 170.29409603 -51.46000000
0.00000000 0.00000000 0.00000000
0.00000000 0.00000000 0.00000000
-51.16130118 166.72426154 -48.20000000
-47.94143719 167.23423790 -48.20000000
-44.72157320 167.74421425 -48.20000000
-41.50170921 168.25419061 -48.20000000
-51.16130118 166.72426154 -51.46000000
-47.94143719 167.23423790 -51.46000000
-44.72157320 167.74421425 -51.46000000
-41.50170921 168.25419061 -51.46000000
-28.62225325 170.29409603 -44.94000000
-31.84211724 169.78411968 -44.94000000
-35.06198123 169.27414332 -44.94000000
-38.28184522 168.76416697 -44.94000000
-28.62225325 170.29409603 -41.68000000
-31.84211724 169.78411968 -41.68000000
-35.06198123 169.27414332 -41.68000000
-38.28184522 168.76416697 -41.68000000
0.00000000 0.00000000 0.00000000
0.00000000 0.00000000 0.00000000
-41.50170921 168.25419061 -44.94000000
-44.72157320 167.74421425 -44.94000000
-47.94143719 167.23423790 -44.94000000
-51.16130118 166.72426154 -44.94000000
-41.50170921 168.25419061 -41.68000000
-44.72157320 167.74421425 -41.68000000
-47.94143719 167.23423790 -41.68000000
-51.16130118 166.72426154 -41.68000000
-38.28184522 168.76416697 -35.16000000
-35.06198123 169.27414332 -35.16000000
-31.84211724 169.78411968 -35.16000000
-28.62225325 170.29409603 -35.16000000
-38.28184522 168.76416697 -38.42000000
-35.06198123 169.27414332 -38.42000000
-31.84211724 169.78411968 -38.42000000
-28.62225325 170.29409603 -38.42000000
0.00000000 0.00000000 0.00000000
0.00000000 0.00000000 0.00000000
-51.16130118 166.72426154 -35.16000000
-47.94143719 167.23423790 -35.16000000
-44.72157320 167.74421425 -35.16000000
-41.50170921 168.25419061 -35.16000000
-51.16130118 166.72426154 -38.42000000
-47.94143719 167.23423790 -38.42000000
-44.72157320 167.74421425 -38.42000000
-41.50170921 168.25419061 -38.42000000
-28.62225325 170.29409603 -31.90000000
-31.84211724 169.78411968 -31.90000000
-35.06198123 169.27414332 -31.90000000
-38.28184522 168.76416697 -31.90000000
-28.62225325 170.29409603 -28.64000000
-31.84211724 169.78411968 -28.64000000
-35.06198123 169.27414332 -28.64000000
-38.28184522 168.76416697 -28.64000000
0.00000000 0.00000000 0.00000000
0.00000000 0.00000000 0.00000000
-41.50170921 168.25419061 -31.90000000
-44.72157320 167.74421425 -31.90000000
-47.94143719 167.23423790 -31.90000000
-51.16130118 166.72426154 -31.90000000
-41.50170921 168.25419061 -28.64000000
-44.72157320 167.74421425 -28.64000000
-47.94143719 167.23423790 -28.64000000
-51.16130118 166.72426154 -28.64000000
-15.74279728 172.33400146 -5.20000000
-18.96266127 171.82402510 -5.20000000
-22.18252527 171.31404875 -5.20000000
-25.40238926 170.80407239 -5.20000000
-15.74279728 172.33400146 -1.94000000
-18.96266127 171.82402510 -1.94000000
-22.18252527 171.31404875 -1.94000000
-25.40238926 170.80407239 -1.94000000
0.00000000 0.00000000 0.00000000
0.00000000 0.00000000 0.00000000
-2.86334132 174.37390688 -5.20000000
-6.08320531 173.86393053 -5.20000000
-9.30306930 173.35395417 -5.20000000
-12.52293329 172.84397781 -5.20000000
-2.86334132 174.37390688 -1.94000000
-6.08320531 173.86393053 -1.94000000
-9.30306930 173.35395417 -1.94000000
-12.52293329 172.84397781 -1.94000000
-25.40238926 170.80407239 -8.46000000
-22.18252527 171.31404875 -8.46000000
-18.96266127 171.82402510 -8.46000000
-15.74279728 172.33400146 -8.46000000
-25.40238926 170.80407239 -11.72000000
-22.18252527 171.31404875 -11.72000000
-18.96266127 171.82402510 -11.72000000
-15.74279728 172.33400146 -11.72000000
0.00000000 0.00000000 0.00000000
0.00000000 0.00000000 0.00000000
-12.52293329 172.84397781 -8.46000000
-9.30306930 173.35395417 -8.46000000
-6.08320531 173.86393053 -8.46000000
-2.86334132 174.37390688 -8.46000000
-12.52293329 172.84397781 -11.72000000
-9.30306930 173.35395417 -11.72000000
-6.08320531 173.86393053 -11.72000000
-2.86334132 174.37390688 -11.72000000
-15.74279728 172.33400146 -18.24000000
-18.96266127 171.82402510 -18.24000000
-22.18252527 171.31404875 -18.24000000
-25.40238926 170.80407239 -18.24000000
-15.74279728 172.33400146 -14.98000000
-18.96266127 171.82402510 -14.98000000
-22.18252527 171.31404875 -14.98000000
-25.40238926 170.80407239 -14.98000000
0.00000000 0.00000000 0.00000000
0.00000000 0.00000000 0.00000000
-2.86334132 174.37390688 -18.24000000
-6.08320531 173.86393053 -18.24000000
-9.30306930 173.35395417 -18.24000000
-12.52293329 172.84397781 -18.24000000
-2.86334132 174.37390688 -14.98000000
-6.08320531 173.86393053 -14.98000000
-9.30306930 173.35395417 -14.98000000
-12.52293329 172.84397781 -14.98000000
-25.40238926 170.80407239 -21.50000000
-22.18252527 171.31404875 -21.50000000
-18.96266127 171.82402510 -21.50000000
-15.74279728 172.33400146 -21.50000000
-25.40238926 170.80407239 -24.76000000
-22.18252527 171.31404875 -24.76000000
-18.96266127 171.82402510 -24.76000000
-15.74279728 172.33400146 -24.76000000
0.00000000 0.00000000 0.00000000
0.00000000 0.00000000 0.00000000
-12.52293329 172.84397781 -21.50000000
-9.30306930 173.35395417 -21.50000000
-6.08320531 173.86393053 -21.50000000
-2.86334132 174.37390688 -21.50000000
-12.52293329 172.84397781 -24.76000000
-9.30306930 173.35395417 -24.76000000
-6.08320531 173.86393053 -24.76000000
-2.86334132 174.37390688 -24.76000000
-38.28184522 168.76416697 -21.50000000
-35.06198123 169.27414332 -21.50000000
-31.84211724 169.78411968 -21.50000000
-28.62225325 170.29409603 -21.50000000
-38.28184522 168.76416697 -24.76000000
-35.06198123 169.27414332 -24.76000000
-31.84211724 169.78411968 -24.76000000
-28.62225325 170.29409603 -24.76000000
0.00000000 0.00000000 0.00000000
0.00000000 0.00000000 0.00000000
-51.16130118 166.72426154 -21.50000000
-47.94143719 167.23423790 -21.50000000
-44.72157320 167.74421425 -21.50000000
-41.50170921 168.25419061 -21.50000000
-51.16130118 166.72426154 -24.76000000
-47.94143719 167.23423790 -24.76000000
-44.72157320 167.74421425 -24.76000000
-41.50170921 168.25419061 -24.76000000
-28.62225325 170.29409603 -18.24000000
-31.84211724 169.78411968 -18.24000000
-35.06198123 169.27414332 -18.24000000
-38.28184522 168.76416697 -18.24000000
-28.62225325 170.29409603 -14.98000000
-31.84211724 169.78411968 -14.98000000
-35.06198123 169.27414332 -14.98000000
-38.28184522 168.76416697 -14.98000000
0.00000000 0.00000000 0.00000000
0.00000000 0.00000000 0.00000000
-41.50170921 168.25419061 -18.24000000
-44.72157320 167.74421425 -18.24000000
-47.94143719 167.23423790 -18.24000000
-51.16130118 166.72426154 -18.24000000
-41.50170921 168.25419061 -14.98000000
-44.72157320 167.74421425 -14.98000000
-47.94143719 167.23423790 -14.98000000
-51.16130118 166.72426154 -14.98000000
-38.28184522 168.76416697 -8.46000000
-35.06198123 169.27414332 -8.46000000
-31.84211724 169.78411968 -8.46000000
-28.62225325 170.29409603 -8.46000000
-38.28184522 168.76416697 -11.72000000
-35.06198123 169.27414332 -11.72000000
-31.84211724 169.78411968 -11.72000000
-28.62225325 170.29409603 -11.72000000
0.00000000 0.00000000 0.00000000
0.00000000 0.00000000 0.00000000
-51.16130118 166.72426154 -8.46000000
-47.94143719 167.23423790 -8.46000000
-44.72157320 167.74421425 -8.46000000
-41.50170921 168.25419061 -8.46000000
-51.16130118 166.72426154 -11.72000000
-47.94143719 167.23423790 -11.72000000
-44.72157320 167.74421425 -11.72000000
-41.50170921 168.25419061 -11.72000000
-28.62225325 170.29409603 -5.20000000
-31.84211724 169.78411968 -5.20000000
-35.06198123 169.27414332 -5.20000000
-38.28184522 168.76416697 -5.20000000
-28.62225325 170.29409603 -1.94000000
-31.84211724 169.78411968 -1.94000000
-35.06198123 169.27414332 -1.94000000
-38.28184522 168.76416697 -1.94000000
0.00000000 0.00000000 0.00000000
0.00000000 0.00000000 0.00000000
-41.50170921 168.25419061 -5.20000000
-44.72157320 167.74421425 -5.20000000
-47.94143719 167.23423790 -5.20000000
-51.16130118 166.72426154 -5.20000000
-41.50170921 168.25419061 -1.94000000
-44.72157320 167.74421425 -1.94000000
-47.94143719 167.23423790 -1.94000000
-51.16130118 166.72426154 -1.94000000
-15.74279728 172.33400146 21.50000000
-18.96266127 171.82402510 21.50000000
-22.18252527 171.31404875 21.50000000
-25.40238926 170.80407239 21.50000000
-15.74279728 172.33400146 24.76000000
-18.96266127 171.82402510 24.76000000
-22.18252527 171.31404875 24.76000000
-25.40238926 170.80407239 24.76000000
0.00000000 0.00000000 0.00000000
0.00000000 0.00000000 0.00000000
-2.86334132 174.37390688 21.50000000
-6.08320531 173.86393053 21.50000000
-9.30306930 173.35395417 21.50000000
-12.52293329 172.84397781 21.50000000
-2.86334132 174.37390688 24.76000000
-6.08320531 173.86393053 24.76000000
-9.30306930 173.35395417 24.76000000
-12.52293329 172.84397781 24.76000000
-25.40238926 170.80407239 18.24000000
-22.18252527 171.31404875 18.24000000
-18.96266127 171.82402510 18.24000000
-15.74279728 172.33400146 18.24000000
-25.40238926 170.80407239 14.98000000
-22.18252527 171.31404875 14.98000000
-18.96266127 171.82402510 14.98000000
-15.74279728 172.33400146 14.98000000
0.00000000 0.00000000 0.00000000
0.00000000 0.00000000 0.00000000
-12.52293329 172.84397781 18.24000000
-9.30306930 173.35395417 18.24000000
-6.08320531 173.86393053 18.24000000
-2.86334132 174.37390688 18.24000000
-12.52293329 172.84397781 14.98000000
-9.30306930 173.35395417 14.98000000
-6.08320531 173.86393053 14.98000000
-2.86334132 174.37390688 14.98000000
-15.74279728 172.33400146 8.46000000
-18.96266127 171.82402510 8.46000000
-22.18252527 171.31404875 8.46000000
-25.40238926 170.80407239 8.46000000
-15.74279728 172.33400146 11.72000000
-18.96266127 171.82402510 11.72000000
-22.18252527 171.31404875 11.72000000
-25.40238926 170.80407239 11.72000000
0.00000000 0.00000000 0.00000000
0.00000000 0.00000000 0.00000000
-2.86334132 174.37390688 8.46000000
-6.08320531 173.86393053 8.46000000
-9.30306930 173.35395417 8.46000000
-12.52293329 172.84397781 8.46000000
-2.86334132 174.37390688 11.72000000
-6.08320531 173.86393053 11.72000000
-9.30306930 173.35395417 11.72000000
-12.52293329 172.84397781 11.72000000
-25.40238926 170.80407239 5.20000000
-22.18252527 171.31404875 5.20000000
-18.96266127 171.82402510 5.20000000
-15.74279728 172.33400146 5.20000000
-25.40238926 170.80407239 1.94000000
-22.18252527 171.31404875 1.94000000
-18.96266127 171.82402510 1.94000000
-15.74279728 172.33400146 1.94000000
0.00000000 0.00000000 0.00000000
0.00000000 0.00000000 0.00000000
-12.52293329 172.84397781 5.20000000
-9.30306930 173.35395417 5.20000000
-6.08320531 173.86393053 5.20000000
-2.86334132 174.37390688 5.20000000
-12.52293329 172.84397781 1.94000000
-9.30306930 173.35395417 1.94000000
-6.08320531 173.86393053 1.94000000
-2.86334132 174.37390688 1.94000000
-38.28184522 168.76416697 5.20000000
-35.06198123 169.27414332 5.20000000
-31.84211724 169.78411968 5.20000000
-28.62225325 170.29409603 5.20000000
-38.28184522 168.76416697 1.94000000
-35.06198123 169.27414332 1.94000000
-31.84211724 169.78411968 1.94000000
-28.62225325 170.29409603 1.94000000
0.00000000 0.00000000 0.00000000
0.00000000 0.00000000 0.00000000
-51.16130118 166.72426154 5.20000000
-47.94143719 167.23423790 5.20000000
-44.72157320 167.74421425 5.20000000
-41.50170921 168.25419061 5.20000000
-51.16130118 166.72426154 1.94000000
-47.94143719 167.23423790 1.94000000
-44.72157320 167.74421425 1.94000000
-41.50170921 168.25419061 1.94000000
-28.62225325 170.29409603 8.46000000
-31.84211724 169.78411968 8.46000000
-35.06198123 169.27414332 8.46000000
-38.28184522 168.76416697 8.46000000
-28.62225325 170.29409603 11.72000000
-31.84211724 169.78411968 11.72000000
-35.06198123 169.27414332 11.72000000
-38.28184522 168.76416697 11.72000000
0.00000000 0.00000000 0.00000000
0.00000000 0.00000000 0.00000000
-41.50170921 168.25419061 8.46000000
-44.72157320 167.74421425 8.46000000
-47.94143719 167.23423790 8.46000000
-51.16130118 166.72426154 8.46000000
-41.50170921 168.25419061 11.72000000
-44.72157320 167.74421425 11.72000000
-47.94143719 167.23423790 11.72000000
-51.16130118 166.72426154 11.72000000
-38.28184522 168.76416697 18.24000000
-35.06198123 169.27414332 18.24000000
-31.84211724 169.78411968 18.24000000
-28.62225325 170.29409603 18.24000000
-38.28184522 168.76416697 14.98000000
-35.06198123 169.27414332 14.98000000
-31.84211724 169.78411968 14.98000000
-28.62225325 170.29409603 14.98000000
0.00000000 0.00000000 0.00000000
0.00000000 0.00000000 0.00000000
-51.16130118 166.72426154 18.24000000
-47.94143719 167.23423790 18.24000000
-44.72157320 167.74421425 18.24000000
-41.50170921 168.25419061 18.24000000
-51.16130118 166.72426154 14.98000000
-47.94143719 167.23423790 14.98000000
-44.72157320 167.74421425 14.98000000
-41.50170921 168.25419061 14.98000000
-28.62225325 170.29409603 21.50000000
-31.84211724 169.78411968 21.50000000
-35.06198123 169.27414332 21.50000000
-38.28184522 168.76416697 21.50000000
-28.62225325 170.29409603 24.76000000
-31.84211724 169.78411968 24.76000000
-35.06198123 169.27414332 24.76000000
-38.28184522 168.76416697 24.76000000
0.00000000 0.00000000 0.00000000
0.00000000 0.00000000 0.00000000
-41.50170921 168.25419061 21.50000000
-44.72157320 167.74421425 21.50000000
-47.94143719 167.23423790 21.50000000
-51.16130118 166.72426154 21.50000000
-41.50170921 168.25419061 24.76000000
-44.72157320 167.74421425 24.76000000
-47.94143719 167.23423790 24.76000000
-51.16130118 166.72426154 24.76000000
-15.74279728 172.33400146 48.20000000
-18.96266127 171.82402510 48.20000000
-22.18252527 171.31404875 48.20000000
-25.40238926 170.80407239 48.20000000
-15.74279728 172.33400146 51.46000000
-18.96266127 171.82402510 51.46000000
-22.18252527 171.31404875 51.46000000
-25.40238926 170.80407239 51.46000000
0.00000000 0.00000000 0.00000000
0.00000000 0.00000000 0.00000000
-2.86334132 174.37390688 48.20000000
-6.08320531 173.86393053 48.20000000
-9.30306930 173.35395417 48.20000000
-12.52293329 172.84397781 48.20000000
-2.86334132 174.37390688 51.46000000
-6.08320531 173.86393053 51.46000000
-9.30306930 173.35395417 51.46000000
-12.52293329 172.84397781 51.46000000
-25.40238926 170.80407239 44.94000000
-22.18252527 171.31404875 44.94000000
-18.96266127 171.82402510 44.94000000
-15.74279728 172.33400146 44.94000000
-25.40238926 170.80407239 41.68000000
-22.18252527 171.31404875 41.68000000
-18.96266127 171.82402510 41.68000000
-15.74279728 172.33400146 41.68000000
0.00000000 0.00000000 0.00000000
0.00000000 0.00000000 0.00000000
-12.52293329 172.84397781 44.94000000
-9.30306930 173.35395417 44.94000000
-6.08320531 173.86393053 44.94000000
-2.86334132 174.37390688 44.94000000
-12.52293329 172.84397781 41.68000000
-9.30306930 173.35395417 41.68000000
-6.08320531 173.86393053 41.68000000
-2.86334132 174.37390688 41.68000000
-15.74279728 172.33400146 35.16000000
-18.96266127 171.82402510 35.16000000
-22.18252527 171.31404875 35.16000000
-25.40238926 170.80407239 35.16000000
-15.74279728 172.33400146 38.42000000
-18.96266127 171.82402510 38.42000000
-22.18252527 171.31404875 38.42000000
-25.40238926 170.80407239 38.42000000
0.00000000 0.00000000 0.00000000
0.00000000 0.00000000 0.00000000
-2.86334132 174.37390688 35.16000000
-6.08320531 173.86393053 35.16000000
-9.30306930 173.35395417 35.16000000
-12.52293329 172.84397781 35.16000000
-2.86334132 174.37390688 38.42000000
-6.08320531 173.86393053 38.42000000
-9.30306930 173.35395417 38.42000000
-12.52293329 172.84397781 38.42000000
-25.40238926 170.80407239 31.90000000
-22.18252527 171.31404875 31.90000000
-18.96266127 171.82402510 31.90000000
-15.74279728 172.33400146 31.90000000
-25.40238926 170.80407239 28.64000000
-22.18252527 171.31404875 28.64000000
-18.96266127 171.82402510 28.64000000
-15.74279728 172.33400146 28.64000000
0.00000000 0.00000000 0.00000000
0.00000000 0.00000000 0.00000000
-12.52293329 172.84397781 31.90000000
-9.30306930 173.35395417 31.90000000
-6.08320531 173.86393053 31.90000000
-2.86334132 174.37390688 31.90000000
-12.52293329 172.84397781 28.64000000
-9.30306930 173.35395417 28.64000000
-6.08320531 173.86393053 28.64000000
-2.86334132 174.37390688 28.64000000
-38.28184522 168.76416697 31.90000000
-35.06198123 169.27414332 31.90000000
-31.84211724 169.78411968 31.90000000
-28.62225325 170.29409603 31.90000000
-38.28184522 168.76416697 28.64000000
-35.06198123 169.27414332 28.64000000
-31.84211724 169.78411968 28.64000000
-28.62225325 170.29409603 28.64000000
0.00000000 0.00000000 0.00000000
0.00000000 0.00000000 0.00000000
-51.16130118 166.72426154 31.90000000
-47.94143719 167.23423790 31.90000000
-44.72157320 167.74421425 31.90000000
-41.50170921 168.25419061 31.90000000
-51.16130118 166.72426154 28.64000000
-47.94143719 167.23423790 28.64000000
-44.72157320 167.74421425 28.64000000
-41.50170921 168.25419061 28.64000000
-28.62225325 170.29409603 35.16000000
-31.84211724 169.78411968 35.16000000
-35.06198123 169.27414332 35.16000000
-38.28184522 168.76416697 35.16000000
-28.62225325 170.29409603 38.42000000
-31.84211724 169.78411968 38.42000000
-35.06198123 169.27414332 38.42000000
-38.28184522 168.76416697 38.42000000
0.00000000 0.00000000 0.00000000
0.00000000 0.00000000 0.00000000
-41.50170921 168.25419061 35.16000000
-44.72157320 167.74421425 35.16000000
-47.94143719 167.23423790 35.16000000
-51.16130118 166.72426154 35.16000000
-41.50170921 168.25419061 38.42000000
-44.72157320 167.74421425 38.42000000
-47.94143719 167.23423790 38.42000000
-51.16130118 166.72426154 38.42000000
-38.28184522 168.76416697 44.94000000
-35.06198123 169.27414332 44.94000000
-31.84211724 169.78411968 44.94000000
-28.62225325 170.29409603 44.94000000
-38.28184522 168.76416697 41.68000000
-35.06198123 169.27414332 41.68000000
-31.84211724 169.78411968 41.68000000
-28.62225325 170.29409603 41.68000000
0.00000000 0.00000000 0.00000000
0.00000000 0.00000000 0.00000000
-51.16130118 166.72426154 44.94000000
-47.94143719 167.23423790 44.94000000
-44.72157320 167.74421425 44.94000000
-41.50170921 168.25419061 44.94000000
-51.16130118 166.72426154 41.68000000
-47.94143719 167.23423790 41.68000000
-44.72157320 167.74421425 41.68000000
-41.50170921 168.25419061 41.68000000
-28.62225325 170.29409603 48.20000000
-31.84211724 169.78411968 48.20000000
-35.06198123 169.27414332 48.20000000
-38.28184522 168.76416697 48.20000000
-28.62225325 170.29409603 51.46000000
-31.84211724 169.78411968 51.46000000
-35.06198123 169.27414332 51.46000000
-38.28184522 168.76416697 51.46000000
0.00000000 0.00000000 0.00000000
0.00000000 0.00000000 0.00000000
-41.50170921 168.25419061 48.20000000
-44.72157320 167.74421425 48.20000000
-47.94143719 167.23423790 48.20000000
-51.16130118 166.72426154 48.20000000
-41.50170921 168.25419061 51.46000000
-44.72157320 167.74421425 51.46000000
-47.94143719 167.23423790 51.46000000
-51.16130118 166.72426154 51.46000000
-15.74279728 172.33400146 74.90000000
-18.96266127 171.82402510 74.90000000
-22.18252527 171.31404875 74.90000000
-25.40238926 170.80407239 74.90000000
-15.74279728 172.33400146 78.16000000
-18.96266127 171.82402510 78.16000000
-22.18252527 171.31404875 78.16000000
-25.40238926 170.80407239 78.16000000
0.00000000 0.00000000 0.00000000
0.00000000 0.00000000 0.00000000
-2.86334132 174.37390688 74.90000000
-6.08320531 173.86393053 74.90000000
-9.30306930 173.35395417 74.90000000
-12.52293329 172.84397781 74.90000000
-2.86334132 174.37390688 78.16000000
-6.08320531 173.86393053 78.16000000
-9.30306930 173.35395417 78.16000000
-12.52293329 172.84397781 78.16000000
-25.40238926 170.80407239 71.64000000
-22.18252527 171.31404875 71.64000000
-18.96266127 171.82402510 71.64000000
-15.74279728 172.33400146 71.64000000
-25.40238926 170.80407239 68.38000000
-22.18252527 171.31404875 68.38000000
-18.96266127 171.82402510 68.38000000
-15.74279728 172.33400146 68.38000000
0.00000000 0.00000000 0.00000000
0.00000000 0.00000000 0.00000000
-12.52293329 172.84397781 71.64000000
-9.30306930 173.35395417 71.64000000
-6.08320531 173.86393053 71.64000000
-2.86334132 174.37390688 71.64000000
-12.52293329 172.84397781 68.38000000
-9.30306930 173.35395417 68.38000000
-6.08320531 173.86393053 68.38000000
-2.86334132 174.37390688 68.38000000
-15.74279728 172.33400146 61.86000000
-18.96266127 171.82402510 61.86000000
-22.18252527 171.31404875 61.86000000
-25.40238926 170.80407239 61.86000000
-15.74279728 172.33400146 65.12000000
-18.96266127 171.82402510 65.12000000
-22.18252527 171.31404875 65.12000000
-25.40238926 170.80407239 65.12000000
0.00000000 0.00000000 0.00000000
0.00000000 0.00000000 0.00000000
-2.86334132 174.37390688 61.86000000
-6.08320531 173.86393053 61.86000000
-9.30306930 173.35395417 61.86000000
-12.52293329 172.84397781 61.86000000
-2.86334132 174.37390688 65.12000000
-6.08320531 173.86393053 65.12000000
-9.30306930 173.35395417 65.12000000
-12.52293329 172.84397781 65.12000000
-25.40238926 170.80407239 58.60000000
-22.18252527 171.31404875 58.60000000
-18.96266127 171.82402510 58.60000000
-15.74279728 172.33400146 58.60000000
-25.40238926 170.80407239 55.34000000
-22.18252527 171.31404875 55.34000000
-18.96266127 171.82402510 55.34000000
-15.74279728 172.33400146 55.34000000
0.00000000 0.00000000 0.00000000
0.00000000 0.00000000 0.00000000
-12.52293329 172.84397781 58.60000000
-9.30306930 173.35395417 58.60000000
-6.08320531 173.86393053 58.60000000
-2.86334132 174.37390688 58.60000000
-12.52293329 172.84397781 55.34000000
-9.30306930 173.35395417 55.34000000
-6.08320531 173.86393053 55.34000000
-2.86334132 174.37390688 55.34000000
-38.28184522 168.76416697 58.60000000
-35.06198123 169.27414332 58.60000000
-31.84211724 169.78411968 58.60000000
-28.62225325 170.29409603 58.60000000
-38.28184522 168.76416697 55.34000000
-35.06198123 169.27414332 55.34000000
-31.84211724 169.78411968 55.34000000
-28.62225325 170.29409603 55.34000000
0.00000000 0.00000000 0.00000000
0.00000000 0.00000000 0.00000000
-51.16130118 166.72426154 58.60000000
-47.94143719 167.23423790 58.60000000
-44.72157320 167.74421425 58.60000000
-41.50170921 168.25419061 58.60000000
-51.16130118 166.72426154 55.34000000
-47.94143719 167.23423790 55.34000000
-44.72157320 167.74421425 55.34000000
-41.50170921 168.25419061 55.34000000
-28.62225325 170.29409603 61.86000000
-31.84211724 169.78411968 61.86000000
-35.06198123 169.27414332 61.86000000
-38.28184522 168.76416697 61.86000000
-28.62225325 170.29409603 65.12000000
-31.84211724 169.78411968 65.12000000
-35.06198123 169.27414332 65.12000000
-38.28184522 168.76416697 65.12000000
0.00000000 0.00000000 0.00000000
0.00000000 0.00000000 0.00000000
-41.50170921 168.25419061 61.86000000
-44.72157320 167.74421425 61.86000000
-47.94143719 167.23423790 61.86000000
-51.16130118 166.72426154 61.86000000
-41.50170921 168.25419061 65.12000000
-44.72157320 167.74421425 65.12000000
-47.94143719 167.23423790 65.12000000
-51.16130118 166.72426154 65.12000000
-38.28184522 168.76416697 71.64000000
-35.06198123 169.27414332 71.64000000
-31.84211724 169.78411968 71.64000000
-28.62225325 170.29409603 71.64000000
-38.28184522 168.76416697 68.38000000
-35.06198123 169.27414332 68.38000000
-31.84211724 169.78411968 68.38000000
-28.62225325 170.29409603 68.38000000
0.00000000 0.00000000 0.00000000
0.00000000 0.00000000 0.00000000
-51.16130118 166.72426154 71.64000000
-47.94143719 167.23423790 71.64000000
-44.72157320 167.74421425 71.64000000
-41.50170921 168.25419061 71.64000000
-51.16130118 166.72426154 68.38000000
-47.94143719 167.23423790 68.38000000
-44.72157320 167.74421425 68.38000000
-41.50170921 168.25419061 68.38000000
-28.62225325 170.29409603 74.90000000
-31.84211724 169.78411968 74.90000000
-35.06198123 169.27414332 74.90000000
-38.28184522 168.76416697 74.90000000
-28.62225325 170.29409603 78.16000000
-31.84211724 169.78411968 78.16000000
-35.06198123 169.27414332 78.16000000
-38.28184522 168.76416697 78.16000000
0.00000000 0.00000000 0.00000000
0.00000000 0.00000000 0.00000000
-41.50170921 168.25419061 74.90000000
-44.72157320 167.74421425 74.90000000
-47.94143719 167.23423790 74.90000000
-51.16130118 166.72426154 74.90000000
-41.50170921 168.25419061 78.16000000
-44.72157320 167.74421425 78.16000000
-47.94143719 167.23423790 78.16000000
-51.16130118 166.72426154 78.16000000
51.40491900 165.24036440 -58.60000000
48.23499306 166.00139629 -58.60000000
45.06506711 166.76242818 -58.60000000
41.89514117 167.52346006 -58.60000000
51.40491900 165.24036440 -55.34000000
48.23499306 166.00139629 -55.34000000
45.06506711 166.76242818 -55.34000000
41.89514117 167.52346006 -55.34000000
0.00000000 0.00000000 0.00000000
0.00000000 0.00000000 0.00000000
64.08462276 162.19623686 -58.60000000
60.91469682 162.95726874 -58.60000000
57.74477088 163.71830063 -58.60000000
54.57484494 164.47933252 -58.60000000
64.08462276 162.19623686 -55.34000000
60.91469682 162.95726874 -55.34000000
57.74477088 163.71830063 -55.34000000
54.57484494 164.47933252 -55.34000000
41.89514117 167.52346006 -61.86000000
45.06506711 166.76242818 -61.86000000
48.23499306 166.00139629 -61.86000000
51.40491900 165.24036440 -61.86000000
41.89514117 167.52346006 -65.12000000
45.06506711 166.76242818 -65.12000000
48.23499306 166.00139629 -65.12000000
51.40491900 165.24036440 -65.12000000
0.00000000 0.00000000 0.00000000
0.00000000 0.00000000 0.00000000
54.57484494 164.47933252 -61.86000000
57.74477088 163.71830063 -61.86000000
60.91469682 162.95726874 -61.86000000
64.08462276 162.19623686 -61.86000000
54.57484494 164.47933252 -65.12000000
57.74477088 163.71830063 -65.12000000
60.91469682 162.95726874 -65.12000000
64.08462276 162.19623686 -65.12000000
51.40491900 165.24036440 -71.64000000
48.23499306 166.00139629 -71.64000000
45.06506711 166.76242818 -71.64000000
41.89514117 167.52346006 -71.64000000
51.40491900 165.24036440 -68.38000000
48.23499306 166.00139629 -68.38000000
45.06506711 166.76242818 -68.38000000
41.89514117 167.52346006 -68.38000000
0.00000000 0.00000000 0.00000000
0.00000000 0.00000000 0.00000000
64.08462276 162.19623686 -71.64000000
60.91469682 162.95726874 -71.64000000
57.74477088 163.71830063 -71.64000000
54.57484494 164.47933252 -71.64000000
64.08462276 162.19623686 -68.38000000
60.91469682 162.95726874 -68.38000000
57.74477088 163.71830063 -68.38000000
54.57484494 164.47933252 -68.38000000
41.89514117 167.52346006 -74.90000000
45.06506711 166.76242818 -74.90000000
48.23499306 166.00139629 -74.90000000
51.40491900 165.24036440 -74.90000000
41.89514117 167.52346006 -78.16000000
45.06506711 166.76242818 -78.16000000
48.23499306 166.00139629 -78.16000000
51.40491900 165.24036440 -78.16000000
0.00000000 0.00000000 0.00000000
0.00000000 0.00000000 0.00000000
54.57484494 164.47933252 -74.90000000
57.74477088 163.71830063 -74.90000000
60.91469682 162.95726874 -74.90000000
64.08462276 162.19623686 -74.90000000
54.57484494 164.47933252 -78.16000000
57.74477088 163.71830063 -78.16000000
60.91469682 162.95726874 -78.16000000
64.08462276 162.19623686 -78.16000000
29.21543741 170.56758761 -74.90000000
32.38536335 169.80655572 -74.90000000
35.55528929 169.04552383 -74.90000000
38.72521523 168.28449195 -74.90000000
29.21543741 170.56758761 -78.16000000
32.38536335 169.80655572 -78.16000000
35.55528929 169.04552383 -78.16000000
38.72521523 168.28449195 -78.16000000
0.00000000 0.00000000 0.00000000
0.00000000 0.00000000 0.00000000
16.53573365 173.61171515 -74.90000000
19.70565959 172.85068326 -74.90000000
22.87558553 172.08965138 -74.90000000
26.04551147 171.32861949 -74.90000000
16.53573365 173.61171515 -78.16000000
19.70565959 172.85068326 -78.16000000
22.87558553 172.08965138 -78.16000000
26.04551147 171.32861949 -78.16000000
38.72521523 168.28449195 -71.64000000
35.55528929 169.04552383 -71.64000000
32.38536335 169.80655572 -71.64000000
29.21543741 170.56758761 -71.64000000
38.72521523 168.28449195 -68.38000000
35.55528929 169.04552383 -68.38000000
32.38536335 169.80655572 -68.38000000
29.21543741 170.56758761 -68.38000000
0.00000000 0.00000000 0.00000000
0.00000000 0.00000000 0.00000000
26.04551147 171.32861949 -71.64000000
22.87558553 172.08965138 -71.64000000
19.70565959 172.85068326 -71.64000000
16.53573365 173.61171515 -71.64000000
26.04551147 171.32861949 -68.38000000
22.87558553 172.08965138 -68.38000000
19.70565959 172.85068326 -68.38000000
16.53573365 173.61171515 -68.38000000
29.21543741 170.56758761 -61.86000000
32.38536335 169.80655572 -61.86000000
35.55528929 169.04552383 -61.86000000
38.72521523 168.28449195 -61.86000000
29.21543741 170.56758761 -65.12000000
32.38536335 169.80655572 -65.12000000
35.55528929 169.04552383 -65.12000000
38.72521523 168.28449195 -65.12000000
0.00000000 0.00000000 0.00000000
0.00000000 0.00000000 0.00000000
16.53573365 173.61171515 -61.86000000
19.70565959 172.85068326 -61.86000000
22.87558553 172.08965138 -61.86000000
26.04551147 171.32861949 -61.86000000
16.53573365 173.61171515 -65.12000000
19.70565959 172.85068326 -65.12000000
22.87558553 172.08965138 -65.12000000
26.04551147 171.32861949 -65.12000000
38.72521523 168.28449195 -58.60000000
35.55528929 169.04552383 -58.60000000
32.38536335 169.80655572 -58.60000000
29.21543741 170.56758761 -58.60000000
38.72521523 168.28449195 -55.34000000
35.55528929 169.04552383 -55.34000000
32.38536335 169.80655572 -55.34000000
29.21543741 170.56758761 -55.34000000
0.00000000 0.00000000 0.00000000
0.00000000 0.00000000 0.00000000
26.04551147 171.32861949 -58.60000000
22.87558553 172.08965138 -58.60000000
19.70565959 172.85068326 -58.60000000
16.53573365 173.61171515 -58.60000000
26.04551147 171.32861949 -55.34000000
22.87558553 172.08965138 -55.34000000
19.70565959 172.85068326 -55.34000000
16.53573365 173.61171515 -55.34000000
51.40491900 165.24036440 -31.90000000
48.23499306 166.00139629 -31.90000000
45.06506711 166.76242818 -31.90000000
41.89514117 167.52346006 -31.90000000
51.40491900 165.24036440 -28.64000000
48.23499306 166.00139629 -28.64000000
45.06506711 166.76242818 -28.64000000
41.89514117 167.52346006 -28.64000000
0.00000000 0.00000000 0.00000000
0.00000000 0.00000000 0.00000000
64.08462276 162.19623686 -31.90000000
60.91469682 162.95726874 -31.90000000
57.74477088 163.71830063 -31.90000000
54.57484494 164.47933252 -31.90000000
64.08462276 162.19623686 -28.64000000
60.91469682 162.95726874 -28.64000000
57.74477088 163.71830063 -28.64000000
54.57484494 164.47933252 -28.64000000
41.89514117 167.52346006 -35.16000000
45.06506711 166.76242818 -35.16000000
48.23499306 166.00139629 -35.16000000
51.40491900 165.24036440 -35.16000000
41.89514117 167.52346006 -38.42000000
45.06506711 166.76242818 -38.42000000
48.23499306 166.00139629 -38.42000000
51.40491900 165.24036440 -38.42000000
0.00000000 0.00000000 0.00000000
0.00000000 0.00000000 0.00000000
54.57484494 164.47933252 -35.16000000
57.74477088 163.71830063 -35.16000000
60.91469682 162.95726874 -35.16000000
64.08462276 162.19623686 -35.16000000
54.57484494 164.47933252 -38.42000000
57.74477088 163.71830063 -38.42000000
60.91469682 162.95726874 -38.42000000
64.08462276 162.19623686 -38.42000000
51.40491900 165.24036440 -44.94000000
48.23499306 166.00139629 -44.94000000
45.06506711 166.76242818 -44.94000000
41.89514117 167.52346006 -44.94000000
51.40491900 165.24036440 -41.68000000
48.23499306 166.00139629 -41.68000000
45.06506711 166.76242818 -41.68000000
41.89514117 167.52346006 -41.68000000
0.00000000 0.00000000 0.00000000
0.00000000 0.00000000 0.00000000
64.08462276 162.19623686 -44.94000000
60.91469682 162.95726874 -44.94000000
57.74477088 163.71830063 -44.94000000
54.57484494 164.47933252 -44.94000000
64.08462276 162.19623686 -41.68000000
60.91469682 162.95726874 -41.68000000
57.74477088 163.71830063 -41.68000000
54.57484494 164.47933252 -41.68000000
41.89514117 167.52346006 -48.20000000
45.06506711 166.76242818 -48.20000000
48.23499306 166.00139629 -48.20000000
51.40491900 165.24036440 -48.20000000
41.89514117 167.52346006 -51.46000000
45.06506711 166.76242818 -51.46000000
48.23499306 166.00139629 -51.46000000
51.40491900 165.24036440 -51.46000000
0.00000000 0.00000000 0.00000000
0.00000000 0.00000000 0.00000000
54.57484494 164.47933252 -48.20000000
57.74477088 163.71830063 -48.20000000
60.91469682 162.95726874 -48.20000000
64.08462276 162.19623686 -48.20000000
54.57484494 164.47933252 -51.46000000
57.74477088 163.71830063 -51.46000000
60.91469682 162.95726874 -51.46000000
64.08462276 162.19623686 -51.46000000
29.21543741 170.56758761 -48.20000000
32.38536335 169.80655572 -48.20000000
35.55528929 169.04552383 -48.20000000
38.72521523 168.28449195 -48.20000000
29.21543741 170.56758761 -51.46000000
32.38536335 169.80655572 -51.46000000
35.55528929 169.04552383 -51.46000000
38.72521523 168.28449195 -51.46000000
0.00000000 0.00000000 0.00000000
0.00000000 0.00000000 0.00000000
16.53573365 173.61171515 -48.20000000
19.70565959 172.85068326 -48.20000000
22.87558553 172.08965138 -48.20000000
26.04551147 171.32861949 -48.20000000
16.53573365 173.61171515 -51.46000000
19.70565959 172.85068326 -51.46000000
22.87558553 172.08965138 -51.46000000
26.04551147 171.32861949 -51.46000000
38.72521523 168.28449195 -44.94000000
35.55528929 169.04552383 -44.94000000
32.38536335 169.80655572 -44.94000000
29.21543741 170.56758761 -44.94000000
38.72521523 168.28449195 -41.68000000
35.55528929 169.04552383 -41.68000000
32.38536335 169.80655572 -41.68000000
29.21543741 170.56758761 -41.68000000
0.00000000 0.00000000 0.00000000
0.00000000 0.00000000 0.00000000
26.04551147 171.32861949 -44.94000000
22.87558553 172.08965138 -44.94000000
19.70565959 172.85068326 -44.94000000
16.53573365 173.61171515 -44.94000000
26.04551147 171.32861949 -41.68000000
22.87558553 172.08965138 -41.68000000
19.70565959 172.85068326 -41.68000000
16.53573365 173.61171515 -41.68000000
29.21543741 170.56758761 -35.16000000
32.38536335 169.80655572 -35.16000000
35.55528929 169.04552383 -35.16000000
38.72521523 168.28449195 -35.16000000
29.21543741 170.56758761 -38.42000000
32.38536335 169.80655572 -38.42000000
35.55528929 169.04552383 -38.42000000
38.72521523 168.28449195 -38.42000000
0.00000000 0.00000000 0.00000000
0.00000000 0.00000000 0.00000000
16.53573365 173.61171515 -35.16000000
19.70565959 172.85068326 -35.16000000
22.87558553 172.08965138 -35.16000000
26.04551147 171.32861949 -35.16000000
16.53573365 173.61171515 -38.42000000
19.70565959 172.85068326 -38.42000000
22.87558553 172.08965138 -38.42000000
26.04551147 171.32861949 -38.42000000
38.72521523 168.28449195 -31.90000000
35.55528929 169.04552383 -31.90000000
32.38536335 169.80655572 -31.90000000
29.21543741 170.56758761 -31.90000000
38.72521523 168.28449195 -28.64000000
35.55528929 169.04552383 -28.64000000
32.38536335 169.80655572 -28.64000000
29.21543741 170.56758761 -28.64000000
0.00000000 0.00000000 0.00000000
0.00000000 0.00000000 0.00000000
26.04551147 171.32861949 -31.90000000
22.87558553 172.08965138 -31.90000000
19.70565959 172.85068326 -31.90000000
16.53573365 173.61171515 -31.90000000
26.04551147 171.32861949 -28.64000000
22.87558553 172.08965138 -28.64000000
19.70565959 172.85068326 -28.64000000
16.53573365 173.61171515 -28.64000000
51.40491900 165.24036440 -5.20000000
48.23499306 166.00139629 -5.20000000
45.06506711 166.76242818 -5.20000000
41.89514117 167.52346006 -5.20000000
51.40491900 165.24036440 -1.94000000
48.23499306 166.00139629 -1.94000000
45.06506711 166.76242818 -1.94000000
41.89514117 167.52346006 -1.94000000
0.00000000 0.00000000 0.00000000
0.00000000 0.00000000 0.00000000
64.08462276 162.19623686 -5.20000000
60.91469682 162.95726874 -5.20000000
57.74477088 163.71830063 -5.20000000
54.57484494 164.47933252 -5.20000000
64.08462276 162.19623686 -1.94000000
60.91469682 162.95726874 -1.94000000
57.74477088 163.71830063 -1.94000000
54.57484494 164.47933252 -1.94000000
41.89514117 167.52346006 -8.46000000
45.06506711 166.76242818 -8.46000000
48.23499306 166.00139629 -8.46000000
51.40491900 165.24036440 -8.46000000
41.89514117 167.52346006 -11.72000000
45.06506711 166.76242818 -11.72000000
48.23499306 166.00139629 -11.72000000
51.40491900 165.24036440 -11.72000000
0.00000000 0.00000000 0.00000000
0.00000000 0.00000000 0.00000000
54.57484494 164.47933252 -8.46000000
57.74477088 163.71830063 -8.46000000
60.91469682 162.95726874 -8.46000000
64.08462276 162.19623686 -8.46000000
54.57484494 164.47933252 -11.72000000
57.74477088 163.71830063 -11.72000000
60.91469682 162.95726874 -11.72000000
64.08462276 162.19623686 -11.72000000
51.40491900 165.24036440 -18.24000000
48.23499306 166.00139629 -18.24000000
45.06506711 166.76242818 -18.24000000
41.89514117 167.52346006 -18.24000000
51.40491900 165.24036440 -14.98000000
48.23499306 166.00139629 -14.98000000
45.06506711 166.76242818 -14.98000000
41.89514117 167.52346006 -14.98000000
0.00000000 0.00000000 0.00000000
0.00000000 0.00000000 0.00000000
64.08462276 162.19623686 -18.24000000
60.91469682 162.95726874 -18.24000000
57.74477088 163.71830063 -18.24000000
54.57484494 164.47933252 -18.24000000
64.08462276 162.19623686 -14.98000000
60.91469682 162.95726874 -14.98000000
57.74477088 163.71830063 -14.98000000
54.57484494 164.47933252 -14.98000000
41.89514117 167.52346006 -21.50000000
45.06506711 166.76242818 -21.50000000
48.23499306 166.00139629 -21.50000000
51.40491900 165.24036440 -21.50000000
41.89514117 167.52346006 -24.76000000
45.06506711 166.76242818 -24.76000000
48.23499306 166.00139629 -24.76000000
51.40491900 165.24036440 -24.76000000
0.00000000 0.00000000 0.00000000
0.00000000 0.00000000 0.00000000
54.57484494 164.47933252 -21.50000000
57.74477088 163.71830063 -21.50000000
60.91469682 162.95726874 -21.50000000
64.08462276 162.19623686 -21.50000000
54.57484494 164.47933252 -24.76000000
57.74477088 163.71830063 -24.76000000
60.91469682 162.95726874 -24.76000000
64.08462276 162.19623686 -24.76000000
29.21543741 170.56758761 -21.50000000
32.38536335 169.80655572 -21.50000000
35.55528929 169.04552383 -21.50000000
38.72521523 168.28449195 -21.50000000
29.21543741 170.56758761 -24.76000000
32.38536335 169.80655572 -24.76000000
35.55528929 169.04552383 -24.76000000
38.72521523 168.28449195 -24.76000000
0.00000000 0.00000000 0.00000000
0.00000000 0.00000000 0.00000000
16.53573365 173.61171515 -21.50000000
19.70565959 172.85068326 -21.50000000
22.87558553 172.08965138 -21.50000000
26.04551147 171.32861949 -21.50000000
16.53573365 173.61171515 -24.76000000
19.70565959 172.85068326 -24.76000000
22.87558553 172.08965138 -24.76000000
26.04551147 171.32861949 -24.76000000
38.72521523 168.28449195 -18.24000000
35.55528929 169.04552383 -18.24000000
32.38536335 169.80655572 -18.24000000
29.21543741 170.56758761 -18.24000000
38.72521523 168.28449195 -14.98000000
35.55528929 169.04552383 -14.98000000
32.38536335 169.80655572 -14.98000000
29.21543741 170.56758761 -14.98000000
0.00000000 0.00000000 0.00000000
0.00000000 0.00000000 0.00000000
26.04551147 171.32861949 -18.24000000
22.87558553 172.08965138 -18.24000000
19.70565959 172.85068326 -18.24000000
16.53573365 173.61171515 -18.24000000
26.04551147 171.32861949 -14.98000000
22.87558553 172.08965138 -14.98000000
19.70565959 172.85068326 -14.98000000
16.53573365 173.61171515 -14.98000000
29.21543741 170.56758761 -8.46000000
32.38536335 169.80655572 -8.46000000
35.55528929 169.04552383 -8.46000000
38.72521523 168.28449195 -8.46000000
29.21543741 170.56758761 -11.72000000
32.38536335 169.80655572 -11.72000000
35.55528929 169.04552383 -11.72000000
38.72521523 168.28449195 -11.72000000
0.00000000 0.00000000 0.00000000
0.00000000 0.00000000 0.00000000
16.53573365 173.61171515 -8.46000000
19.70565959 172.85068326 -8.46000000
22.87558553 172.08965138 -8.46000000
26.04551147 171.32861949 -8.46000000
16.53573365 173.61171515 -11.72000000
19.70565959 172.85068326 -11.72000000
22.87558553 172.08965138 -11.72000000
26.04551147 171.32861949 -11.72000000
38.72521523 168.28449195 -5.20000000
35.55528929 169.04552383 -5.20000000
32.38536335 169.80655572 -5.20000000
29.21543741 170.56758761 -5.20000000
38.72521523 168.28449195 -1.94000000
35.55528929 169.04552383 -1.94000000
32.38536335 169.80655572 -1.94000000
29.21543741 170.56758761 -1.94000000
0.00000000 0.00000000 0.00000000
0.00000000 0.00000000 0.00000000
26.04551147 171.32861949 -5.20000000
22.87558553 172.08965138 -5.20000000
19.70565959 172.85068326 -5.20000000
16.53573365 173.61171515 -5.20000000
26.04551147 171.32861949 -1.94000000
22.87558553 172.08965138 -1.94000000
19.70565959 172.85068326 -1.94000000
16.53573365 173.61171515 -1.94000000
51.40491900 165.24036440 21.50000000
48.23499306 166.00139629 21.50000000
45.06506711 166.76242818 21.50000000
41.89514117 167.52346006 21.50000000
51.40491900 165.24036440 24.76000000
48.23499306 166.00139629 24.76000000
45.06506711 166.76242818 24.76000000
41.89514117 167.52346006 24.76000000
0.00000000 0.00000000 0.00000000
0.00000000 0.00000000 0.00000000
64.08462276 162.19623686 21.50000000
60.91469682 162.95726874 21.50000000
57.74477088 163.71830063 21.50000000
54.57484494 164.47933252 21.50000000
64.08462276 162.19623686 24.76000000
60.91469682 162.95726874 24.76000000
57.74477088 163.71830063 24.76000000
54.57484494 164.47933252 24.76000000
41.89514117 167.52346006 18.24000000
45.06506711 166.76242818 18.24000000
48.23499306 166.00139629 18.24000000
51.40491900 165.24036440 18.24000000
41.89514117 167.52346006 14.98000000
45.06506711 166.76242818 14.98000000
48.23499306 166.00139629 14.98000000
51.40491900 165.24036440 14.98000000
0.00000000 0.00000000 0.00000000
0.00000000 0.00000000 0.00000000
54.57484494 164.47933252 18.24000000
57.74477088 163.71830063 18.24000000
60.91469682 162.95726874 18.24000000
64.08462276 162.19623686 18.24000000
54.57484494 164.47933252 14.98000000
57.74477088 163.71830063 14.98000000
60.91469682 162.95726874 14.98000000
64.08462276 162.19623686 14.98000000
51.40491900 165.24036440 8.46000000
48.23499306 166.00139629 8.46000000
45.06506711 166.76242818 8.46000000
41.89514117 167.52346006 8.46000000
51.40491900 165.24036440 11.72000000
48.23499306 166.00139629 11.72000000
45.06506711 166.76242818 11.72000000
41.89514117 167.52346006 11.72000000
0.00000000 0.00000000 0.00000000
0.00000000 0.00000000 0.00000000
64.08462276 162.19623686 8.46000000
60.91469682 162.95726874 8.46000000
57.74477088 163.71830063 8.46000000
54.57484494 164.47933252 8.46000000
64.08462276 162.19623686 11.72000000
60.91469682 162.95726874 11.72000000
57.74477088 163.71830063 11.72000000
54.57484494 164.47933252 11.72000000
41.89514117 167.52346006 5.20000000
45.06506711 166.76242818 5.20000000
48.23499306 166.00139629 5.20000000
51.40491900 165.24036440 5.20000000
41.89514117 167.52346006 1.94000000
45.06506711 166.76242818 1.94000000
48.23499306 166.00139629 1.94000000
51.40491900 165.24036440 1.94000000
0.00000000 0.00000000 0.00000000
0.00000000 0.00000000 0.00000000
54.57484494 164.47933252 5.20000000
57.74477088 163.71830063 5.20000000
60.91469682 162.95726874 5.20000000
64.08462276 162.19623686 5.20000000
54.57484494 164.47933252 1.94000000
57.74477088 163.71830063 1.94000000
60.91469682 162.95726874 1.94000000
64.08462276 162.19623686 1.94000000
29.21543741 170.56758761 5.20000000
32.38536335 169.80655572 5.20000000
35.55528929 169.04552383 5.20000000
38.72521523 168.28449195 5.20000000
29.21543741 170.56758761 1.94000000
32.38536335 169.80655572 1.94000000
35.55528929 169.04552383 1.94000000
38.72521523 168.28449195 1.94000000
0.00000000 0.00000000 0.00000000
0.00000000 0.00000000 0.00000000
16.53573365 173.61171515 5.20000000
19.70565959 172.85068326 5.20000000
22.87558553 172.08965138 5.20000000
26.04551147 171.32861949 5.20000000
16.53573365 173.61171515 1.94000000
19.70565959 172.85068326 1.94000000
22.87558553 172.08965138 1.94000000
26.04551147 171.32861949 1.94000000
38.72521523 168.28449195 8.46000000
35.55528929 169.04552383 8.46000000
32.38536335 169.80655572 8.46000000
29.21543741 170.56758761 8.46000000
38.72521523 168.28449195 11.72000000
35.55528929 169.04552383 11.72000000
32.38536335 169.80655572 11.72000000
29.21543741 170.56758761 11.72000000
0.00000000 0.00000000 0.00000000
0.00000000 0.00000000 0.00000000
26.04551147 171.32861949 8.46000000
22.87558553 172.08965138 8.46000000
19.70565959 172.85068326 8.46000000
16.53573365 173.61171515 8.46000000
26.04551147 171.32861949 11.72000000
22.87558553 172.08965138 11.72000000
19.70565959 172.85068326 11.72000000
16.53573365 173.61171515 11.72000000
29.21543741 170.56758761 18.24000000
32.38536335 169.80655572 18.24000000
35.55528929 169.04552383 18.24000000
38.72521523 168.28449195 18.24000000
29.21543741 170.56758761 14.98000000
32.38536335 169.80655572 14.98000000
35.55528929 169.04552383 14.98000000
38.72521523 168.28449195 14.98000000
0.00000000 0.00000000 0.00000000
0.00000000 0.00000000 0.00000000
16.53573365 173.61171515 18.24000000
19.70565959 172.85068326 18.24000000
22.87558553 172.08965138 18.24000000
26.04551147 171.32861949 18.24000000
16.53573365 173.61171515 14.98000000
19.70565959 172.85068326 14.98000000
22.87558553 172.08965138 14.98000000
26.04551147 171.32861949 14.98000000
38.72521523 168.28449195 21.50000000
35.55528929 169.04552383 21.50000000
32.38536335 169.80655572 21.50000000
29.21543741 170.56758761 21.50000000
38.72521523 168.28449195 24.76000000
35.55528929 169.04552383 24.76000000
32.38536335 169.80655572 24.76000000
29.21543741 170.56758761 24.76000000
0.00000000 0.00000000 0.00000000
0.00000000 0.00000000 0.00000000
26.04551147 171.32861949 21.50000000
22.87558553 172.08965138 21.50000000
19.70565959 172.85068326 21.50000000
16.53573365 173.61171515 21.50000000
26.04551147 171.32861949 24.76000000
22.87558553 172.08965138 24.76000000
19.70565959 172.85068326 24.76000000
16.53573365 173.61171515 24.76000000
51.40491900 165.24036440 48.20000000
48.23499306 166.00139629 48.20000000
45.06506711 166.76242818 48.20000000
41.89514117 167.52346006 48.20000000
51.40491900 165.24036440 51.46000000
48.23499306 166.00139629 51.46000000
45.06506711 166.76242818 51.46000000
41.89514117 167.52346006 51.46000000
0.00000000 0.00000000 0.00000000
0.00000000 0.00000000 0.00000000
64.08462276 162.19623686 48.20000000
60.91469682 162.95726874 48.20000000
57.74477088 163.71830063 48.20000000
54.57484494 164.47933252 48.20000000
64.08462276 162.19623686 51.46000000
60.91469682 162.95726874 51.46000000
57.74477088 163.71830063 51.46000000
54.57484494 164.47933252 51.46000000
41.89514117 167.52346006 44.94000000
45.06506711 166.76242818 44.94000000
48.23499306 166.00139629 44.94000000
51.40491900 165.24036440 44.94000000
41.89514117 167.52346006 41.68000000
45.06506711 166.76242818 41.68000000
48.23499306 166.00139629 41.68000000
51.40491900 165.24036440 41.68000000
0.00000000 0.00000000 0.00000000
0.00000000 0.00000000 0.00000000
54.57484494 164.47933252 44.94000000
57.74477088 163.71830063 44.94000000
60.91469682 162.95726874 44.94000000
64.08462276 162.19623686 44.94000000
54.57484494 164.47933252 41.68000000
57.74477088 163.71830063 41.68000000
60.91469682 162.95726874 41.68000000
64.08462276 162.19623686 41.68000000
51.40491900 165.24036440 35.16000000
48.23499306 166.00139629 35.16000000
45.06506711 166.76242818 35.16000000
41.89514117 167.52346006 35.16000000
51.40491900 165.24036440 38.42000000
48.23499306 166.00139629 38.42000000
45.06506711 166.76242818 38.42000000
41.89514117 167.52346006 38.42000000
0.00000000 0.00000000 0.00000000
0.00000000 0.00000000 0.00000000
64.08462276 162.19623686 35.16000000
60.91469682 162.95726874 35.16000000
57.74477088 163.71830063 35.16000000
54.57484494 164.47933252 35.16000000
64.08462276 162.19623686 38.42000000
60.91469682 162.95726874 38.42000000
57.74477088 163.71830063 38.42000000
54.57484494 164.47933252 38.42000000
41.89514117 167.52346006 31.90000000
45.06506711 166.76242818 31.90000000
48.23499306 166.00139629 31.90000000
51.40491900 165.24036440 31.90000000
41.89514117 167.52346006 28.64000000
45.06506711 166.76242818 28.64000000
48.23499306 166.00139629 28.64000000
51.40491900 165.24036440 28.64000000
0.00000000 0.00000000 0.00000000
0.00000000 0.00000000 0.00000000
54.57484494 164.47933252 31.90000000
57.74477088 163.71830063 31.90000000
60.91469682 162.95726874 31.90000000
64.08462276 162.19623686 31.90000000
54.57484494 164.47933252 28.64000000
57.74477088 163.71830063 28.64000000
60.91469682 162.95726874 28.64000000
64.08462276 162.19623686 28.64000000
29.21543741 170.56758761 31.90000000
32.38536335 169.80655572 31.90000000
35.55528929 169.04552383 31.90000000
38.72521523 168.28449195 31.90000000
29.21543741 170.56758761 28.64000000
32.38536335 169.80655572 28.64000000
35.55528929 169.04552383 28.64000000
38.72521523 168.28449195 28.64000000
0.00000000 0.00000000 0.00000000
0.00000000 0.00000000 0.00000000
16.53573365 173.61171515 31.90000000
19.70565959 172.85068326 31.90000000
22.87558553 172.08965138 31.90000000
26.04551147 171.32861949 31.90000000
16.53573365 173.61171515 28.64000000
19.70565959 172.85068326 28.64000000
22.87558553 172.08965138 28.64000000
26.04551147 171.32861949 28.64000000
38.72521523 168.28449195 35.16000000
35.55528929 169.04552383 35.16000000
32.38536335 169.80655572 35.16000000
29.21543741 170.56758761 35.16000000
38.72521523 168.28449195 38.42000000
35.55528929 169.04552383 38.42000000
32.38536335 169.80655572 38.42000000
29.21543741 170.56758761 38.42000000
0.00000000 0.00000000 0.00000000
0.00000000 0.00000000 0.00000000
26.04551147 171.32861949 35.16000000
22.87558553 172.08965138 35.16000000
19.70565959 172.85068326 35.16000000
16.53573365 173.61171515 35.16000000
26.04551147 171.32861949 38.42000000
22.87558553 172.08965138 38.42000000
19.70565959 172.85068326 38.42000000
16.53573365 173.61171515 38.42000000
29.21543741 170.56758761 44.94000000
32.38536335 169.80655572 44.94000000
35.55528929 169.04552383 44.94000000
38.72521523 168.28449195 44.94000000
29.21543741 170.56758761 41.68000000
32.38536335 169.80655572 41.68000000
35.55528929 169.04552383 41.68000000
38.72521523 168.28449195 41.68000000
0.00000000 0.00000000 0.00000000
0.00000000 0.00000000 0.00000000
16.53573365 173.61171515 44.94000000
19.70565959 172.85068326 44.94000000
22.87558553 172.08965138 44.94000000
26.04551147 171.32861949 44.94000000
16.53573365 173.61171515 41.68000000
19.70565959 172.85068326 41.68000000
22.87558553 172.08965138 41.68000000
26.04551147 171.32861949 41.68000000
38.72521523 168.28449195 48.20000000
35.55528929 169.04552383 48.20000000
32.38536335 169.80655572 48.20000000
29.21543741 170.56758761 48.20000000
38.72521523 168.28449195 51.46000000
35.55528929 169.04552383 51.46000000
32.38536335 169.80655572 51.46000000
29.21543741 170.56758761 51.46000000
0.00000000 0.00000000 0.00000000
0.00000000 0.00000000 0.00000000
26.04551147 171.32861949 48.20000000
22.87558553 172.08965138 48.20000000
19.70565959 172.85068326 48.20000000
16.53573365 173.61171515 48.20000000
26.04551147 171.32861949 51.46000000
22.87558553 172.08965138 51.46000000
19.70565959 172.85068326 51.46000000
16.53573365 173.61171515 51.46000000
51.40491900 165.24036440 74.90000000
48.23499306 166.00139629 74.90000000
45.06506711 166.76242818 74.90000000
41.89514117 167.52346006 74.90000000
51.40491900 165.24036440 78.16000000
48.23499306 166.00139629 78.16000000
45.06506711 166.76242818 78.16000000
41.89514117 167.52346006 78.16000000
0.00000000 0.00000000 0.00000000
0.00000000 0.00000000 0.00000000
64.08462276 162.19623686 74.90000000
60.91469682 162.95726874 74.90000000
57.74477088 163.71830063 74.90000000
54.57484494 164.47933252 74.90000000
64.08462276 162.19623686 78.16000000
60.91469682 162.95726874 78.16000000
57.74477088 163.71830063 78.16000000
54.57484494 164.47933252 78.16000000
41.89514117 167.52346006 71.64000000
45.06506711 166.76242818 71.64000000
48.23499306 166.00139629 71.64000000
51.40491900 165.24036440 71.64000000
41.89514117 167.52346006 68.38000000
45.06506711 166.76242818 68.38000000
48.23499306 166.00139629 68.38000000
51.40491900 165.24036440 68.38000000
0.00000000 0.00000000 0.00000000
0.00000000 0.00000000 0.00000000
54.57484494 164.47933252 71.64000000
57.74477088 163.71830063 71.64000000
60.91469682 162.95726874 71.64000000
64.08462276 162.19623686 71.64000000
54.57484494 164.47933252 68.38000000
57.74477088 163.71830063 68.38000000
60.91469682 162.95726874 68.38000000
64.08462276 162.19623686 68.38000000
51.40491900 165.24036440 61.86000000
48.23499306 166.00139629 61.86000000
45.06506711 166.76242818 61.86000000
41.89514117 167.52346006 61.86000000
51.40491900 165.24036440 65.12000000
48.23499306 166.00139629 65.12000000
45.06506711 166.76242818 65.12000000
41.89514117 167.52346006 65.12000000
0.00000000 0.00000000 0.00000000
0.00000000 0.00000000 0.00000000
64.08462276 162.19623686 61.86000000
60.91469682 162.95726874 61.86000000
57.74477088 163.71830063 61.86000000
54.57484494 164.47933252 61.86000000
64.08462276 162.19623686 65.12000000
60.91469682 162.95726874 65.12000000
57.74477088 163.71830063 65.12000000
54.57484494 164.47933252 65.12000000
41.89514117 167.52346006 58.60000000
45.06506711 166.76242818 58.60000000
48.23499306 166.00139629 58.60000000
51.40491900 165.24036440 58.60000000
41.89514117 167.52346006 55.34000000
45.06506711 166.76242818 55.34000000
48.23499306 166.00139629 55.34000000
51.40491900 165.24036440 55.34000000
0.00000000 0.00000000 0.00000000
0.00000000 0.00000000 0.00000000
54.57484494 164.47933252 58.60000000
57.74477088 163.71830063 58.60000000
60.91469682 162.95726874 58.60000000
64.08462276 162.19623686 58.60000000
54.57484494 164.47933252 55.34000000
57.74477088 163.71830063 55.34000000
60.91469682 162.95726874 55.34000000
64.08462276 162.19623686 55.34000000
29.21543741 170.56758761 58.60000000
32.38536335 169.80655572 58.60000000
35.55528929 169.04552383 58.60000000
38.72521523 168.28449195 58.60000000
29.21543741 170.56758761 55.34000000
32.38536335 169.80655572 55.34000000
35.55528929 169.04552383 55.34000000
38.72521523 168.28449195 55.34000000
0.00000000 0.00000000 0.00000000
0.00000000 0.00000000 0.00000000
16.53573365 173.61171515 58.60000000
19.70565959 172.85068326 58.60000000
22.87558553 172.08965138 58.60000000
26.04551147 171.32861949 58.60000000
16.53573365 173.61171515 55.34000000
19.70565959 172.85068326 55.34000000
22.87558553 172.08965138 55.34000000
26.04551147 171.32861949 55.34000000
38.72521523 168.28449195 61.86000000
35.55528929 169.04552383 61.86000000
32.38536335 169.80655572 61.86000000
29.21543741 170.56758761 61.86000000
38.72521523 168.28449195 65.12000000
35.55528929 169.04552383 65.12000000
32.38536335 169.80655572 65.12000000
29.21543741 170.56758761 65.12000000
0.00000000 0.00000000 0.00000000
0.00000000 0.00000000 0.00000000
26.04551147 171.32861949 61.86000000
22.87558553 172.08965138 61.86000000
19.70565959 172.85068326 61.86000000
16.53573365 173.61171515 61.86000000
26.04551147 171.32861949 65.12000000
22.87558553 172.08965138 65.12000000
19.70565959 172.85068326 65.12000000
16.53573365 173.61171515 65.12000000
29.21543741 170.56758761 71.64000000
32.38536335 169.80655572 71.64000000
35.55528929 169.04552383 71.64000000
38.72521523 168.28449195 71.64000000
29.21543741 170.56758761 68.38000000
32.38536335 169.80655572 68.38000000
35.55528929 169.04552383 68.38000000
38.72521523 168.28449195 68.38000000
0.00000000 0.00000000 0.00000000
0.00000000 0.00000000 0.00000000
16.53573365 173.61171515 71.64000000
19.70565959 172.85068326 71.64000000
22.87558553 172.08965138 71.64000000
26.04551147 171.32861949 71.64000000
16.53573365 173.61171515 68.38000000
19.70565959 172.85068326 68.38000000
22.87558553 172.08965138 68.38000000
26.04551147 171.32861949 68.38000000
38.72521523 168.28449195 74.90000000
35.55528929 169.04552383 74.90000000
32.38536335 169.80655572 74.90000000
29.21543741 170.56758761 74.90000000
38.72521523 168.28449195 78.16000000
35.55528929 169.04552383 78.16000000
32.38536335 169.80655572 78.16000000
29.21543741 170.56758761 78.16000000
0.00000000 0.00000000 0.00000000
0.00000000 0.00000000 0.00000000
26.04551147 171.32861949 74.90000000
22.87558553 172.08965138 74.90000000
19.70565959 172.85068326 74.90000000
16.53573365 173.61171515 74.90000000
26.04551147 171.32861949 78.16000000
22.87558553 172.08965138 78.16000000
19.70565959 172.85068326 78.16000000
16.53573365 173.61171515 78.16000000
