110.72670235 132.99037978 -58.60000000 182.70414260
108.08930694 134.90655970 -58.60000000 182.52955411
105.45191154 136.82273962 -58.60000000 182.41306895
102.81451614 138.73891954 -58.60000000 182.35479847
110.72670235 132.99037978 -55.34000000 181.68478011
108.08930694 134.90655970 -55.34000000 181.50921113
105.45191154 136.82273962 -55.34000000 181.39207073
102.81451614 138.73891954 -55.34000000 181.33347216
0.00000000 0.00000000 0.00000000 0.00000000
0.00000000 0.00000000 0.00000000 0.00000000
121.27628395 125.32566009 -58.60000000 183.97939593
118.63888855 127.24184001 -58.60000000 183.57459444
116.00149315 129.15801993 -58.60000000 183.22690994
113.36409775 131.07419985 -58.60000000 182.93666807
121.27628395 125.32566009 -55.34000000 182.96713837
118.63888855 127.24184001 -55.34000000 182.56009237
116.00149315 129.15801993 -55.34000000 182.21047205
113.36409775 131.07419985 -55.34000000 181.91860852
102.81451614 138.73891954 -61.86000000 183.42838419
105.45191154 136.82273962 -61.86000000 183.48631373
108.08930694 134.90655970 -61.86000000 183.60211798
110.72670235 132.99037978 -61.86000000 183.77568752
102.81451614 138.73891954 -65.12000000 184.55331730
105.45191154 136.82273962 -65.12000000 184.61089384
108.08930694 134.90655970 -65.12000000 184.72599310
110.72670235 132.99037978 -65.12000000 184.89850763
0.00000000 0.00000000 0.00000000 0.00000000
0.00000000 0.00000000 0.00000000 0.00000000
113.36409775 131.07419985 -61.86000000 184.00685891
116.00149315 129.15801993 -61.86000000 184.29541537
118.63888855 127.24184001 -61.86000000 184.64108786
121.27628395 125.32566009 -61.86000000 185.04355629
113.36409775 131.07419985 -65.12000000 185.12827695
116.00149315 129.15801993 -65.12000000 185.41508818
118.63888855 127.24184001 -65.12000000 185.75867712
121.27628395 125.32566009 -65.12000000 186.15872938
110.72670235 132.99037978 -71.64000000 187.29424264
108.08930694 134.90655970 -71.64000000 187.12393680
105.45191154 136.82273962 -71.64000000 187.01031342
102.81451614 138.73891954 -71.64000000 186.95347583
110.72670235 132.99037978 -68.38000000 186.07167470
108.08930694 134.90655970 -68.38000000 185.90024886
105.45191154 136.82273962 -68.38000000 185.78587709
102.81451614 138.73891954 -68.38000000 185.72866479
0.00000000 0.00000000 0.00000000 0.00000000
0.00000000 0.00000000 0.00000000 0.00000000
121.27628395 125.32566009 -71.64000000 188.53845158
118.63888855 127.24184001 -71.64000000 188.14345943
116.00149315 129.15801993 -71.64000000 187.80423351
113.36409775 131.07419985 -71.64000000 187.52107648
121.27628395 125.32566009 -68.38000000 187.32400413
118.63888855 127.24184001 -68.38000000 186.92644576
116.00149315 129.15801993 -68.38000000 186.58500724
113.36409775 131.07419985 -68.38000000 186.29999711
102.81451614 138.73891954 -74.90000000 188.22678482
105.45191154 136.82273962 -74.90000000 188.28323804
108.08930694 134.90655970 -74.90000000 188.39609371
110.72670235 132.99037978 -74.90000000 188.56525058
102.81451614 138.73891954 -78.16000000 189.54761440
105.45191154 136.82273962 -78.16000000 189.60367434
108.08930694 134.90655970 -78.16000000 189.71574454
110.72670235 132.99037978 -78.16000000 189.88372580
0.00000000 0.00000000 0.00000000 0.00000000
0.00000000 0.00000000 0.00000000 0.00000000
113.36409775 131.07419985 -74.90000000 188.79055730
116.00149315 129.15801993 -74.90000000 189.07181314
118.63888855 127.24184001 -74.90000000 189.40876887
121.27628395 125.32566009 -74.90000000 189.80112783
113.36409775 131.07419985 -78.16000000 190.10746993
116.00149315 129.15801993 -78.16000000 190.38678033
118.63888855 127.24184001 -78.16000000 190.72141286
121.27628395 125.32566009 -78.16000000 191.11107693
92.26493453 146.40363923 -74.90000000 188.56525058
94.90232994 144.48745931 -74.90000000 188.39609371
97.53972534 142.57127939 -74.90000000 188.28323804
100.17712074 140.65509946 -74.90000000 188.22678482
92.26493453 146.40363923 -78.16000000 189.88372580
94.90232994 144.48745931 -78.16000000 189.71574454
97.53972534 142.57127939 -78.16000000 189.60367434
100.17712074 140.65509946 -78.16000000 189.54761440
0.00000000 0.00000000 0.00000000 0.00000000
0.00000000 0.00000000 0.00000000 0.00000000
81.71535293 154.06835892 -74.90000000 189.80112783
84.35274833 152.15217900 -74.90000000 189.40876887
86.99014373 150.23599908 -74.90000000 189.07181314
89.62753913 148.31981915 -74.90000000 188.79055730
81.71535293 154.06835892 -78.16000000 191.11107693
84.35274833 152.15217900 -78.16000000 190.72141286
86.99014373 150.23599908 -78.16000000 190.38678033
89.62753913 148.31981915 -78.16000000 190.10746993
100.17712074 140.65509946 -71.64000000 186.95347583
97.53972534 142.57127939 -71.64000000 187.01031342
94.90232994 144.48745931 -71.64000000 187.12393680
92.26493453 146.40363923 -71.64000000 187.29424264
100.17712074 140.65509946 -68.38000000 185.72866479
97.53972534 142.57127939 -68.38000000 185.78587709
94.90232994 144.48745931 -68.38000000 185.90024886
92.26493453 146.40363923 -68.38000000 186.07167470
0.00000000 0.00000000 0.00000000 0.00000000
0.00000000 0.00000000 0.00000000 0.00000000
89.62753913 148.31981915 -71.64000000 187.52107648
86.99014373 150.23599908 -71.64000000 187.80423351
84.35274833 152.15217900 -71.64000000 188.14345943
81.71535293 154.06835892 -71.64000000 188.53845158
89.62753913 148.31981915 -68.38000000 186.29999711
86.99014373 150.23599908 -68.38000000 186.58500724
84.35274833 152.15217900 -68.38000000 186.92644576
81.71535293 154.06835892 -68.38000000 187.32400413
92.26493453 146.40363923 -61.86000000 183.77568752
94.90232994 144.48745931 -61.86000000 183.60211798
97.53972534 142.57127939 -61.86000000 183.48631373
100.17712074 140.65509946 -61.86000000 183.42838419
92.26493453 146.40363923 -65.12000000 184.89850763
94.90232994 144.48745931 -65.12000000 184.72599310
97.53972534 142.57127939 -65.12000000 184.61089384
100.17712074 140.65509946 -65.12000000 184.55331730
0.00000000 0.00000000 0.00000000 0.00000000
0.00000000 0.00000000 0.00000000 0.00000000
81.71535293 154.06835892 -61.86000000 185.04355629
84.35274833 152.15217900 -61.86000000 184.64108786
86.99014373 150.23599908 -61.86000000 184.29541537
89.62753913 148.31981915 -61.86000000 184.00685891
81.71535293 154.06835892 -65.12000000 186.15872938
84.35274833 152.15217900 -65.12000000 185.75867712
86.99014373 150.23599908 -65.12000000 185.41508818
89.62753913 148.31981915 -65.12000000 185.12827695
100.17712074 140.65509946 -58.60000000 182.35479847
97.53972534 142.57127939 -58.60000000 182.41306895
94.90232994 144.48745931 -58.60000000 182.52955411
92.26493453 146.40363923 -58.60000000 182.70414260
100.17712074 140.65509946 -55.34000000 181.33347216
97.53972534 142.57127939 -55.34000000 181.39207073
94.90232994 144.48745931 -55.34000000 181.50921113
92.26493453 146.40363923 -55.34000000 181.68478011
0.00000000 0.00000000 0.00000000 0.00000000
0.00000000 0.00000000 0.00000000 0.00000000
89.62753913 148.31981915 -58.60000000 182.93666807
86.99014373 150.23599908 -58.60000000 183.22690994
84.35274833 152.15217900 -58.60000000 183.57459444
81.71535293 154.06835892 -58.60000000 183.97939593
89.62753913 148.31981915 -55.34000000 181.91860852
86.99014373 150.23599908 -55.34000000 182.21047205
84.35274833 152.15217900 -55.34000000 182.56009237
81.71535293 154.06835892 -55.34000000 182.96713837
110.72670235 132.99037978 -31.90000000 175.96719503
108.08930694 134.90655970 -31.90000000 175.78591560
105.45191154 136.82273962 -31.90000000 175.66495873
102.81451614 138.73891954 -31.90000000 175.60444905
110.72670235 132.99037978 -28.64000000 175.40551110
108.08930694 134.90655970 -28.64000000 175.22365059
105.45191154 136.82273962 -28.64000000 175.10230531
102.81451614 138.73891954 -28.64000000 175.04160113
0.00000000 0.00000000 0.00000000 0.00000000
0.00000000 0.00000000 0.00000000 0.00000000
121.27628395 125.32566009 -31.90000000 177.29091383
118.63888855 127.24184001 -31.90000000 176.87080518
116.00149315 129.15801993 -31.90000000 176.50991622
113.36409775 131.07419985 -31.90000000 176.20861081
121.27628395 125.32566009 -28.64000000 176.73343692
118.63888855 127.24184001 -28.64000000 176.31199995
116.00149315 129.15801993 -28.64000000 175.94996483
113.36409775 131.07419985 -28.64000000 175.64769889
102.81451614 138.73891954 -35.16000000 176.22581572
105.45191154 136.82273962 -35.16000000 176.28611212
108.08930694 134.90655970 -35.16000000 176.40664309
110.72670235 132.99037978 -35.16000000 176.58728529
102.81451614 138.73891954 -38.42000000 176.90508451
105.45191154 136.82273962 -38.42000000 176.96514946
108.08930694 134.90655970 -38.42000000 177.08521826
110.72670235 132.99037978 -38.42000000 177.26516896
0.00000000 0.00000000 0.00000000 0.00000000
0.00000000 0.00000000 0.00000000 0.00000000
113.36409775 131.07419985 -35.16000000 176.82785449
116.00149315 129.15801993 -35.16000000 177.12810654
118.63888855 127.24184001 -35.16000000 177.48773852
121.27628395 125.32566009 -35.16000000 177.90639034
113.36409775 131.07419985 -38.42000000 177.50481944
116.00149315 129.15801993 -38.42000000 177.80392832
118.63888855 127.24184001 -38.42000000 178.16219612
121.27628395 125.32566009 -38.42000000 178.57926678
110.72670235 132.99037978 -44.94000000 178.79163103
108.08930694 134.90655970 -44.94000000 178.61321823
105.45191154 136.82273962 -44.94000000 178.49417729
102.81451614 138.73891954 -44.94000000 178.43462703
110.72670235 132.99037978 -41.68000000 178.00018574
108.08930694 134.90655970 -41.68000000 177.82097887
105.45191154 136.82273962 -41.68000000 177.70140721
102.81451614 138.73891954 -41.68000000 177.64159120
0.00000000 0.00000000 0.00000000 0.00000000
0.00000000 0.00000000 0.00000000 0.00000000
121.27628395 125.32566009 -44.94000000 180.09459105
118.63888855 127.24184001 -44.94000000 179.68103774
116.00149315 129.15801993 -44.94000000 179.32580440
113.36409775 131.07419985 -44.94000000 179.02923818
121.27628395 125.32566009 -41.68000000 179.30889695
118.63888855 127.24184001 -41.68000000 178.89352734
116.00149315 129.15801993 -41.68000000 178.53672710
113.36409775 131.07419985 -41.68000000 178.23884797
102.81451614 138.73891954 -48.20000000 179.28344186
105.45191154 136.82273962 -48.20000000 179.34271026
108.08930694 134.90655970 -48.20000000 179.46118835
110.72670235 132.99037978 -48.20000000 179.63875897
102.81451614 138.73891954 -51.46000000 180.18724740
105.45191154 136.82273962 -51.46000000 180.24621861
108.08930694 134.90655970 -51.46000000 180.36410321
110.72670235 132.99037978 -51.46000000 180.54078577
0.00000000 0.00000000 0.00000000 0.00000000
0.00000000 0.00000000 0.00000000 0.00000000
113.36409775 131.07419985 -48.20000000 179.87524712
116.00149315 129.15801993 -48.20000000 180.17042078
118.63888855 127.24184001 -48.20000000 180.52399210
121.27628395 125.32566009 -48.20000000 180.93561873
113.36409775 131.07419985 -51.46000000 180.77609390
116.00149315 129.15801993 -51.46000000 181.06979904
118.63888855 127.24184001 -51.46000000 181.42161758
121.27628395 125.32566009 -51.46000000 181.83121219
92.26493453 146.40363923 -48.20000000 179.63875897
94.90232994 144.48745931 -48.20000000 179.46118835
97.53972534 142.57127939 -48.20000000 179.34271026
100.17712074 140.65509946 -48.20000000 179.28344186
92.26493453 146.40363923 -51.46000000 180.54078577
94.90232994 144.48745931 -51.46000000 180.36410321
97.53972534 142.57127939 -51.46000000 180.24621861
100.17712074 140.65509946 -51.46000000 180.18724740
0.00000000 0.00000000 0.00000000 0.00000000
0.00000000 0.00000000 0.00000000 0.00000000
81.71535293 154.06835892 -48.20000000 180.93561873
84.35274833 152.15217900 -48.20000000 180.52399210
86.99014373 150.23599908 -48.20000000 180.17042078
89.62753913 148.31981915 -48.20000000 179.87524712
81.71535293 154.06835892 -51.46000000 181.83121219
84.35274833 152.15217900 -51.46000000 181.42161758
86.99014373 150.23599908 -51.46000000 181.06979904
89.62753913 148.31981915 -51.46000000 180.77609390
100.17712074 140.65509946 -44.94000000 178.43462703
97.53972534 142.57127939 -44.94000000 178.49417729
94.90232994 144.48745931 -44.94000000 178.61321823
92.26493453 146.40363923 -44.94000000 178.79163103
100.17712074 140.65509946 -41.68000000 177.64159120
97.53972534 142.57127939 -41.68000000 177.70140721
94.90232994 144.48745931 -41.68000000 177.82097887
92.26493453 146.40363923 -41.68000000 178.00018574
0.00000000 0.00000000 0.00000000 0.00000000
0.00000000 0.00000000 0.00000000 0.00000000
89.62753913 148.31981915 -44.94000000 179.02923818
86.99014373 150.23599908 -44.94000000 179.32580440
84.35274833 152.15217900 -44.94000000 179.68103774
81.71535293 154.06835892 -44.94000000 180.09459105
89.62753913 148.31981915 -41.68000000 178.23884797
86.99014373 150.23599908 -41.68000000 178.53672710
84.35274833 152.15217900 -41.68000000 178.89352734
81.71535293 154.06835892 -41.68000000 179.30889695
92.26493453 146.40363923 -35.16000000 176.58728529
94.90232994 144.48745931 -35.16000000 176.40664309
97.53972534 142.57127939 -35.16000000 176.28611212
100.17712074 140.65509946 -35.16000000 176.22581572
92.26493453 146.40363923 -38.42000000 177.26516896
94.90232994 144.48745931 -38.42000000 177.08521826
97.53972534 142.57127939 -38.42000000 176.96514946
100.17712074 140.65509946 -38.42000000 176.90508451
0.00000000 0.00000000 0.00000000 0.00000000
0.00000000 0.00000000 0.00000000 0.00000000
81.71535293 154.06835892 -35.16000000 177.90639034
84.35274833 152.15217900 -35.16000000 177.48773852
86.99014373 150.23599908 -35.16000000 177.12810654
89.62753913 148.31981915 -35.16000000 176.82785449
81.71535293 154.06835892 -38.42000000 178.57926678
84.35274833 152.15217900 -38.42000000 178.16219612
86.99014373 150.23599908 -38.42000000 177.80392832
89.62753913 148.31981915 -38.42000000 177.50481944
100.17712074 140.65509946 -31.90000000 175.60444905
97.53972534 142.57127939 -31.90000000 175.66495873
94.90232994 144.48745931 -31.90000000 175.78591560
92.26493453 146.40363923 -31.90000000 175.96719503
100.17712074 140.65509946 -28.64000000 175.04160113
97.53972534 142.57127939 -28.64000000 175.10230531
94.90232994 144.48745931 -28.64000000 175.22365059
92.26493453 146.40363923 -28.64000000 175.40551110
0.00000000 0.00000000 0.00000000 0.00000000
0.00000000 0.00000000 0.00000000 0.00000000
89.62753913 148.31981915 -31.90000000 176.20861081
86.99014373 150.23599908 -31.90000000 176.50991622
84.35274833 152.15217900 -31.90000000 176.87080518
81.71535293 154.06835892 -31.90000000 177.29091383
89.62753913 148.31981915 -28.64000000 175.64769889
86.99014373 150.23599908 -28.64000000 175.94996483
84.35274833 152.15217900 -28.64000000 176.31199995
81.71535293 154.06835892 -28.64000000 176.73343692
110.72670235 132.99037978 -5.20000000 173.12967315
108.08930694 134.90655970 -5.20000000 172.94541950
105.45191154 136.82273962 -5.20000000 172.82247459
102.81451614 138.73891954 -5.20000000 172.76096933
110.72670235 132.99037978 -1.94000000 173.06243765
108.08930694 134.90655970 -1.94000000 172.87811234
105.45191154 136.82273962 -1.94000000 172.75511953
102.81451614 138.73891954 -1.94000000 172.69359028
0.00000000 0.00000000 0.00000000 0.00000000
0.00000000 0.00000000 0.00000000 0.00000000
121.27628395 125.32566009 -5.20000000 174.47492119
118.63888855 127.24184001 -5.20000000 174.04801557
116.00149315 129.15801993 -5.20000000 173.68126129
113.36409775 131.07419985 -5.20000000 173.37504009
121.27628395 125.32566009 -1.94000000 174.40820429
118.63888855 127.24184001 -1.94000000 173.98113497
116.00149315 129.15801993 -1.94000000 173.61423941
113.36409775 131.07419985 -1.94000000 173.30789978
102.81451614 138.73891954 -8.46000000 172.88980342
105.45191154 136.82273962 -8.46000000 172.95126286
108.08930694 134.90655970 -8.46000000 173.07411628
110.72670235 132.99037978 -8.46000000 173.25823307
102.81451614 138.73891954 -11.72000000 173.07995530
105.45191154 136.82273962 -11.72000000 173.14134724
108.08930694 134.90655970 -11.72000000 173.26406588
110.72670235 132.99037978 -11.72000000 173.44798103
0.00000000 0.00000000 0.00000000 0.00000000
0.00000000 0.00000000 0.00000000 0.00000000
113.36409775 131.07419985 -8.46000000 173.50341819
116.00149315 129.15801993 -8.46000000 173.80941322
118.63888855 127.24184001 -8.46000000 174.17589766
121.27628395 125.32566009 -8.46000000 174.60249060
113.36409775 131.07419985 -11.72000000 173.69289831
116.00149315 129.15801993 -11.72000000 173.99856012
118.63888855 127.24184001 -11.72000000 174.36464700
121.27628395 125.32566009 -11.72000000 174.79077929
110.72670235 132.99037978 -18.24000000 174.01017592
108.08930694 134.90655970 -18.24000000 173.82685559
105.45191154 136.82273962 -18.24000000 173.70453456
102.81451614 138.73891954 -18.24000000 173.64334172
110.72670235 132.99037978 -14.98000000 173.69871653
108.08930694 134.90655970 -14.98000000 173.51506714
105.45191154 136.82273962 -14.98000000 173.39252615
102.81451614 138.73891954 -14.98000000 173.33122317
0.00000000 0.00000000 0.00000000 0.00000000
0.00000000 0.00000000 0.00000000 0.00000000
121.27628395 125.32566009 -18.24000000 175.34866901
118.63888855 127.24184001 -18.24000000 174.92389581
116.00149315 129.15801993 -18.24000000 174.55898179
113.36409775 131.07419985 -18.24000000 174.25430303
121.27628395 125.32566009 -14.98000000 175.03959131
118.63888855 127.24184001 -14.98000000 174.61406623
116.00149315 129.15801993 -14.98000000 174.24850337
113.36409775 131.07419985 -14.98000000 173.94328077
102.81451614 138.73891954 -21.50000000 174.01598353
105.45191154 136.82273962 -21.50000000 174.07704537
108.08930694 134.90655970 -21.50000000 174.19910483
110.72670235 132.99037978 -21.50000000 174.38203384
102.81451614 138.73891954 -24.76000000 174.44876074
105.45191154 136.82273962 -24.76000000 174.50967115
108.08930694 134.90655970 -24.76000000 174.63142823
110.72670235 132.99037978 -24.76000000 174.81390484
0.00000000 0.00000000 0.00000000 0.00000000
0.00000000 0.00000000 0.00000000 0.00000000
113.36409775 131.07419985 -21.50000000 174.62564109
116.00149315 129.15801993 -21.50000000 174.92967308
118.63888855 127.24184001 -21.50000000 175.29381542
121.27628395 125.32566009 -21.50000000 175.71769440
113.36409775 131.07419985 -24.76000000 175.05691110
116.00149315 129.15801993 -24.76000000 175.36019538
118.63888855 127.24184001 -24.76000000 175.72344558
121.27628395 125.32566009 -24.76000000 176.14629069
92.26493453 146.40363923 -21.50000000 174.38203384
94.90232994 144.48745931 -21.50000000 174.19910483
97.53972534 142.57127939 -21.50000000 174.07704537
100.17712074 140.65509946 -21.50000000 174.01598353
92.26493453 146.40363923 -24.76000000 174.81390484
94.90232994 144.48745931 -24.76000000 174.63142823
97.53972534 142.57127939 -24.76000000 174.50967115
100.17712074 140.65509946 -24.76000000 174.44876074
0.00000000 0.00000000 0.00000000 0.00000000
0.00000000 0.00000000 0.00000000 0.00000000
81.71535293 154.06835892 -21.50000000 175.71769440
84.35274833 152.15217900 -21.50000000 175.29381542
86.99014373 150.23599908 -21.50000000 174.92967308
89.62753913 148.31981915 -21.50000000 174.62564109
81.71535293 154.06835892 -24.76000000 176.14629069
84.35274833 152.15217900 -24.76000000 175.72344558
86.99014373 150.23599908 -24.76000000 175.36019538
89.62753913 148.31981915 -24.76000000 175.05691110
100.17712074 140.65509946 -18.24000000 173.64334172
97.53972534 142.57127939 -18.24000000 173.70453456
94.90232994 144.48745931 -18.24000000 173.82685559
92.26493453 146.40363923 -18.24000000 174.01017592
100.17712074 140.65509946 -14.98000000 173.33122317
97.53972534 142.57127939 -14.98000000 173.39252615
94.90232994 144.48745931 -14.98000000 173.51506714
92.26493453 146.40363923 -14.98000000 173.69871653
0.00000000 0.00000000 0.00000000 0.00000000
0.00000000 0.00000000 0.00000000 0.00000000
89.62753913 148.31981915 -18.24000000 174.25430303
86.99014373 150.23599908 -18.24000000 174.55898179
84.35274833 152.15217900 -18.24000000 174.92389581
81.71535293 154.06835892 -18.24000000 175.34866901
89.62753913 148.31981915 -14.98000000 173.94328077
86.99014373 150.23599908 -14.98000000 174.24850337
84.35274833 152.15217900 -14.98000000 174.61406623
81.71535293 154.06835892 -14.98000000 175.03959131
92.26493453 146.40363923 -8.46000000 173.25823307
94.90232994 144.48745931 -8.46000000 173.07411628
97.53972534 142.57127939 -8.46000000 172.95126286
100.17712074 140.65509946 -8.46000000 172.88980342
92.26493453 146.40363923 -11.72000000 173.44798103
94.90232994 144.48745931 -11.72000000 173.26406588
97.53972534 142.57127939 -11.72000000 173.14134724
100.17712074 140.65509946 -11.72000000 173.07995530
0.00000000 0.00000000 0.00000000 0.00000000
0.00000000 0.00000000 0.00000000 0.00000000
81.71535293 154.06835892 -8.46000000 174.60249060
84.35274833 152.15217900 -8.46000000 174.17589766
86.99014373 150.23599908 -8.46000000 173.80941322
89.62753913 148.31981915 -8.46000000 173.50341819
81.71535293 154.06835892 -11.72000000 174.79077929
84.35274833 152.15217900 -11.72000000 174.36464700
86.99014373 150.23599908 -11.72000000 173.99856012
89.62753913 148.31981915 -11.72000000 173.69289831
100.17712074 140.65509946 -5.20000000 172.76096933
97.53972534 142.57127939 -5.20000000 172.82247459
94.90232994 144.48745931 -5.20000000 172.94541950
92.26493453 146.40363923 -5.20000000 173.12967315
100.17712074 140.65509946 -1.94000000 172.69359028
97.53972534 142.57127939 -1.94000000 172.75511953
94.90232994 144.48745931 -1.94000000 172.87811234
92.26493453 146.40363923 -1.94000000 173.06243765
0.00000000 0.00000000 0.00000000 0.00000000
0.00000000 0.00000000 0.00000000 0.00000000
89.62753913 148.31981915 -5.20000000 173.37504009
86.99014373 150.23599908 -5.20000000 173.68126129
84.35274833 152.15217900 -5.20000000 174.04801557
81.71535293 154.06835892 -5.20000000 174.47492119
89.62753913 148.31981915 -1.94000000 173.30789978
86.99014373 150.23599908 -1.94000000 173.61423941
84.35274833 152.15217900 -1.94000000 173.98113497
81.71535293 154.06835892 -1.94000000 174.40820429
110.72670235 132.99037978 21.50000000 174.38203384
108.08930694 134.90655970 21.50000000 174.19910483
105.45191154 136.82273962 21.50000000 174.07704537
102.81451614 138.73891954 21.50000000 174.01598353
110.72670235 132.99037978 24.76000000 174.81390484
108.08930694 134.90655970 24.76000000 174.63142823
105.45191154 136.82273962 24.76000000 174.50967115
102.81451614 138.73891954 24.76000000 174.44876074
0.00000000 0.00000000 0.00000000 0.00000000
0.00000000 0.00000000 0.00000000 0.00000000
121.27628395 125.32566009 21.50000000 175.71769440
118.63888855 127.24184001 21.50000000 175.29381542
116.00149315 129.15801993 21.50000000 174.92967308
113.36409775 131.07419985 21.50000000 174.62564109
121.27628395 125.32566009 24.76000000 176.14629069
118.63888855 127.24184001 24.76000000 175.72344558
116.00149315 129.15801993 24.76000000 175.36019538
113.36409775 131.07419985 24.76000000 175.05691110
102.81451614 138.73891954 18.24000000 173.64334172
105.45191154 136.82273962 18.24000000 173.70453456
108.08930694 134.90655970 18.24000000 173.82685559
110.72670235 132.99037978 18.24000000 174.01017592
102.81451614 138.73891954 14.98000000 173.33122317
105.45191154 136.82273962 14.98000000 173.39252615
108.08930694 134.90655970 14.98000000 173.51506714
110.72670235 132.99037978 14.98000000 173.69871653
0.00000000 0.00000000 0.00000000 0.00000000
0.00000000 0.00000000 0.00000000 0.00000000
113.36409775 131.07419985 18.24000000 174.25430303
116.00149315 129.15801993 18.24000000 174.55898179
118.63888855 127.24184001 18.24000000 174.92389581
121.27628395 125.32566009 18.24000000 175.34866901
113.36409775 131.07419985 14.98000000 173.94328077
116.00149315 129.15801993 14.98000000 174.24850337
118.63888855 127.24184001 14.98000000 174.61406623
121.27628395 125.32566009 14.98000000 175.03959131
110.72670235 132.99037978 8.46000000 173.25823307
108.08930694 134.90655970 8.46000000 173.07411628
105.45191154 136.82273962 8.46000000 172.95126286
102.81451614 138.73891954 8.46000000 172.88980342
110.72670235 132.99037978 11.72000000 173.44798103
108.08930694 134.90655970 11.72000000 173.26406588
105.45191154 136.82273962 11.72000000 173.14134724
102.81451614 138.73891954 11.72000000 173.07995530
0.00000000 0.00000000 0.00000000 0.00000000
0.00000000 0.00000000 0.00000000 0.00000000
121.27628395 125.32566009 8.46000000 174.60249060
118.63888855 127.24184001 8.46000000 174.17589766
116.00149315 129.15801993 8.46000000 173.80941322
113.36409775 131.07419985 8.46000000 173.50341819
121.27628395 125.32566009 11.72000000 174.79077929
118.63888855 127.24184001 11.72000000 174.36464700
116.00149315 129.15801993 11.72000000 173.99856012
113.36409775 131.07419985 11.72000000 173.69289831
102.81451614 138.73891954 5.20000000 172.76096933
105.45191154 136.82273962 5.20000000 172.82247459
108.08930694 134.90655970 5.20000000 172.94541950
110.72670235 132.99037978 5.20000000 173.12967315
102.81451614 138.73891954 1.94000000 172.69359028
105.45191154 136.82273962 1.94000000 172.75511953
108.08930694 134.90655970 1.94000000 172.87811234
110.72670235 132.99037978 1.94000000 173.06243765
0.00000000 0.00000000 0.00000000 0.00000000
0.00000000 0.00000000 0.00000000 0.00000000
113.36409775 131.07419985 5.20000000 173.37504009
116.00149315 129.15801993 5.20000000 173.68126129
118.63888855 127.24184001 5.20000000 174.04801557
121.27628395 125.32566009 5.20000000 174.47492119
113.36409775 131.07419985 1.94000000 173.30789978
116.00149315 129.15801993 1.94000000 173.61423941
118.63888855 127.24184001 1.94000000 173.98113497
121.27628395 125.32566009 1.94000000 174.40820429
92.26493453 146.40363923 5.20000000 173.12967315
94.90232994 144.48745931 5.20000000 172.94541950
97.53972534 142.57127939 5.20000000 172.82247459
100.17712074 140.65509946 5.20000000 172.76096933
92.26493453 146.40363923 1.94000000 173.06243765
94.90232994 144.48745931 1.94000000 172.87811234
97.53972534 142.57127939 1.94000000 172.75511953
100.17712074 140.65509946 1.94000000 172.69359028
0.00000000 0.00000000 0.00000000 0.00000000
0.00000000 0.00000000 0.00000000 0.00000000
81.71535293 154.06835892 5.20000000 174.47492119
84.35274833 152.15217900 5.20000000 174.04801557
86.99014373 150.23599908 5.20000000 173.68126129
89.62753913 148.31981915 5.20000000 173.37504009
81.71535293 154.06835892 1.94000000 174.40820429
84.35274833 152.15217900 1.94000000 173.98113497
86.99014373 150.23599908 1.94000000 173.61423941
89.62753913 148.31981915 1.94000000 173.30789978
100.17712074 140.65509946 8.46000000 172.88980342
97.53972534 142.57127939 8.46000000 172.95126286
94.90232994 144.48745931 8.46000000 173.07411628
92.26493453 146.40363923 8.46000000 173.25823307
100.17712074 140.65509946 11.72000000 173.07995530
97.53972534 142.57127939 11.72000000 173.14134724
94.90232994 144.48745931 11.72000000 173.26406588
92.26493453 146.40363923 11.72000000 173.44798103
0.00000000 0.00000000 0.00000000 0.00000000
0.00000000 0.00000000 0.00000000 0.00000000
89.62753913 148.31981915 8.46000000 173.50341819
86.99014373 150.23599908 8.46000000 173.80941322
84.35274833 152.15217900 8.46000000 174.17589766
81.71535293 154.06835892 8.46000000 174.60249060
89.62753913 148.31981915 11.72000000 173.69289831
86.99014373 150.23599908 11.72000000 173.99856012
84.35274833 152.15217900 11.72000000 174.36464700
81.71535293 154.06835892 11.72000000 174.79077929
92.26493453 146.40363923 18.24000000 174.01017592
94.90232994 144.48745931 18.24000000 173.82685559
97.53972534 142.57127939 18.24000000 173.70453456
100.17712074 140.65509946 18.24000000 173.64334172
92.26493453 146.40363923 14.98000000 173.69871653
94.90232994 144.48745931 14.98000000 173.51506714
97.53972534 142.57127939 14.98000000 173.39252615
100.17712074 140.65509946 14.98000000 173.33122317
0.00000000 0.00000000 0.00000000 0.00000000
0.00000000 0.00000000 0.00000000 0.00000000
81.71535293 154.06835892 18.24000000 175.34866901
84.35274833 152.15217900 18.24000000 174.92389581
86.99014373 150.23599908 18.24000000 174.55898179
89.62753913 148.31981915 18.24000000 174.25430303
81.71535293 154.06835892 14.98000000 175.03959131
84.35274833 152.15217900 14.98000000 174.61406623
86.99014373 150.23599908 14.98000000 174.24850337
89.62753913 148.31981915 14.98000000 173.94328077
100.17712074 140.65509946 21.50000000 174.01598353
97.53972534 142.57127939 21.50000000 174.07704537
94.90232994 144.48745931 21.50000000 174.19910483
92.26493453 146.40363923 21.50000000 174.38203384
100.17712074 140.65509946 24.76000000 174.44876074
97.53972534 142.57127939 24.76000000 174.50967115
94.90232994 144.48745931 24.76000000 174.63142823
92.26493453 146.40363923 24.76000000 174.81390484
0.00000000 0.00000000 0.00000000 0.00000000
0.00000000 0.00000000 0.00000000 0.00000000
89.62753913 148.31981915 21.50000000 174.62564109
86.99014373 150.23599908 21.50000000 174.92967308
84.35274833 152.15217900 21.50000000 175.29381542
81.71535293 154.06835892 21.50000000 175.71769440
89.62753913 148.31981915 24.76000000 175.05691110
86.99014373 150.23599908 24.76000000 175.36019538
84.35274833 152.15217900 24.76000000 175.72344558
81.71535293 154.06835892 24.76000000 176.14629069
110.72670235 132.99037978 48.20000000 179.63875897
108.08930694 134.90655970 48.20000000 179.46118835
105.45191154 136.82273962 48.20000000 179.34271026
102.81451614 138.73891954 48.20000000 179.28344186
110.72670235 132.99037978 51.46000000 180.54078577
108.08930694 134.90655970 51.46000000 180.36410321
105.45191154 136.82273962 51.46000000 180.24621861
102.81451614 138.73891954 51.46000000 180.18724740
0.00000000 0.00000000 0.00000000 0.00000000
0.00000000 0.00000000 0.00000000 0.00000000
121.27628395 125.32566009 48.20000000 180.93561873
118.63888855 127.24184001 48.20000000 180.52399210
116.00149315 129.15801993 48.20000000 180.17042078
113.36409775 131.07419985 48.20000000 179.87524712
121.27628395 125.32566009 51.46000000 181.83121219
118.63888855 127.24184001 51.46000000 181.42161758
116.00149315 129.15801993 51.46000000 181.06979904
113.36409775 131.07419985 51.46000000 180.77609390
102.81451614 138.73891954 44.94000000 178.43462703
105.45191154 136.82273962 44.94000000 178.49417729
108.08930694 134.90655970 44.94000000 178.61321823
110.72670235 132.99037978 44.94000000 178.79163103
102.81451614 138.73891954 41.68000000 177.64159120
105.45191154 136.82273962 41.68000000 177.70140721
108.08930694 134.90655970 41.68000000 177.82097887
110.72670235 132.99037978 41.68000000 178.00018574
0.00000000 0.00000000 0.00000000 0.00000000
0.00000000 0.00000000 0.00000000 0.00000000
113.36409775 131.07419985 44.94000000 179.02923818
116.00149315 129.15801993 44.94000000 179.32580440
118.63888855 127.24184001 44.94000000 179.68103774
121.27628395 125.32566009 44.94000000 180.09459105
113.36409775 131.07419985 41.68000000 178.23884797
116.00149315 129.15801993 41.68000000 178.53672710
118.63888855 127.24184001 41.68000000 178.89352734
121.27628395 125.32566009 41.68000000 179.30889695
110.72670235 132.99037978 35.16000000 176.58728529
108.08930694 134.90655970 35.16000000 176.40664309
105.45191154 136.82273962 35.16000000 176.28611212
102.81451614 138.73891954 35.16000000 176.22581572
110.72670235 132.99037978 38.42000000 177.26516896
108.08930694 134.90655970 38.42000000 177.08521826
105.45191154 136.82273962 38.42000000 176.96514946
102.81451614 138.73891954 38.42000000 176.90508451
0.00000000 0.00000000 0.00000000 0.00000000
0.00000000 0.00000000 0.00000000 0.00000000
121.27628395 125.32566009 35.16000000 177.90639034
118.63888855 127.24184001 35.16000000 177.48773852
116.00149315 129.15801993 35.16000000 177.12810654
113.36409775 131.07419985 35.16000000 176.82785449
121.27628395 125.32566009 38.42000000 178.57926678
118.63888855 127.24184001 38.42000000 178.16219612
116.00149315 129.15801993 38.42000000 177.80392832
113.36409775 131.07419985 38.42000000 177.50481944
102.81451614 138.73891954 31.90000000 175.60444905
105.45191154 136.82273962 31.90000000 175.66495873
108.08930694 134.90655970 31.90000000 175.78591560
110.72670235 132.99037978 31.90000000 175.96719503
102.81451614 138.73891954 28.64000000 175.04160113
105.45191154 136.82273962 28.64000000 175.10230531
108.08930694 134.90655970 28.64000000 175.22365059
110.72670235 132.99037978 28.64000000 175.40551110
0.00000000 0.00000000 0.00000000 0.00000000
0.00000000 0.00000000 0.00000000 0.00000000
113.36409775 131.07419985 31.90000000 176.20861081
116.00149315 129.15801993 31.90000000 176.50991622
118.63888855 127.24184001 31.90000000 176.87080518
121.27628395 125.32566009 31.90000000 177.29091383
113.36409775 131.07419985 28.64000000 175.64769889
116.00149315 129.15801993 28.64000000 175.94996483
118.63888855 127.24184001 28.64000000 176.31199995
121.27628395 125.32566009 28.64000000 176.73343692
92.26493453 146.40363923 31.90000000 175.96719503
94.90232994 144.48745931 31.90000000 175.78591560
97.53972534 142.57127939 31.90000000 175.66495873
100.17712074 140.65509946 31.90000000 175.60444905
92.26493453 146.40363923 28.64000000 175.40551110
94.90232994 144.48745931 28.64000000 175.22365059
97.53972534 142.57127939 28.64000000 175.10230531
100.17712074 140.65509946 28.64000000 175.04160113
0.00000000 0.00000000 0.00000000 0.00000000
0.00000000 0.00000000 0.00000000 0.00000000
81.71535293 154.06835892 31.90000000 177.29091383
84.35274833 152.15217900 31.90000000 176.87080518
86.99014373 150.23599908 31.90000000 176.50991622
89.62753913 148.31981915 31.90000000 176.20861081
81.71535293 154.06835892 28.64000000 176.73343692
84.35274833 152.15217900 28.64000000 176.31199995
86.99014373 150.23599908 28.64000000 175.94996483
89.62753913 148.31981915 28.64000000 175.64769889
100.17712074 140.65509946 35.16000000 176.22581572
97.53972534 142.57127939 35.16000000 176.28611212
94.90232994 144.48745931 35.16000000 176.40664309
92.26493453 146.40363923 35.16000000 176.58728529
100.17712074 140.65509946 38.42000000 176.90508451
97.53972534 142.57127939 38.42000000 176.96514946
94.90232994 144.48745931 38.42000000 177.08521826
92.26493453 146.40363923 38.42000000 177.26516896
0.00000000 0.00000000 0.00000000 0.00000000
0.00000000 0.00000000 0.00000000 0.00000000
89.62753913 148.31981915 35.16000000 176.82785449
86.99014373 150.23599908 35.16000000 177.12810654
84.35274833 152.15217900 35.16000000 177.48773852
81.71535293 154.06835892 35.16000000 177.90639034
89.62753913 148.31981915 38.42000000 177.50481944
86.99014373 150.23599908 38.42000000 177.80392832
84.35274833 152.15217900 38.42000000 178.16219612
81.71535293 154.06835892 38.42000000 178.57926678
92.26493453 146.40363923 44.94000000 178.79163103
94.90232994 144.48745931 44.94000000 178.61321823
97.53972534 142.57127939 44.94000000 178.49417729
100.17712074 140.65509946 44.94000000 178.43462703
92.26493453 146.40363923 41.68000000 178.00018574
94.90232994 144.48745931 41.68000000 177.82097887
97.53972534 142.57127939 41.68000000 177.70140721
100.17712074 140.65509946 41.68000000 177.64159120
0.00000000 0.00000000 0.00000000 0.00000000
0.00000000 0.00000000 0.00000000 0.00000000
81.71535293 154.06835892 44.94000000 180.09459105
84.35274833 152.15217900 44.94000000 179.68103774
86.99014373 150.23599908 44.94000000 179.32580440
89.62753913 148.31981915 44.94000000 179.02923818
81.71535293 154.06835892 41.68000000 179.30889695
84.35274833 152.15217900 41.68000000 178.89352734
86.99014373 150.23599908 41.68000000 178.53672710
89.62753913 148.31981915 41.68000000 178.23884797
100.17712074 140.65509946 48.20000000 179.28344186
97.53972534 142.57127939 48.20000000 179.34271026
94.90232994 144.48745931 48.20000000 179.46118835
92.26493453 146.40363923 48.20000000 179.63875897
100.17712074 140.65509946 51.46000000 180.18724740
97.53972534 142.57127939 51.46000000 180.24621861
94.90232994 144.48745931 51.46000000 180.36410321
92.26493453 146.40363923 51.46000000 180.54078577
0.00000000 0.00000000 0.00000000 0.00000000
0.00000000 0.00000000 0.00000000 0.00000000
89.62753913 148.31981915 48.20000000 179.87524712
86.99014373 150.23599908 48.20000000 180.17042078
84.35274833 152.15217900 48.20000000 180.52399210
81.71535293 154.06835892 48.20000000 180.93561873
89.62753913 148.31981915 51.46000000 180.77609390
86.99014373 150.23599908 51.46000000 181.06979904
84.35274833 152.15217900 51.46000000 181.42161758
81.71535293 154.06835892 51.46000000 181.83121219
110.72670235 132.99037978 74.90000000 188.56525058
108.08930694 134.90655970 74.90000000 188.39609371
105.45191154 136.82273962 74.90000000 188.28323804
102.81451614 138.73891954 74.90000000 188.22678482
110.72670235 132.99037978 78.16000000 189.88372580
108.08930694 134.90655970 78.16000000 189.71574454
105.45191154 136.82273962 78.16000000 189.60367434
102.81451614 138.73891954 78.16000000 189.54761440
0.00000000 0.00000000 0.00000000 0.00000000
0.00000000 0.00000000 0.00000000 0.00000000
121.27628395 125.32566009 74.90000000 189.80112783
118.63888855 127.24184001 74.90000000 189.40876887
116.00149315 129.15801993 74.90000000 189.07181314
113.36409775 131.07419985 74.90000000 188.79055730
121.27628395 125.32566009 78.16000000 191.11107693
118.63888855 127.24184001 78.16000000 190.72141286
116.00149315 129.15801993 78.16000000 190.38678033
113.36409775 131.07419985 78.16000000 190.10746993
102.81451614 138.73891954 71.64000000 186.95347583
105.45191154 136.82273962 71.64000000 187.01031342
108.08930694 134.90655970 71.64000000 187.12393680
110.72670235 132.99037978 71.64000000 187.29424264
102.81451614 138.73891954 68.38000000 185.72866479
105.45191154 136.82273962 68.38000000 185.78587709
108.08930694 134.90655970 68.38000000 185.90024886
110.72670235 132.99037978 68.38000000 186.07167470
0.00000000 0.00000000 0.00000000 0.00000000
0.00000000 0.00000000 0.00000000 0.00000000
113.36409775 131.07419985 71.64000000 187.52107648
116.00149315 129.15801993 71.64000000 187.80423351
118.63888855 127.24184001 71.64000000 188.14345943
121.27628395 125.32566009 71.64000000 188.53845158
113.36409775 131.07419985 68.38000000 186.29999711
116.00149315 129.15801993 68.38000000 186.58500724
118.63888855 127.24184001 68.38000000 186.92644576
121.27628395 125.32566009 68.38000000 187.32400413
110.72670235 132.99037978 61.86000000 183.77568752
108.08930694 134.90655970 61.86000000 183.60211798
105.45191154 136.82273962 61.86000000 183.48631373
102.81451614 138.73891954 61.86000000 183.42838419
110.72670235 132.99037978 65.12000000 184.89850763
108.08930694 134.90655970 65.12000000 184.72599310
105.45191154 136.82273962 65.12000000 184.61089384
102.81451614 138.73891954 65.12000000 184.55331730
0.00000000 0.00000000 0.00000000 0.00000000
0.00000000 0.00000000 0.00000000 0.00000000
121.27628395 125.32566009 61.86000000 185.04355629
118.63888855 127.24184001 61.86000000 184.64108786
116.00149315 129.15801993 61.86000000 184.29541537
113.36409775 131.07419985 61.86000000 184.00685891
121.27628395 125.32566009 65.12000000 186.15872938
118.63888855 127.24184001 65.12000000 185.75867712
116.00149315 129.15801993 65.12000000 185.41508818
113.36409775 131.07419985 65.12000000 185.12827695
102.81451614 138.73891954 58.60000000 182.35479847
105.45191154 136.82273962 58.60000000 182.41306895
108.08930694 134.90655970 58.60000000 182.52955411
110.72670235 132.99037978 58.60000000 182.70414260
102.81451614 138.73891954 55.34000000 181.33347216
105.45191154 136.82273962 55.34000000 181.39207073
108.08930694 134.90655970 55.34000000 181.50921113
110.72670235 132.99037978 55.34000000 181.68478011
0.00000000 0.00000000 0.00000000 0.00000000
0.00000000 0.00000000 0.00000000 0.00000000
113.36409775 131.07419985 58.60000000 182.93666807
116.00149315 129.15801993 58.60000000 183.22690994
118.63888855 127.24184001 58.60000000 183.57459444
121.27628395 125.32566009 58.60000000 183.97939593
113.36409775 131.07419985 55.34000000 181.91860852
116.00149315 129.15801993 55.34000000 182.21047205
118.63888855 127.24184001 55.34000000 182.56009237
121.27628395 125.32566009 55.34000000 182.96713837
92.26493453 146.40363923 58.60000000 182.70414260
94.90232994 144.48745931 58.60000000 182.52955411
97.53972534 142.57127939 58.60000000 182.41306895
100.17712074 140.65509946 58.60000000 182.35479847
92.26493453 146.40363923 55.34000000 181.68478011
94.90232994 144.48745931 55.34000000 181.50921113
97.53972534 142.57127939 55.34000000 181.39207073
100.17712074 140.65509946 55.34000000 181.33347216
0.00000000 0.00000000 0.00000000 0.00000000
0.00000000 0.00000000 0.00000000 0.00000000
81.71535293 154.06835892 58.60000000 183.97939593
84.35274833 152.15217900 58.60000000 183.57459444
86.99014373 150.23599908 58.60000000 183.22690994
89.62753913 148.31981915 58.60000000 182.93666807
81.71535293 154.06835892 55.34000000 182.96713837
84.35274833 152.15217900 55.34000000 182.56009237
86.99014373 150.23599908 55.34000000 182.21047205
89.62753913 148.31981915 55.34000000 181.91860852
100.17712074 140.65509946 61.86000000 183.42838419
97.53972534 142.57127939 61.86000000 183.48631373
94.90232994 144.48745931 61.86000000 183.60211798
92.26493453 146.40363923 61.86000000 183.77568752
100.17712074 140.65509946 65.12000000 184.55331730
97.53972534 142.57127939 65.12000000 184.61089384
94.90232994 144.48745931 65.12000000 184.72599310
92.26493453 146.40363923 65.12000000 184.89850763
0.00000000 0.00000000 0.00000000 0.00000000
0.00000000 0.00000000 0.00000000 0.00000000
89.62753913 148.31981915 61.86000000 184.00685891
86.99014373 150.23599908 61.86000000 184.29541537
84.35274833 152.15217900 61.86000000 184.64108786
81.71535293 154.06835892 61.86000000 185.04355629
89.62753913 148.31981915 65.12000000 185.12827695
86.99014373 150.23599908 65.12000000 185.41508818
84.35274833 152.15217900 65.12000000 185.75867712
81.71535293 154.06835892 65.12000000 186.15872938
92.26493453 146.40363923 71.64000000 187.29424264
94.90232994 144.48745931 71.64000000 187.12393680
97.53972534 142.57127939 71.64000000 187.01031342
100.17712074 140.65509946 71.64000000 186.95347583
92.26493453 146.40363923 68.38000000 186.07167470
94.90232994 144.48745931 68.38000000 185.90024886
97.53972534 142.57127939 68.38000000 185.78587709
100.17712074 140.65509946 68.38000000 185.72866479
0.00000000 0.00000000 0.00000000 0.00000000
0.00000000 0.00000000 0.00000000 0.00000000
81.71535293 154.06835892 71.64000000 188.53845158
84.35274833 152.15217900 71.64000000 188.14345943
86.99014373 150.23599908 71.64000000 187.80423351
89.62753913 148.31981915 71.64000000 187.52107648
81.71535293 154.06835892 68.38000000 187.32400413
84.35274833 152.15217900 68.38000000 186.92644576
86.99014373 150.23599908 68.38000000 186.58500724
89.62753913 148.31981915 68.38000000 186.29999711
100.17712074 140.65509946 74.90000000 188.22678482
97.53972534 142.57127939 74.90000000 188.28323804
94.90232994 144.48745931 74.90000000 188.39609371
92.26493453 146.40363923 74.90000000 188.56525058
100.17712074 140.65509946 78.16000000 189.54761440
97.53972534 142.57127939 78.16000000 189.60367434
94.90232994 144.48745931 78.16000000 189.71574454
92.26493453 146.40363923 78.16000000 189.88372580
0.00000000 0.00000000 0.00000000 0.00000000
0.00000000 0.00000000 0.00000000 0.00000000
89.62753913 148.31981915 74.90000000 188.79055730
86.99014373 150.23599908 74.90000000 189.07181314
84.35274833 152.15217900 74.90000000 189.40876887
81.71535293 154.06835892 74.90000000 189.80112783
89.62753913 148.31981915 78.16000000 190.10746993
86.99014373 150.23599908 78.16000000 190.38678033
84.35274833 152.15217900 78.16000000 190.72141286
81.71535293 154.06835892 78.16000000 191.11107693
153.19134900 80.49381539 -58.60000000 182.70414260
151.48800368 83.27342232 -58.60000000 182.52955411
149.78465836 86.05302926 -58.60000000 182.41306895
148.08131304 88.83263619 -58.60000000 182.35479847
153.19134900 80.49381539 -55.34000000 181.68478011
151.48800368 83.27342232 -55.34000000 181.50921113
149.78465836 86.05302926 -55.34000000 181.39207073
148.08131304 88.83263619 -55.34000000 181.33347216
0.00000000 0.00000000 0.00000000 0.00000000
0.00000000 0.00000000 0.00000000 0.00000000
160.00473029 69.37538764 -58.60000000 183.97939593
158.30138497 72.15499458 -58.60000000 183.57459444
156.59803965 74.93460152 -58.60000000 183.22690994
154.89469432 77.71420845 -58.60000000 182.93666807
160.00473029 69.37538764 -55.34000000 182.96713837
158.30138497 72.15499458 -55.34000000 182.56009237
156.59803965 74.93460152 -55.34000000 182.21047205
154.89469432 77.71420845 -55.34000000 181.91860852
148.08131304 88.83263619 -61.86000000 183.42838419
149.78465836 86.05302926 -61.86000000 183.48631373
151.48800368 83.27342232 -61.86000000 183.60211798
153.19134900 80.49381539 -61.86000000 183.77568752
148.08131304 88.83263619 -65.12000000 184.55331730
149.78465836 86.05302926 -65.12000000 184.61089384
151.48800368 83.27342232 -65.12000000 184.72599310
153.19134900 80.49381539 -65.12000000 184.89850763
0.00000000 0.00000000 0.00000000 0.00000000
0.00000000 0.00000000 0.00000000 0.00000000
154.89469432 77.71420845 -61.86000000 184.00685891
156.59803965 74.93460152 -61.86000000 184.29541537
158.30138497 72.15499458 -61.86000000 184.64108786
160.00473029 69.37538764 -61.86000000 185.04355629
154.89469432 77.71420845 -65.12000000 185.12827695
156.59803965 74.93460152 -65.12000000 185.41508818
158.30138497 72.15499458 -65.12000000 185.75867712
160.00473029 69.37538764 -65.12000000 186.15872938
153.19134900 80.49381539 -71.64000000 187.29424264
151.48800368 83.27342232 -71.64000000 187.12393680
149.78465836 86.05302926 -71.64000000 187.01031342
148.08131304 88.83263619 -71.64000000 186.95347583
153.19134900 80.49381539 -68.38000000 186.07167470
151.48800368 83.27342232 -68.38000000 185.90024886
149.78465836 86.05302926 -68.38000000 185.78587709
148.08131304 88.83263619 -68.38000000 185.72866479
0.00000000 0.00000000 0.00000000 0.00000000
0.00000000 0.00000000 0.00000000 0.00000000
160.00473029 69.37538764 -71.64000000 188.53845158
158.30138497 72.15499458 -71.64000000 188.14345943
156.59803965 74.93460152 -71.64000000 187.80423351
154.89469432 77.71420845 -71.64000000 187.52107648
160.00473029 69.37538764 -68.38000000 187.32400413
158.30138497 72.15499458 -68.38000000 186.92644576
156.59803965 74.93460152 -68.38000000 186.58500724
154.89469432 77.71420845 -68.38000000 186.29999711
148.08131304 88.83263619 -74.90000000 188.22678482
149.78465836 86.05302926 -74.90000000 188.28323804
151.48800368 83.27342232 -74.90000000 188.39609371
153.19134900 80.49381539 -74.90000000 188.56525058
148.08131304 88.83263619 -78.16000000 189.54761440
149.78465836 86.05302926 -78.16000000 189.60367434
151.48800368 83.27342232 -78.16000000 189.71574454
153.19134900 80.49381539 -78.16000000 189.88372580
0.00000000 0.00000000 0.00000000 0.00000000
0.00000000 0.00000000 0.00000000 0.00000000
154.89469432 77.71420845 -74.90000000 188.79055730
156.59803965 74.93460152 -74.90000000 189.07181314
158.30138497 72.15499458 -74.90000000 189.40876887
160.00473029 69.37538764 -74.90000000 189.80112783
154.89469432 77.71420845 -78.16000000 190.10746993
156.59803965 74.93460152 -78.16000000 190.38678033
158.30138497 72.15499458 -78.16000000 190.72141286
160.00473029 69.37538764 -78.16000000 191.11107693
141.26793176 99.95106394 -74.90000000 188.56525058
142.97127708 97.17145700 -74.90000000 188.39609371
144.67462240 94.39185007 -74.90000000 188.28323804
146.37796772 91.61224313 -74.90000000 188.22678482
141.26793176 99.95106394 -78.16000000 189.88372580
142.97127708 97.17145700 -78.16000000 189.71574454
144.67462240 94.39185007 -78.16000000 189.60367434
146.37796772 91.61224313 -78.16000000 189.54761440
0.00000000 0.00000000 0.00000000 0.00000000
0.00000000 0.00000000 0.00000000 0.00000000
134.45455047 111.06949168 -74.90000000 189.80112783
136.15789579 108.28988474 -74.90000000 189.40876887
137.86124111 105.51027781 -74.90000000 189.07181314
139.56458644 102.73067087 -74.90000000 188.79055730
134.45455047 111.06949168 -78.16000000 191.11107693
136.15789579 108.28988474 -78.16000000 190.72141286
137.86124111 105.51027781 -78.16000000 190.38678033
139.56458644 102.73067087 -78.16000000 190.10746993
146.37796772 91.61224313 -71.64000000 186.95347583
144.67462240 94.39185007 -71.64000000 187.01031342
142.97127708 97.17145700 -71.64000000 187.12393680
141.26793176 99.95106394 -71.64000000 187.29424264
146.37796772 91.61224313 -68.38000000 185.72866479
144.67462240 94.39185007 -68.38000000 185.78587709
142.97127708 97.17145700 -68.38000000 185.90024886
141.26793176 99.95106394 -68.38000000 186.07167470
0.00000000 0.00000000 0.00000000 0.00000000
0.00000000 0.00000000 0.00000000 0.00000000
139.56458644 102.73067087 -71.64000000 187.52107648
137.86124111 105.51027781 -71.64000000 187.80423351
136.15789579 108.28988474 -71.64000000 188.14345943
134.45455047 111.06949168 -71.64000000 188.53845158
139.56458644 102.73067087 -68.38000000 186.29999711
137.86124111 105.51027781 -68.38000000 186.58500724
136.15789579 108.28988474 -68.38000000 186.92644576
134.45455047 111.06949168 -68.38000000 187.32400413
141.26793176 99.95106394 -61.86000000 183.77568752
142.97127708 97.17145700 -61.86000000 183.60211798
144.67462240 94.39185007 -61.86000000 183.48631373
146.37796772 91.61224313 -61.86000000 183.42838419
141.26793176 99.95106394 -65.12000000 184.89850763
142.97127708 97.17145700 -65.12000000 184.72599310
144.67462240 94.39185007 -65.12000000 184.61089384
146.37796772 91.61224313 -65.12000000 184.55331730
0.00000000 0.00000000 0.00000000 0.00000000
0.00000000 0.00000000 0.00000000 0.00000000
134.45455047 111.06949168 -61.86000000 185.04355629
136.15789579 108.28988474 -61.86000000 184.64108786
137.86124111 105.51027781 -61.86000000 184.29541537
139.56458644 102.73067087 -61.86000000 184.00685891
134.45455047 111.06949168 -65.12000000 186.15872938
136.15789579 108.28988474 -65.12000000 185.75867712
137.86124111 105.51027781 -65.12000000 185.41508818
139.56458644 102.73067087 -65.12000000 185.12827695
146.37796772 91.61224313 -58.60000000 182.35479847
144.67462240 94.39185007 -58.60000000 182.41306895
142.97127708 97.17145700 -58.60000000 182.52955411
141.26793176 99.95106394 -58.60000000 182.70414260
146.37796772 91.61224313 -55.34000000 181.33347216
144.67462240 94.39185007 -55.34000000 181.39207073
142.97127708 97.17145700 -55.34000000 181.50921113
141.26793176 99.95106394 -55.34000000 181.68478011
0.00000000 0.00000000 0.00000000 0.00000000
0.00000000 0.00000000 0.00000000 0.00000000
139.56458644 102.73067087 -58.60000000 182.93666807
137.86124111 105.51027781 -58.60000000 183.22690994
136.15789579 108.28988474 -58.60000000 183.57459444
134.45455047 111.06949168 -58.60000000 183.97939593
139.56458644 102.73067087 -55.34000000 181.91860852
137.86124111 105.51027781 -55.34000000 182.21047205
136.15789579 108.28988474 -55.34000000 182.56009237
134.45455047 111.06949168 -55.34000000 182.96713837
153.19134900 80.49381539 -31.90000000 175.96719503
151.48800368 83.27342232 -31.90000000 175.78591560
149.78465836 86.05302926 -31.90000000 175.66495873
148.08131304 88.83263619 -31.90000000 175.60444905
153.19134900 80.49381539 -28.64000000 175.40551110
151.48800368 83.27342232 -28.64000000 175.22365059
149.78465836 86.05302926 -28.64000000 175.10230531
148.08131304 88.83263619 -28.64000000 175.04160113
0.00000000 0.00000000 0.00000000 0.00000000
0.00000000 0.00000000 0.00000000 0.00000000
160.00473029 69.37538764 -31.90000000 177.29091383
158.30138497 72.15499458 -31.90000000 176.87080518
156.59803965 74.93460152 -31.90000000 176.50991622
154.89469432 77.71420845 -31.90000000 176.20861081
160.00473029 69.37538764 -28.64000000 176.73343692
158.30138497 72.15499458 -28.64000000 176.31199995
156.59803965 74.93460152 -28.64000000 175.94996483
154.89469432 77.71420845 -28.64000000 175.64769889
148.08131304 88.83263619 -35.16000000 176.22581572
149.78465836 86.05302926 -35.16000000 176.28611212
151.48800368 83.27342232 -35.16000000 176.40664309
153.19134900 80.49381539 -35.16000000 176.58728529
148.08131304 88.83263619 -38.42000000 176.90508451
149.78465836 86.05302926 -38.42000000 176.96514946
151.48800368 83.27342232 -38.42000000 177.08521826
153.19134900 80.49381539 -38.42000000 177.26516896
0.00000000 0.00000000 0.00000000 0.00000000
0.00000000 0.00000000 0.00000000 0.00000000
154.89469432 77.71420845 -35.16000000 176.82785449
156.59803965 74.93460152 -35.16000000 177.12810654
158.30138497 72.15499458 -35.16000000 177.48773852
160.00473029 69.37538764 -35.16000000 177.90639034
154.89469432 77.71420845 -38.42000000 177.50481944
156.59803965 74.93460152 -38.42000000 177.80392832
158.30138497 72.15499458 -38.42000000 178.16219612
160.00473029 69.37538764 -38.42000000 178.57926678
153.19134900 80.49381539 -44.94000000 178.79163103
151.48800368 83.27342232 -44.94000000 178.61321823
149.78465836 86.05302926 -44.94000000 178.49417729
148.08131304 88.83263619 -44.94000000 178.43462703
153.19134900 80.49381539 -41.68000000 178.00018574
151.48800368 83.27342232 -41.68000000 177.82097887
149.78465836 86.05302926 -41.68000000 177.70140721
148.08131304 88.83263619 -41.68000000 177.64159120
0.00000000 0.00000000 0.00000000 0.00000000
0.00000000 0.00000000 0.00000000 0.00000000
160.00473029 69.37538764 -44.94000000 180.09459105
158.30138497 72.15499458 -44.94000000 179.68103774
156.59803965 74.93460152 -44.94000000 179.32580440
154.89469432 77.71420845 -44.94000000 179.02923818
160.00473029 69.37538764 -41.68000000 179.30889695
158.30138497 72.15499458 -41.68000000 178.89352734
156.59803965 74.93460152 -41.68000000 178.53672710
154.89469432 77.71420845 -41.68000000 178.23884797
148.08131304 88.83263619 -48.20000000 179.28344186
149.78465836 86.05302926 -48.20000000 179.34271026
151.48800368 83.27342232 -48.20000000 179.46118835
153.19134900 80.49381539 -48.20000000 179.63875897
148.08131304 88.83263619 -51.46000000 180.18724740
149.78465836 86.05302926 -51.46000000 180.24621861
151.48800368 83.27342232 -51.46000000 180.36410321
153.19134900 80.49381539 -51.46000000 180.54078577
0.00000000 0.00000000 0.00000000 0.00000000
0.00000000 0.00000000 0.00000000 0.00000000
154.89469432 77.71420845 -48.20000000 179.87524712
156.59803965 74.93460152 -48.20000000 180.17042078
158.30138497 72.15499458 -48.20000000 180.52399210
160.00473029 69.37538764 -48.20000000 180.93561873
154.89469432 77.71420845 -51.46000000 180.77609390
156.59803965 74.93460152 -51.46000000 181.06979904
158.30138497 72.15499458 -51.46000000 181.42161758
160.00473029 69.37538764 -51.46000000 181.83121219
141.26793176 99.95106394 -48.20000000 179.63875897
142.97127708 97.17145700 -48.20000000 179.46118835
144.67462240 94.39185007 -48.20000000 179.34271026
146.37796772 91.61224313 -48.20000000 179.28344186
141.26793176 99.95106394 -51.46000000 180.54078577
142.97127708 97.17145700 -51.46000000 180.36410321
144.67462240 94.39185007 -51.46000000 180.24621861
146.37796772 91.61224313 -51.46000000 180.18724740
0.00000000 0.00000000 0.00000000 0.00000000
0.00000000 0.00000000 0.00000000 0.00000000
134.45455047 111.06949168 -48.20000000 180.93561873
136.15789579 108.28988474 -48.20000000 180.52399210
137.86124111 105.51027781 -48.20000000 180.17042078
139.56458644 102.73067087 -48.20000000 179.87524712
134.45455047 111.06949168 -51.46000000 181.83121219
136.15789579 108.28988474 -51.46000000 181.42161758
137.86124111 105.51027781 -51.46000000 181.06979904
139.56458644 102.73067087 -51.46000000 180.77609390
146.37796772 91.61224313 -44.94000000 178.43462703
144.67462240 94.39185007 -44.94000000 178.49417729
142.97127708 97.17145700 -44.94000000 178.61321823
141.26793176 99.95106394 -44.94000000 178.79163103
146.37796772 91.61224313 -41.68000000 177.64159120
144.67462240 94.39185007 -41.68000000 177.70140721
142.97127708 97.17145700 -41.68000000 177.82097887
141.26793176 99.95106394 -41.68000000 178.00018574
0.00000000 0.00000000 0.00000000 0.00000000
0.00000000 0.00000000 0.00000000 0.00000000
139.56458644 102.73067087 -44.94000000 179.02923818
137.86124111 105.51027781 -44.94000000 179.32580440
136.15789579 108.28988474 -44.94000000 179.68103774
134.45455047 111.06949168 -44.94000000 180.09459105
139.56458644 102.73067087 -41.68000000 178.23884797
137.86124111 105.51027781 -41.68000000 178.53672710
136.15789579 108.28988474 -41.68000000 178.89352734
134.45455047 111.06949168 -41.68000000 179.30889695
141.26793176 99.95106394 -35.16000000 176.58728529
142.97127708 97.17145700 -35.16000000 176.40664309
144.67462240 94.39185007 -35.16000000 176.28611212
146.37796772 91.61224313 -35.16000000 176.22581572
141.26793176 99.95106394 -38.42000000 177.26516896
142.97127708 97.17145700 -38.42000000 177.08521826
144.67462240 94.39185007 -38.42000000 176.96514946
146.37796772 91.61224313 -38.42000000 176.90508451
0.00000000 0.00000000 0.00000000 0.00000000
0.00000000 0.00000000 0.00000000 0.00000000
134.45455047 111.06949168 -35.16000000 177.90639034
136.15789579 108.28988474 -35.16000000 177.48773852
137.86124111 105.51027781 -35.16000000 177.12810654
139.56458644 102.73067087 -35.16000000 176.82785449
134.45455047 111.06949168 -38.42000000 178.57926678
136.15789579 108.28988474 -38.42000000 178.16219612
137.86124111 105.51027781 -38.42000000 177.80392832
139.56458644 102.73067087 -38.42000000 177.50481944
146.37796772 91.61224313 -31.90000000 175.60444905
144.67462240 94.39185007 -31.90000000 175.66495873
142.97127708 97.17145700 -31.90000000 175.78591560
141.26793176 99.95106394 -31.90000000 175.96719503
146.37796772 91.61224313 -28.64000000 175.04160113
144.67462240 94.39185007 -28.64000000 175.10230531
142.97127708 97.17145700 -28.64000000 175.22365059
141.26793176 99.95106394 -28.64000000 175.40551110
0.00000000 0.00000000 0.00000000 0.00000000
0.00000000 0.00000000 0.00000000 0.00000000
139.56458644 102.73067087 -31.90000000 176.20861081
137.86124111 105.51027781 -31.90000000 176.50991622
136.15789579 108.28988474 -31.90000000 176.87080518
134.45455047 111.06949168 -31.90000000 177.29091383
139.56458644 102.73067087 -28.64000000 175.64769889
137.86124111 105.51027781 -28.64000000 175.94996483
136.15789579 108.28988474 -28.64000000 176.31199995
134.45455047 111.06949168 -28.64000000 176.73343692
153.19134900 80.49381539 -5.20000000 173.12967315
151.48800368 83.27342232 -5.20000000 172.94541950
149.78465836 86.05302926 -5.20000000 172.82247459
148.08131304 88.83263619 -5.20000000 172.76096933
153.19134900 80.49381539 -1.94000000 173.06243765
151.48800368 83.27342232 -1.94000000 172.87811234
149.78465836 86.05302926 -1.94000000 172.75511953
148.08131304 88.83263619 -1.94000000 172.69359028
0.00000000 0.00000000 0.00000000 0.00000000
0.00000000 0.00000000 0.00000000 0.00000000
160.00473029 69.37538764 -5.20000000 174.47492119
158.30138497 72.15499458 -5.20000000 174.04801557
156.59803965 74.93460152 -5.20000000 173.68126129
154.89469432 77.71420845 -5.20000000 173.37504009
160.00473029 69.37538764 -1.94000000 174.40820429
158.30138497 72.15499458 -1.94000000 173.98113497
156.59803965 74.93460152 -1.94000000 173.61423941
154.89469432 77.71420845 -1.94000000 173.30789978
148.08131304 88.83263619 -8.46000000 172.88980342
149.78465836 86.05302926 -8.46000000 172.95126286
151.48800368 83.27342232 -8.46000000 173.07411628
153.19134900 80.49381539 -8.46000000 173.25823307
148.08131304 88.83263619 -11.72000000 173.07995530
149.78465836 86.05302926 -11.72000000 173.14134724
151.48800368 83.27342232 -11.72000000 173.26406588
153.19134900 80.49381539 -11.72000000 173.44798103
0.00000000 0.00000000 0.00000000 0.00000000
0.00000000 0.00000000 0.00000000 0.00000000
154.89469432 77.71420845 -8.46000000 173.50341819
156.59803965 74.93460152 -8.46000000 173.80941322
158.30138497 72.15499458 -8.46000000 174.17589766
160.00473029 69.37538764 -8.46000000 174.60249060
154.89469432 77.71420845 -11.72000000 173.69289831
156.59803965 74.93460152 -11.72000000 173.99856012
158.30138497 72.15499458 -11.72000000 174.36464700
160.00473029 69.37538764 -11.72000000 174.79077929
153.19134900 80.49381539 -18.24000000 174.01017592
151.48800368 83.27342232 -18.24000000 173.82685559
149.78465836 86.05302926 -18.24000000 173.70453456
148.08131304 88.83263619 -18.24000000 173.64334172
153.19134900 80.49381539 -14.98000000 173.69871653
151.48800368 83.27342232 -14.98000000 173.51506714
149.78465836 86.05302926 -14.98000000 173.39252615
148.08131304 88.83263619 -14.98000000 173.33122317
0.00000000 0.00000000 0.00000000 0.00000000
0.00000000 0.00000000 0.00000000 0.00000000
160.00473029 69.37538764 -18.24000000 175.34866901
158.30138497 72.15499458 -18.24000000 174.92389581
156.59803965 74.93460152 -18.24000000 174.55898179
154.89469432 77.71420845 -18.24000000 174.25430303
160.00473029 69.37538764 -14.98000000 175.03959131
158.30138497 72.15499458 -14.98000000 174.61406623
156.59803965 74.93460152 -14.98000000 174.24850337
154.89469432 77.71420845 -14.98000000 173.94328077
148.08131304 88.83263619 -21.50000000 174.01598353
149.78465836 86.05302926 -21.50000000 174.07704537
151.48800368 83.27342232 -21.50000000 174.19910483
153.19134900 80.49381539 -21.50000000 174.38203384
148.08131304 88.83263619 -24.76000000 174.44876074
149.78465836 86.05302926 -24.76000000 174.50967115
151.48800368 83.27342232 -24.76000000 174.63142823
153.19134900 80.49381539 -24.76000000 174.81390484
0.00000000 0.00000000 0.00000000 0.00000000
0.00000000 0.00000000 0.00000000 0.00000000
154.89469432 77.71420845 -21.50000000 174.62564109
156.59803965 74.93460152 -21.50000000 174.92967308
158.30138497 72.15499458 -21.50000000 175.29381542
160.00473029 69.37538764 -21.50000000 175.71769440
154.89469432 77.71420845 -24.76000000 175.05691110
156.59803965 74.93460152 -24.76000000 175.36019538
158.30138497 72.15499458 -24.76000000 175.72344558
160.00473029 69.37538764 -24.76000000 176.14629069
141.26793176 99.95106394 -21.50000000 174.38203384
142.97127708 97.17145700 -21.50000000 174.19910483
144.67462240 94.39185007 -21.50000000 174.07704537
146.37796772 91.61224313 -21.50000000 174.01598353
141.26793176 99.95106394 -24.76000000 174.81390484
142.97127708 97.17145700 -24.76000000 174.63142823
144.67462240 94.39185007 -24.76000000 174.50967115
146.37796772 91.61224313 -24.76000000 174.44876074
0.00000000 0.00000000 0.00000000 0.00000000
0.00000000 0.00000000 0.00000000 0.00000000
134.45455047 111.06949168 -21.50000000 175.71769440
136.15789579 108.28988474 -21.50000000 175.29381542
137.86124111 105.51027781 -21.50000000 174.92967308
139.56458644 102.73067087 -21.50000000 174.62564109
134.45455047 111.06949168 -24.76000000 176.14629069
136.15789579 108.28988474 -24.76000000 175.72344558
137.86124111 105.51027781 -24.76000000 175.36019538
139.56458644 102.73067087 -24.76000000 175.05691110
146.37796772 91.61224313 -18.24000000 173.64334172
144.67462240 94.39185007 -18.24000000 173.70453456
142.97127708 97.17145700 -18.24000000 173.82685559
141.26793176 99.95106394 -18.24000000 174.01017592
146.37796772 91.61224313 -14.98000000 173.33122317
144.67462240 94.39185007 -14.98000000 173.39252615
142.97127708 97.17145700 -14.98000000 173.51506714
141.26793176 99.95106394 -14.98000000 173.69871653
0.00000000 0.00000000 0.00000000 0.00000000
0.00000000 0.00000000 0.00000000 0.00000000
139.56458644 102.73067087 -18.24000000 174.25430303
137.86124111 105.51027781 -18.24000000 174.55898179
136.15789579 108.28988474 -18.24000000 174.92389581
134.45455047 111.06949168 -18.24000000 175.34866901
139.56458644 102.73067087 -14.98000000 173.94328077
137.86124111 105.51027781 -14.98000000 174.24850337
136.15789579 108.28988474 -14.98000000 174.61406623
134.45455047 111.06949168 -14.98000000 175.03959131
141.26793176 99.95106394 -8.46000000 173.25823307
142.97127708 97.17145700 -8.46000000 173.07411628
144.67462240 94.39185007 -8.46000000 172.95126286
146.37796772 91.61224313 -8.46000000 172.88980342
141.26793176 99.95106394 -11.72000000 173.44798103
142.97127708 97.17145700 -11.72000000 173.26406588
144.67462240 94.39185007 -11.72000000 173.14134724
146.37796772 91.61224313 -11.72000000 173.07995530
0.00000000 0.00000000 0.00000000 0.00000000
0.00000000 0.00000000 0.00000000 0.00000000
134.45455047 111.06949168 -8.46000000 174.60249060
136.15789579 108.28988474 -8.46000000 174.17589766
137.86124111 105.51027781 -8.46000000 173.80941322
139.56458644 102.73067087 -8.46000000 173.50341819
134.45455047 111.06949168 -11.72000000 174.79077929
136.15789579 108.28988474 -11.72000000 174.36464700
137.86124111 105.51027781 -11.72000000 173.99856012
139.56458644 102.73067087 -11.72000000 173.69289831
146.37796772 91.61224313 -5.20000000 172.76096933
144.67462240 94.39185007 -5.20000000 172.82247459
142.97127708 97.17145700 -5.20000000 172.94541950
141.26793176 99.95106394 -5.20000000 173.12967315
146.37796772 91.61224313 -1.94000000 172.69359028
144.67462240 94.39185007 -1.94000000 172.75511953
142.97127708 97.17145700 -1.94000000 172.87811234
141.26793176 99.95106394 -1.94000000 173.06243765
0.00000000 0.00000000 0.00000000 0.00000000
0.00000000 0.00000000 0.00000000 0.00000000
139.56458644 102.73067087 -5.20000000 173.37504009
137.86124111 105.51027781 -5.20000000 173.68126129
136.15789579 108.28988474 -5.20000000 174.04801557
134.45455047 111.06949168 -5.20000000 174.47492119
139.56458644 102.73067087 -1.94000000 173.30789978
137.86124111 105.51027781 -1.94000000 173.61423941
136.15789579 108.28988474 -1.94000000 173.98113497
134.45455047 111.06949168 -1.94000000 174.40820429
153.19134900 80.49381539 21.50000000 174.38203384
151.48800368 83.27342232 21.50000000 174.19910483
149.78465836 86.05302926 21.50000000 174.07704537
148.08131304 88.83263619 21.50000000 174.01598353
153.19134900 80.49381539 24.76000000 174.81390484
151.48800368 83.27342232 24.76000000 174.63142823
149.78465836 86.05302926 24.76000000 174.50967115
148.08131304 88.83263619 24.76000000 174.44876074
0.00000000 0.00000000 0.00000000 0.00000000
0.00000000 0.00000000 0.00000000 0.00000000
160.00473029 69.37538764 21.50000000 175.71769440
158.30138497 72.15499458 21.50000000 175.29381542
156.59803965 74.93460152 21.50000000 174.92967308
154.89469432 77.71420845 21.50000000 174.62564109
160.00473029 69.37538764 24.76000000 176.14629069
158.30138497 72.15499458 24.76000000 175.72344558
156.59803965 74.93460152 24.76000000 175.36019538
154.89469432 77.71420845 24.76000000 175.05691110
148.08131304 88.83263619 18.24000000 173.64334172
149.78465836 86.05302926 18.24000000 173.70453456
151.48800368 83.27342232 18.24000000 173.82685559
153.19134900 80.49381539 18.24000000 174.01017592
148.08131304 88.83263619 14.98000000 173.33122317
149.78465836 86.05302926 14.98000000 173.39252615
151.48800368 83.27342232 14.98000000 173.51506714
153.19134900 80.49381539 14.98000000 173.69871653
0.00000000 0.00000000 0.00000000 0.00000000
0.00000000 0.00000000 0.00000000 0.00000000
154.89469432 77.71420845 18.24000000 174.25430303
156.59803965 74.93460152 18.24000000 174.55898179
158.30138497 72.15499458 18.24000000 174.92389581
160.00473029 69.37538764 18.24000000 175.34866901
154.89469432 77.71420845 14.98000000 173.94328077
156.59803965 74.93460152 14.98000000 174.24850337
158.30138497 72.15499458 14.98000000 174.61406623
160.00473029 69.37538764 14.98000000 175.03959131
153.19134900 80.49381539 8.46000000 173.25823307
151.48800368 83.27342232 8.46000000 173.07411628
149.78465836 86.05302926 8.46000000 172.95126286
148.08131304 88.83263619 8.46000000 172.88980342
153.19134900 80.49381539 11.72000000 173.44798103
151.48800368 83.27342232 11.72000000 173.26406588
149.78465836 86.05302926 11.72000000 173.14134724
148.08131304 88.83263619 11.72000000 173.07995530
0.00000000 0.00000000 0.00000000 0.00000000
0.00000000 0.00000000 0.00000000 0.00000000
160.00473029 69.37538764 8.46000000 174.60249060
158.30138497 72.15499458 8.46000000 174.17589766
156.59803965 74.93460152 8.46000000 173.80941322
154.89469432 77.71420845 8.46000000 173.50341819
160.00473029 69.37538764 11.72000000 174.79077929
158.30138497 72.15499458 11.72000000 174.36464700
156.59803965 74.93460152 11.72000000 173.99856012
154.89469432 77.71420845 11.72000000 173.69289831
148.08131304 88.83263619 5.20000000 172.76096933
149.78465836 86.05302926 5.20000000 172.82247459
151.48800368 83.27342232 5.20000000 172.94541950
153.19134900 80.49381539 5.20000000 173.12967315
148.08131304 88.83263619 1.94000000 172.69359028
149.78465836 86.05302926 1.94000000 172.75511953
151.48800368 83.27342232 1.94000000 172.87811234
153.19134900 80.49381539 1.94000000 173.06243765
0.00000000 0.00000000 0.00000000 0.00000000
0.00000000 0.00000000 0.00000000 0.00000000
154.89469432 77.71420845 5.20000000 173.37504009
156.59803965 74.93460152 5.20000000 173.68126129
158.30138497 72.15499458 5.20000000 174.04801557
160.00473029 69.37538764 5.20000000 174.47492119
154.89469432 77.71420845 1.94000000 173.30789978
156.59803965 74.93460152 1.94000000 173.61423941
158.30138497 72.15499458 1.94000000 173.98113497
160.00473029 69.37538764 1.94000000 174.40820429
141.26793176 99.95106394 5.20000000 173.12967315
142.97127708 97.17145700 5.20000000 172.94541950
144.67462240 94.39185007 5.20000000 172.82247459
146.37796772 91.61224313 5.20000000 172.76096933
141.26793176 99.95106394 1.94000000 173.06243765
142.97127708 97.17145700 1.94000000 172.87811234
144.67462240 94.39185007 1.94000000 172.75511953
146.37796772 91.61224313 1.94000000 172.69359028
0.00000000 0.00000000 0.00000000 0.00000000
0.00000000 0.00000000 0.00000000 0.00000000
134.45455047 111.06949168 5.20000000 174.47492119
136.15789579 108.28988474 5.20000000 174.04801557
137.86124111 105.51027781 5.20000000 173.68126129
139.56458644 102.73067087 5.20000000 173.37504009
134.45455047 111.06949168 1.94000000 174.40820429
136.15789579 108.28988474 1.94000000 173.98113497
137.86124111 105.51027781 1.94000000 173.61423941
139.56458644 102.73067087 1.94000000 173.30789978
146.37796772 91.61224313 8.46000000 172.88980342
144.67462240 94.39185007 8.46000000 172.95126286
142.97127708 97.17145700 8.46000000 173.07411628
141.26793176 99.95106394 8.46000000 173.25823307
146.37796772 91.61224313 11.72000000 173.07995530
144.67462240 94.39185007 11.72000000 173.14134724
142.97127708 97.17145700 11.72000000 173.26406588
141.26793176 99.95106394 11.72000000 173.44798103
0.00000000 0.00000000 0.00000000 0.00000000
0.00000000 0.00000000 0.00000000 0.00000000
139.56458644 102.73067087 8.46000000 173.50341819
137.86124111 105.51027781 8.46000000 173.80941322
136.15789579 108.28988474 8.46000000 174.17589766
134.45455047 111.06949168 8.46000000 174.60249060
139.56458644 102.73067087 11.72000000 173.69289831
137.86124111 105.51027781 11.72000000 173.99856012
136.15789579 108.28988474 11.72000000 174.36464700
134.45455047 111.06949168 11.72000000 174.79077929
141.26793176 99.95106394 18.24000000 174.01017592
142.97127708 97.17145700 18.24000000 173.82685559
144.67462240 94.39185007 18.24000000 173.70453456
146.37796772 91.61224313 18.24000000 173.64334172
141.26793176 99.95106394 14.98000000 173.69871653
142.97127708 97.17145700 14.98000000 173.51506714
144.67462240 94.39185007 14.98000000 173.39252615
146.37796772 91.61224313 14.98000000 173.33122317
0.00000000 0.00000000 0.00000000 0.00000000
0.00000000 0.00000000 0.00000000 0.00000000
134.45455047 111.06949168 18.24000000 175.34866901
136.15789579 108.28988474 18.24000000 174.92389581
137.86124111 105.51027781 18.24000000 174.55898179
139.56458644 102.73067087 18.24000000 174.25430303
134.45455047 111.06949168 14.98000000 175.03959131
136.15789579 108.28988474 14.98000000 174.61406623
137.86124111 105.51027781 14.98000000 174.24850337
139.56458644 102.73067087 14.98000000 173.94328077
146.37796772 91.61224313 21.50000000 174.01598353
144.67462240 94.39185007 21.50000000 174.07704537
142.97127708 97.17145700 21.50000000 174.19910483
141.26793176 99.95106394 21.50000000 174.38203384
146.37796772 91.61224313 24.76000000 174.44876074
144.67462240 94.39185007 24.76000000 174.50967115
142.97127708 97.17145700 24.76000000 174.63142823
141.26793176 99.95106394 24.76000000 174.81390484
0.00000000 0.00000000 0.00000000 0.00000000
0.00000000 0.00000000 0.00000000 0.00000000
139.56458644 102.73067087 21.50000000 174.62564109
137.86124111 105.51027781 21.50000000 174.92967308
136.15789579 108.28988474 21.50000000 175.29381542
134.45455047 111.06949168 21.50000000 175.71769440
139.56458644 102.73067087 24.76000000 175.05691110
137.86124111 105.51027781 24.76000000 175.36019538
136.15789579 108.28988474 24.76000000 175.72344558
134.45455047 111.06949168 24.76000000 176.14629069
153.19134900 80.49381539 48.20000000 179.63875897
151.48800368 83.27342232 48.20000000 179.46118835
149.78465836 86.05302926 48.20000000 179.34271026
148.08131304 88.83263619 48.20000000 179.28344186
153.19134900 80.49381539 51.46000000 180.54078577
151.48800368 83.27342232 51.46000000 180.36410321
149.78465836 86.05302926 51.46000000 180.24621861
148.08131304 88.83263619 51.46000000 180.18724740
0.00000000 0.00000000 0.00000000 0.00000000
0.00000000 0.00000000 0.00000000 0.00000000
160.00473029 69.37538764 48.20000000 180.93561873
158.30138497 72.15499458 48.20000000 180.52399210
156.59803965 74.93460152 48.20000000 180.17042078
154.89469432 77.71420845 48.20000000 179.87524712
160.00473029 69.37538764 51.46000000 181.83121219
158.30138497 72.15499458 51.46000000 181.42161758
156.59803965 74.93460152 51.46000000 181.06979904
154.89469432 77.71420845 51.46000000 180.77609390
148.08131304 88.83263619 44.94000000 178.43462703
149.78465836 86.05302926 44.94000000 178.49417729
151.48800368 83.27342232 44.94000000 178.61321823
153.19134900 80.49381539 44.94000000 178.79163103
148.08131304 88.83263619 41.68000000 177.64159120
149.78465836 86.05302926 41.68000000 177.70140721
151.48800368 83.27342232 41.68000000 177.82097887
153.19134900 80.49381539 41.68000000 178.00018574
0.00000000 0.00000000 0.00000000 0.00000000
0.00000000 0.00000000 0.00000000 0.00000000
154.89469432 77.71420845 44.94000000 179.02923818
156.59803965 74.93460152 44.94000000 179.32580440
158.30138497 72.15499458 44.94000000 179.68103774
160.00473029 69.37538764 44.94000000 180.09459105
154.89469432 77.71420845 41.68000000 178.23884797
156.59803965 74.93460152 41.68000000 178.53672710
158.30138497 72.15499458 41.68000000 178.89352734
160.00473029 69.37538764 41.68000000 179.30889695
153.19134900 80.49381539 35.16000000 176.58728529
151.48800368 83.27342232 35.16000000 176.40664309
149.78465836 86.05302926 35.16000000 176.28611212
148.08131304 88.83263619 35.16000000 176.22581572
153.19134900 80.49381539 38.42000000 177.26516896
151.48800368 83.27342232 38.42000000 177.08521826
149.78465836 86.05302926 38.42000000 176.96514946
148.08131304 88.83263619 38.42000000 176.90508451
0.00000000 0.00000000 0.00000000 0.00000000
0.00000000 0.00000000 0.00000000 0.00000000
160.00473029 69.37538764 35.16000000 177.90639034
158.30138497 72.15499458 35.16000000 177.48773852
156.59803965 74.93460152 35.16000000 177.12810654
154.89469432 77.71420845 35.16000000 176.82785449
160.00473029 69.37538764 38.42000000 178.57926678
158.30138497 72.15499458 38.42000000 178.16219612
156.59803965 74.93460152 38.42000000 177.80392832
154.89469432 77.71420845 38.42000000 177.50481944
148.08131304 88.83263619 31.90000000 175.60444905
149.78465836 86.05302926 31.90000000 175.66495873
151.48800368 83.27342232 31.90000000 175.78591560
153.19134900 80.49381539 31.90000000 175.96719503
148.08131304 88.83263619 28.64000000 175.04160113
149.78465836 86.05302926 28.64000000 175.10230531
151.48800368 83.27342232 28.64000000 175.22365059
153.19134900 80.49381539 28.64000000 175.40551110
0.00000000 0.00000000 0.00000000 0.00000000
0.00000000 0.00000000 0.00000000 0.00000000
154.89469432 77.71420845 31.90000000 176.20861081
156.59803965 74.93460152 31.90000000 176.50991622
158.30138497 72.15499458 31.90000000 176.87080518
160.00473029 69.37538764 31.90000000 177.29091383
154.89469432 77.71420845 28.64000000 175.64769889
156.59803965 74.93460152 28.64000000 175.94996483
158.30138497 72.15499458 28.64000000 176.31199995
160.00473029 69.37538764 28.64000000 176.73343692
141.26793176 99.95106394 31.90000000 175.96719503
142.97127708 97.17145700 31.90000000 175.78591560
144.67462240 94.39185007 31.90000000 175.66495873
146.37796772 91.61224313 31.90000000 175.60444905
141.26793176 99.95106394 28.64000000 175.40551110
142.97127708 97.17145700 28.64000000 175.22365059
144.67462240 94.39185007 28.64000000 175.10230531
146.37796772 91.61224313 28.64000000 175.04160113
0.00000000 0.00000000 0.00000000 0.00000000
0.00000000 0.00000000 0.00000000 0.00000000
134.45455047 111.06949168 31.90000000 177.29091383
136.15789579 108.28988474 31.90000000 176.87080518
137.86124111 105.51027781 31.90000000 176.50991622
139.56458644 102.73067087 31.90000000 176.20861081
134.45455047 111.06949168 28.64000000 176.73343692
136.15789579 108.28988474 28.64000000 176.31199995
137.86124111 105.51027781 28.64000000 175.94996483
139.56458644 102.73067087 28.64000000 175.64769889
146.37796772 91.61224313 35.16000000 176.22581572
144.67462240 94.39185007 35.16000000 176.28611212
142.97127708 97.17145700 35.16000000 176.40664309
141.26793176 99.95106394 35.16000000 176.58728529
146.37796772 91.61224313 38.42000000 176.90508451
144.67462240 94.39185007 38.42000000 176.96514946
142.97127708 97.17145700 38.42000000 177.08521826
141.26793176 99.95106394 38.42000000 177.26516896
0.00000000 0.00000000 0.00000000 0.00000000
0.00000000 0.00000000 0.00000000 0.00000000
139.56458644 102.73067087 35.16000000 176.82785449
137.86124111 105.51027781 35.16000000 177.12810654
136.15789579 108.28988474 35.16000000 177.48773852
134.45455047 111.06949168 35.16000000 177.90639034
139.56458644 102.73067087 38.42000000 177.50481944
137.86124111 105.51027781 38.42000000 177.80392832
136.15789579 108.28988474 38.42000000 178.16219612
134.45455047 111.06949168 38.42000000 178.57926678
141.26793176 99.95106394 44.94000000 178.79163103
142.97127708 97.17145700 44.94000000 178.61321823
144.67462240 94.39185007 44.94000000 178.49417729
146.37796772 91.61224313 44.94000000 178.43462703
141.26793176 99.95106394 41.68000000 178.00018574
142.97127708 97.17145700 41.68000000 177.82097887
144.67462240 94.39185007 41.68000000 177.70140721
146.37796772 91.61224313 41.68000000 177.64159120
0.00000000 0.00000000 0.00000000 0.00000000
0.00000000 0.00000000 0.00000000 0.00000000
134.45455047 111.06949168 44.94000000 180.09459105
136.15789579 108.28988474 44.94000000 179.68103774
137.86124111 105.51027781 44.94000000 179.32580440
139.56458644 102.73067087 44.94000000 179.02923818
134.45455047 111.06949168 41.68000000 179.30889695
136.15789579 108.28988474 41.68000000 178.89352734
137.86124111 105.51027781 41.68000000 178.53672710
139.56458644 102.73067087 41.68000000 178.23884797
146.37796772 91.61224313 48.20000000 179.28344186
144.67462240 94.39185007 48.20000000 179.34271026
142.97127708 97.17145700 48.20000000 179.46118835
141.26793176 99.95106394 48.20000000 179.63875897
146.37796772 91.61224313 51.46000000 180.18724740
144.67462240 94.39185007 51.46000000 180.24621861
142.97127708 97.17145700 51.46000000 180.36410321
141.26793176 99.95106394 51.46000000 180.54078577
0.00000000 0.00000000 0.00000000 0.00000000
0.00000000 0.00000000 0.00000000 0.00000000
139.56458644 102.73067087 48.20000000 179.87524712
137.86124111 105.51027781 48.20000000 180.17042078
136.15789579 108.28988474 48.20000000 180.52399210
134.45455047 111.06949168 48.20000000 180.93561873
139.56458644 102.73067087 51.46000000 180.77609390
137.86124111 105.51027781 51.46000000 181.06979904
136.15789579 108.28988474 51.46000000 181.42161758
134.45455047 111.06949168 51.46000000 181.83121219
153.19134900 80.49381539 74.90000000 188.56525058
151.48800368 83.27342232 74.90000000 188.39609371
149.78465836 86.05302926 74.90000000 188.28323804
148.08131304 88.83263619 74.90000000 188.22678482
153.19134900 80.49381539 78.16000000 189.88372580
151.48800368 83.27342232 78.16000000 189.71574454
149.78465836 86.05302926 78.16000000 189.60367434
148.08131304 88.83263619 78.16000000 189.54761440
0.00000000 0.00000000 0.00000000 0.00000000
0.00000000 0.00000000 0.00000000 0.00000000
160.00473029 69.37538764 74.90000000 189.80112783
158.30138497 72.15499458 74.90000000 189.40876887
156.59803965 74.93460152 74.90000000 189.07181314
154.89469432 77.71420845 74.90000000 188.79055730
160.00473029 69.37538764 78.16000000 191.11107693
158.30138497 72.15499458 78.16000000 190.72141286
156.59803965 74.93460152 78.16000000 190.38678033
154.89469432 77.71420845 78.16000000 190.10746993
148.08131304 88.83263619 71.64000000 186.95347583
149.78465836 86.05302926 71.64000000 187.01031342
151.48800368 83.27342232 71.64000000 187.12393680
153.19134900 80.49381539 71.64000000 187.29424264
148.08131304 88.83263619 68.38000000 185.72866479
149.78465836 86.05302926 68.38000000 185.78587709
151.48800368 83.27342232 68.38000000 185.90024886
153.19134900 80.49381539 68.38000000 186.07167470
0.00000000 0.00000000 0.00000000 0.00000000
0.00000000 0.00000000 0.00000000 0.00000000
154.89469432 77.71420845 71.64000000 187.52107648
156.59803965 74.93460152 71.64000000 187.80423351
158.30138497 72.15499458 71.64000000 188.14345943
160.00473029 69.37538764 71.64000000 188.53845158
154.89469432 77.71420845 68.38000000 186.29999711
156.59803965 74.93460152 68.38000000 186.58500724
158.30138497 72.15499458 68.38000000 186.92644576
160.00473029 69.37538764 68.38000000 187.32400413
153.19134900 80.49381539 61.86000000 183.77568752
151.48800368 83.27342232 61.86000000 183.60211798
149.78465836 86.05302926 61.86000000 183.48631373
148.08131304 88.83263619 61.86000000 183.42838419
153.19134900 80.49381539 65.12000000 184.89850763
151.48800368 83.27342232 65.12000000 184.72599310
149.78465836 86.05302926 65.12000000 184.61089384
148.08131304 88.83263619 65.12000000 184.55331730
0.00000000 0.00000000 0.00000000 0.00000000
0.00000000 0.00000000 0.00000000 0.00000000
160.00473029 69.37538764 61.86000000 185.04355629
158.30138497 72.15499458 61.86000000 184.64108786
156.59803965 74.93460152 61.86000000 184.29541537
154.89469432 77.71420845 61.86000000 184.00685891
160.00473029 69.37538764 65.12000000 186.15872938
158.30138497 72.15499458 65.12000000 185.75867712
156.59803965 74.93460152 65.12000000 185.41508818
154.89469432 77.71420845 65.12000000 185.12827695
148.08131304 88.83263619 58.60000000 182.35479847
149.78465836 86.05302926 58.60000000 182.41306895
151.48800368 83.27342232 58.60000000 182.52955411
153.19134900 80.49381539 58.60000000 182.70414260
148.08131304 88.83263619 55.34000000 181.33347216
149.78465836 86.05302926 55.34000000 181.39207073
151.48800368 83.27342232 55.34000000 181.50921113
153.19134900 80.49381539 55.34000000 181.68478011
0.00000000 0.00000000 0.00000000 0.00000000
0.00000000 0.00000000 0.00000000 0.00000000
154.89469432 77.71420845 58.60000000 182.93666807
156.59803965 74.93460152 58.60000000 183.22690994
158.30138497 72.15499458 58.60000000 183.57459444
160.00473029 69.37538764 58.60000000 183.97939593
154.89469432 77.71420845 55.34000000 181.91860852
156.59803965 74.93460152 55.34000000 182.21047205
158.30138497 72.15499458 55.34000000 182.56009237
160.00473029 69.37538764 55.34000000 182.96713837
141.26793176 99.95106394 58.60000000 182.70414260
142.97127708 97.17145700 58.60000000 182.52955411
144.67462240 94.39185007 58.60000000 182.41306895
146.37796772 91.61224313 58.60000000 182.35479847
141.26793176 99.95106394 55.34000000 181.68478011
142.97127708 97.17145700 55.34000000 181.50921113
144.67462240 94.39185007 55.34000000 181.39207073
146.37796772 91.61224313 55.34000000 181.33347216
0.00000000 0.00000000 0.00000000 0.00000000
0.00000000 0.00000000 0.00000000 0.00000000
134.45455047 111.06949168 58.60000000 183.97939593
136.15789579 108.28988474 58.60000000 183.57459444
137.86124111 105.51027781 58.60000000 183.22690994
139.56458644 102.73067087 58.60000000 182.93666807
134.45455047 111.06949168 55.34000000 182.96713837
136.15789579 108.28988474 55.34000000 182.56009237
137.86124111 105.51027781 55.34000000 182.21047205
139.56458644 102.73067087 55.34000000 181.91860852
146.37796772 91.61224313 61.86000000 183.42838419
144.67462240 94.39185007 61.86000000 183.48631373
142.97127708 97.17145700 61.86000000 183.60211798
141.26793176 99.95106394 61.86000000 183.77568752
146.37796772 91.61224313 65.12000000 184.55331730
144.67462240 94.39185007 65.12000000 184.61089384
142.97127708 97.17145700 65.12000000 184.72599310
141.26793176 99.95106394 65.12000000 184.89850763
0.00000000 0.00000000 0.00000000 0.00000000
0.00000000 0.00000000 0.00000000 0.00000000
139.56458644 102.73067087 61.86000000 184.00685891
137.86124111 105.51027781 61.86000000 184.29541537
136.15789579 108.28988474 61.86000000 184.64108786
134.45455047 111.06949168 61.86000000 185.04355629
139.56458644 102.73067087 65.12000000 185.12827695
137.86124111 105.51027781 65.12000000 185.41508818
136.15789579 108.28988474 65.12000000 185.75867712
134.45455047 111.06949168 65.12000000 186.15872938
141.26793176 99.95106394 71.64000000 187.29424264
142.97127708 97.17145700 71.64000000 187.12393680
144.67462240 94.39185007 71.64000000 187.01031342
146.37796772 91.61224313 71.64000000 186.95347583
141.26793176 99.95106394 68.38000000 186.07167470
142.97127708 97.17145700 68.38000000 185.90024886
144.67462240 94.39185007 68.38000000 185.78587709
146.37796772 91.61224313 68.38000000 185.72866479
0.00000000 0.00000000 0.00000000 0.00000000
0.00000000 0.00000000 0.00000000 0.00000000
134.45455047 111.06949168 71.64000000 188.53845158
136.15789579 108.28988474 71.64000000 188.14345943
137.86124111 105.51027781 71.64000000 187.80423351
139.56458644 102.73067087 71.64000000 187.52107648
134.45455047 111.06949168 68.38000000 187.32400413
136.15789579 108.28988474 68.38000000 186.92644576
137.86124111 105.51027781 68.38000000 186.58500724
139.56458644 102.73067087 68.38000000 186.29999711
146.37796772 91.61224313 74.90000000 188.22678482
144.67462240 94.39185007 74.90000000 188.28323804
142.97127708 97.17145700 74.90000000 188.39609371
141.26793176 99.95106394 74.90000000 188.56525058
146.37796772 91.61224313 78.16000000 189.54761440
144.67462240 94.39185007 78.16000000 189.60367434
142.97127708 97.17145700 78.16000000 189.71574454
141.26793176 99.95106394 78.16000000 189.88372580
0.00000000 0.00000000 0.00000000 0.00000000
0.00000000 0.00000000 0.00000000 0.00000000
139.56458644 102.73067087 74.90000000 188.79055730
137.86124111 105.51027781 74.90000000 189.07181314
136.15789579 108.28988474 74.90000000 189.40876887
134.45455047 111.06949168 74.90000000 189.80112783
139.56458644 102.73067087 78.16000000 190.10746993
137.86124111 105.51027781 78.16000000 190.38678033
136.15789579 108.28988474 78.16000000 190.72141286
134.45455047 111.06949168 78.16000000 191.11107693
172.33400146 15.74279728 -58.60000000 182.70414260
171.82402510 18.96266127 -58.60000000 182.52955411
171.31404875 22.18252527 -58.60000000 182.41306895
170.80407239 25.40238926 -58.60000000 182.35479847
172.33400146 15.74279728 -55.34000000 181.68478011
171.82402510 18.96266127 -55.34000000 181.50921113
171.31404875 22.18252527 -55.34000000 181.39207073
170.80407239 25.40238926 -55.34000000 181.33347216
0.00000000 0.00000000 0.00000000 0.00000000
0.00000000 0.00000000 0.00000000 0.00000000
174.37390688 2.86334132 -58.60000000 183.97939593
173.86393053 6.08320531 -58.60000000 183.57459444
173.35395417 9.30306930 -58.60000000 183.22690994
172.84397781 12.52293329 -58.60000000 182.93666807
174.37390688 2.86334132 -55.34000000 182.96713837
173.86393053 6.08320531 -55.34000000 182.56009237
173.35395417 9.30306930 -55.34000000 182.21047205
172.84397781 12.52293329 -55.34000000 181.91860852
170.80407239 25.40238926 -61.86000000 183.42838419
171.31404875 22.18252527 -61.86000000 183.48631373
171.82402510 18.96266127 -61.86000000 183.60211798
172.33400146 15.74279728 -61.86000000 183.77568752
170.80407239 25.40238926 -65.12000000 184.55331730
171.31404875 22.18252527 -65.12000000 184.61089384
171.82402510 18.96266127 -65.12000000 184.72599310
172.33400146 15.74279728 -65.12000000 184.89850763
0.00000000 0.00000000 0.00000000 0.00000000
0.00000000 0.00000000 0.00000000 0.00000000
172.84397781 12.52293329 -61.86000000 184.00685891
173.35395417 9.30306930 -61.86000000 184.29541537
173.86393053 6.08320531 -61.86000000 184.64108786
174.37390688 2.86334132 -61.86000000 185.04355629
172.84397781 12.52293329 -65.12000000 185.12827695
173.35395417 9.30306930 -65.12000000 185.41508818
173.86393053 6.08320531 -65.12000000 185.75867712
174.37390688 2.86334132 -65.12000000 186.15872938
172.33400146 15.74279728 -71.64000000 187.29424264
171.82402510 18.96266127 -71.64000000 187.12393680
171.31404875 22.18252527 -71.64000000 187.01031342
170.80407239 25.40238926 -71.64000000 186.95347583
172.33400146 15.74279728 -68.38000000 186.07167470
171.82402510 18.96266127 -68.38000000 185.90024886
171.31404875 22.18252527 -68.38000000 185.78587709
170.80407239 25.40238926 -68.38000000 185.72866479
0.00000000 0.00000000 0.00000000 0.00000000
0.00000000 0.00000000 0.00000000 0.00000000
174.37390688 2.86334132 -71.64000000 188.53845158
173.86393053 6.08320531 -71.64000000 188.14345943
173.35395417 9.30306930 -71.64000000 187.80423351
172.84397781 12.52293329 -71.64000000 187.52107648
174.37390688 2.86334132 -68.38000000 187.32400413
173.86393053 6.08320531 -68.38000000 186.92644576
173.35395417 9.30306930 -68.38000000 186.58500724
172.84397781 12.52293329 -68.38000000 186.29999711
170.80407239 25.40238926 -74.90000000 188.22678482
171.31404875 22.18252527 -74.90000000 188.28323804
171.82402510 18.96266127 -74.90000000 188.39609371
172.33400146 15.74279728 -74.90000000 188.56525058
170.80407239 25.40238926 -78.16000000 189.54761440
171.31404875 22.18252527 -78.16000000 189.60367434
171.82402510 18.96266127 -78.16000000 189.71574454
172.33400146 15.74279728 -78.16000000 189.88372580
0.00000000 0.00000000 0.00000000 0.00000000
0.00000000 0.00000000 0.00000000 0.00000000
172.84397781 12.52293329 -74.90000000 188.79055730
173.35395417 9.30306930 -74.90000000 189.07181314
173.86393053 6.08320531 -74.90000000 189.40876887
174.37390688 2.86334132 -74.90000000 189.80112783
172.84397781 12.52293329 -78.16000000 190.10746993
173.35395417 9.30306930 -78.16000000 190.38678033
173.86393053 6.08320531 -78.16000000 190.72141286
174.37390688 2.86334132 -78.16000000 191.11107693
168.76416697 38.28184522 -74.90000000 188.56525058
169.27414332 35.06198123 -74.90000000 188.39609371
169.78411968 31.84211724 -74.90000000 188.28323804
170.29409603 28.62225325 -74.90000000 188.22678482
168.76416697 38.28184522 -78.16000000 189.88372580
169.27414332 35.06198123 -78.16000000 189.71574454
169.78411968 31.84211724 -78.16000000 189.60367434
170.29409603 28.62225325 -78.16000000 189.54761440
0.00000000 0.00000000 0.00000000 0.00000000
0.00000000 0.00000000 0.00000000 0.00000000
166.72426154 51.16130118 -74.90000000 189.80112783
167.23423790 47.94143719 -74.90000000 189.40876887
167.74421425 44.72157320 -74.90000000 189.07181314
168.25419061 41.50170921 -74.90000000 188.79055730
166.72426154 51.16130118 -78.16000000 191.11107693
167.23423790 47.94143719 -78.16000000 190.72141286
167.74421425 44.72157320 -78.16000000 190.38678033
168.25419061 41.50170921 -78.16000000 190.10746993
170.29409603 28.62225325 -71.64000000 186.95347583
169.78411968 31.84211724 -71.64000000 187.01031342
169.27414332 35.06198123 -71.64000000 187.12393680
168.76416697 38.28184522 -71.64000000 187.29424264
170.29409603 28.62225325 -68.38000000 185.72866479
169.78411968 31.84211724 -68.38000000 185.78587709
169.27414332 35.06198123 -68.38000000 185.90024886
168.76416697 38.28184522 -68.38000000 186.07167470
0.00000000 0.00000000 0.00000000 0.00000000
0.00000000 0.00000000 0.00000000 0.00000000
168.25419061 41.50170921 -71.64000000 187.52107648
167.74421425 44.72157320 -71.64000000 187.80423351
167.23423790 47.94143719 -71.64000000 188.14345943
166.72426154 51.16130118 -71.64000000 188.53845158
168.25419061 41.50170921 -68.38000000 186.29999711
167.74421425 44.72157320 -68.38000000 186.58500724
167.23423790 47.94143719 -68.38000000 186.92644576
166.72426154 51.16130118 -68.38000000 187.32400413
168.76416697 38.28184522 -61.86000000 183.77568752
169.27414332 35.06198123 -61.86000000 183.60211798
169.78411968 31.84211724 -61.86000000 183.48631373
170.29409603 28.62225325 -61.86000000 183.42838419
168.76416697 38.28184522 -65.12000000 184.89850763
169.27414332 35.06198123 -65.12000000 184.72599310
169.78411968 31.84211724 -65.12000000 184.61089384
170.29409603 28.62225325 -65.12000000 184.55331730
0.00000000 0.00000000 0.00000000 0.00000000
0.00000000 0.00000000 0.00000000 0.00000000
166.72426154 51.16130118 -61.86000000 185.04355629
167.23423790 47.94143719 -61.86000000 184.64108786
167.74421425 44.72157320 -61.86000000 184.29541537
168.25419061 41.50170921 -61.86000000 184.00685891
166.72426154 51.16130118 -65.12000000 186.15872938
167.23423790 47.94143719 -65.12000000 185.75867712
167.74421425 44.72157320 -65.12000000 185.41508818
168.25419061 41.50170921 -65.12000000 185.12827695
170.29409603 28.62225325 -58.60000000 182.35479847
169.78411968 31.84211724 -58.60000000 182.41306895
169.27414332 35.06198123 -58.60000000 182.52955411
168.76416697 38.28184522 -58.60000000 182.70414260
170.29409603 28.62225325 -55.34000000 181.33347216
169.78411968 31.84211724 -55.34000000 181.39207073
169.27414332 35.06198123 -55.34000000 181.50921113
168.76416697 38.28184522 -55.34000000 181.68478011
0.00000000 0.00000000 0.00000000 0.00000000
0.00000000 0.00000000 0.00000000 0.00000000
168.25419061 41.50170921 -58.60000000 182.93666807
167.74421425 44.72157320 -58.60000000 183.22690994
167.23423790 47.94143719 -58.60000000 183.57459444
166.72426154 51.16130118 -58.60000000 183.97939593
168.25419061 41.50170921 -55.34000000 181.91860852
167.74421425 44.72157320 -55.34000000 182.21047205
167.23423790 47.94143719 -55.34000000 182.56009237
166.72426154 51.16130118 -55.34000000 182.96713837
172.33400146 15.74279728 -31.90000000 175.96719503
171.82402510 18.96266127 -31.90000000 175.78591560
171.31404875 22.18252527 -31.90000000 175.66495873
170.80407239 25.40238926 -31.90000000 175.60444905
172.33400146 15.74279728 -28.64000000 175.40551110
171.82402510 18.96266127 -28.64000000 175.22365059
171.31404875 22.18252527 -28.64000000 175.10230531
170.80407239 25.40238926 -28.64000000 175.04160113
0.00000000 0.00000000 0.00000000 0.00000000
0.00000000 0.00000000 0.00000000 0.00000000
174.37390688 2.86334132 -31.90000000 177.29091383
173.86393053 6.08320531 -31.90000000 176.87080518
173.35395417 9.30306930 -31.90000000 176.50991622
172.84397781 12.52293329 -31.90000000 176.20861081
174.37390688 2.86334132 -28.64000000 176.73343692
173.86393053 6.08320531 -28.64000000 176.31199995
173.35395417 9.30306930 -28.64000000 175.94996483
172.84397781 12.52293329 -28.64000000 175.64769889
170.80407239 25.40238926 -35.16000000 176.22581572
171.31404875 22.18252527 -35.16000000 176.28611212
171.82402510 18.96266127 -35.16000000 176.40664309
172.33400146 15.74279728 -35.16000000 176.58728529
170.80407239 25.40238926 -38.42000000 176.90508451
171.31404875 22.18252527 -38.42000000 176.96514946
171.82402510 18.96266127 -38.42000000 177.08521826
172.33400146 15.74279728 -38.42000000 177.26516896
0.00000000 0.00000000 0.00000000 0.00000000
0.00000000 0.00000000 0.00000000 0.00000000
172.84397781 12.52293329 -35.16000000 176.82785449
173.35395417 9.30306930 -35.16000000 177.12810654
173.86393053 6.08320531 -35.16000000 177.48773852
174.37390688 2.86334132 -35.16000000 177.90639034
172.84397781 12.52293329 -38.42000000 177.50481944
173.35395417 9.30306930 -38.42000000 177.80392832
173.86393053 6.08320531 -38.42000000 178.16219612
174.37390688 2.86334132 -38.42000000 178.57926678
172.33400146 15.74279728 -44.94000000 178.79163103
171.82402510 18.96266127 -44.94000000 178.61321823
171.31404875 22.18252527 -44.94000000 178.49417729
170.80407239 25.40238926 -44.94000000 178.43462703
172.33400146 15.74279728 -41.68000000 178.00018574
171.82402510 18.96266127 -41.68000000 177.82097887
171.31404875 22.18252527 -41.68000000 177.70140721
170.80407239 25.40238926 -41.68000000 177.64159120
0.00000000 0.00000000 0.00000000 0.00000000
0.00000000 0.00000000 0.00000000 0.00000000
174.37390688 2.86334132 -44.94000000 180.09459105
173.86393053 6.08320531 -44.94000000 179.68103774
173.35395417 9.30306930 -44.94000000 179.32580440
172.84397781 12.52293329 -44.94000000 179.02923818
174.37390688 2.86334132 -41.68000000 179.30889695
173.86393053 6.08320531 -41.68000000 178.89352734
173.35395417 9.30306930 -41.68000000 178.53672710
172.84397781 12.52293329 -41.68000000 178.23884797
170.80407239 25.40238926 -48.20000000 179.28344186
171.31404875 22.18252527 -48.20000000 179.34271026
171.82402510 18.96266127 -48.20000000 179.46118835
172.33400146 15.74279728 -48.20000000 179.63875897
170.80407239 25.40238926 -51.46000000 180.18724740
171.31404875 22.18252527 -51.46000000 180.24621861
171.82402510 18.96266127 -51.46000000 180.36410321
172.33400146 15.74279728 -51.46000000 180.54078577
0.00000000 0.00000000 0.00000000 0.00000000
0.00000000 0.00000000 0.00000000 0.00000000
172.84397781 12.52293329 -48.20000000 179.87524712
173.35395417 9.30306930 -48.20000000 180.17042078
173.86393053 6.08320531 -48.20000000 180.52399210
174.37390688 2.86334132 -48.20000000 180.93561873
172.84397781 12.52293329 -51.46000000 180.77609390
173.35395417 9.30306930 -51.46000000 181.06979904
173.86393053 6.08320531 -51.46000000 181.42161758
174.37390688 2.86334132 -51.46000000 181.83121219
168.76416697 38.28184522 -48.20000000 179.63875897
169.27414332 35.06198123 -48.20000000 179.46118835
169.78411968 31.84211724 -48.20000000 179.34271026
170.29409603 28.62225325 -48.20000000 179.28344186
168.76416697 38.28184522 -51.46000000 180.54078577
169.27414332 35.06198123 -51.46000000 180.36410321
169.78411968 31.84211724 -51.46000000 180.24621861
170.29409603 28.62225325 -51.46000000 180.18724740
0.00000000 0.00000000 0.00000000 0.00000000
0.00000000 0.00000000 0.00000000 0.00000000
166.72426154 51.16130118 -48.20000000 180.93561873
167.23423790 47.94143719 -48.20000000 180.52399210
167.74421425 44.72157320 -48.20000000 180.17042078
168.25419061 41.50170921 -48.20000000 179.87524712
166.72426154 51.16130118 -51.46000000 181.83121219
167.23423790 47.94143719 -51.46000000 181.42161758
167.74421425 44.72157320 -51.46000000 181.06979904
168.25419061 41.50170921 -51.46000000 180.77609390
170.29409603 28.62225325 -44.94000000 178.43462703
169.78411968 31.84211724 -44.94000000 178.49417729
169.27414332 35.06198123 -44.94000000 178.61321823
168.76416697 38.28184522 -44.94000000 178.79163103
170.29409603 28.62225325 -41.68000000 177.64159120
169.78411968 31.84211724 -41.68000000 177.70140721
169.27414332 35.06198123 -41.68000000 177.82097887
168.76416697 38.28184522 -41.68000000 178.00018574
0.00000000 0.00000000 0.00000000 0.00000000
0.00000000 0.00000000 0.00000000 0.00000000
168.25419061 41.50170921 -44.94000000 179.02923818
167.74421425 44.72157320 -44.94000000 179.32580440
167.23423790 47.94143719 -44.94000000 179.68103774
166.72426154 51.16130118 -44.94000000 180.09459105
168.25419061 41.50170921 -41.68000000 178.23884797
167.74421425 44.72157320 -41.68000000 178.53672710
167.23423790 47.94143719 -41.68000000 178.89352734
166.72426154 51.16130118 -41.68000000 179.30889695
168.76416697 38.28184522 -35.16000000 176.58728529
169.27414332 35.06198123 -35.16000000 176.40664309
169.78411968 31.84211724 -35.16000000 176.28611212
170.29409603 28.62225325 -35.16000000 176.22581572
168.76416697 38.28184522 -38.42000000 177.26516896
169.27414332 35.06198123 -38.42000000 177.08521826
169.78411968 31.84211724 -38.42000000 176.96514946
170.29409603 28.62225325 -38.42000000 176.90508451
0.00000000 0.00000000 0.00000000 0.00000000
0.00000000 0.00000000 0.00000000 0.00000000
166.72426154 51.16130118 -35.16000000 177.90639034
167.23423790 47.94143719 -35.16000000 177.48773852
167.74421425 44.72157320 -35.16000000 177.12810654
168.25419061 41.50170921 -35.16000000 176.82785449
166.72426154 51.16130118 -38.42000000 178.57926678
167.23423790 47.94143719 -38.42000000 178.16219612
167.74421425 44.72157320 -38.42000000 177.80392832
168.25419061 41.50170921 -38.42000000 177.50481944
170.29409603 28.62225325 -31.90000000 175.60444905
169.78411968 31.84211724 -31.90000000 175.66495873
169.27414332 35.06198123 -31.90000000 175.78591560
168.76416697 38.28184522 -31.90000000 175.96719503
170.29409603 28.62225325 -28.64000000 175.04160113
169.78411968 31.84211724 -28.64000000 175.10230531
169.27414332 35.06198123 -28.64000000 175.22365059
168.76416697 38.28184522 -28.64000000 175.40551110
0.00000000 0.00000000 0.00000000 0.00000000
0.00000000 0.00000000 0.00000000 0.00000000
168.25419061 41.50170921 -31.90000000 176.20861081
167.74421425 44.72157320 -31.90000000 176.50991622
167.23423790 47.94143719 -31.90000000 176.87080518
166.72426154 51.16130118 -31.90000000 177.29091383
168.25419061 41.50170921 -28.64000000 175.64769889
167.74421425 44.72157320 -28.64000000 175.94996483
167.23423790 47.94143719 -28.64000000 176.31199995
166.72426154 51.16130118 -28.64000000 176.73343692
172.33400146 15.74279728 -5.20000000 173.12967315
171.82402510 18.96266127 -5.20000000 172.94541950
171.31404875 22.18252527 -5.20000000 172.82247459
170.80407239 25.40238926 -5.20000000 172.76096933
172.33400146 15.74279728 -1.94000000 173.06243765
171.82402510 18.96266127 -1.94000000 172.87811234
171.31404875 22.18252527 -1.94000000 172.75511953
170.80407239 25.40238926 -1.94000000 172.69359028
0.00000000 0.00000000 0.00000000 0.00000000
0.00000000 0.00000000 0.00000000 0.00000000
174.37390688 2.86334132 -5.20000000 174.47492119
173.86393053 6.08320531 -5.20000000 174.04801557
173.35395417 9.30306930 -5.20000000 173.68126129
172.84397781 12.52293329 -5.20000000 173.37504009
174.37390688 2.86334132 -1.94000000 174.40820429
173.86393053 6.08320531 -1.94000000 173.98113497
173.35395417 9.30306930 -1.94000000 173.61423941
172.84397781 12.52293329 -1.94000000 173.30789978
170.80407239 25.40238926 -8.46000000 172.88980342
171.31404875 22.18252527 -8.46000000 172.95126286
171.82402510 18.96266127 -8.46000000 173.07411628
172.33400146 15.74279728 -8.46000000 173.25823307
170.80407239 25.40238926 -11.72000000 173.07995530
171.31404875 22.18252527 -11.72000000 173.14134724
171.82402510 18.96266127 -11.72000000 173.26406588
172.33400146 15.74279728 -11.72000000 173.44798103
0.00000000 0.00000000 0.00000000 0.00000000
0.00000000 0.00000000 0.00000000 0.00000000
172.84397781 12.52293329 -8.46000000 173.50341819
173.35395417 9.30306930 -8.46000000 173.80941322
173.86393053 6.08320531 -8.46000000 174.17589766
174.37390688 2.86334132 -8.46000000 174.60249060
172.84397781 12.52293329 -11.72000000 173.69289831
173.35395417 9.30306930 -11.72000000 173.99856012
173.86393053 6.08320531 -11.72000000 174.36464700
174.37390688 2.86334132 -11.72000000 174.79077929
172.33400146 15.74279728 -18.24000000 174.01017592
171.82402510 18.96266127 -18.24000000 173.82685559
171.31404875 22.18252527 -18.24000000 173.70453456
170.80407239 25.40238926 -18.24000000 173.64334172
172.33400146 15.74279728 -14.98000000 173.69871653
171.82402510 18.96266127 -14.98000000 173.51506714
171.31404875 22.18252527 -14.98000000 173.39252615
170.80407239 25.40238926 -14.98000000 173.33122317
0.00000000 0.00000000 0.00000000 0.00000000
0.00000000 0.00000000 0.00000000 0.00000000
174.37390688 2.86334132 -18.24000000 175.34866901
173.86393053 6.08320531 -18.24000000 174.92389581
173.35395417 9.30306930 -18.24000000 174.55898179
172.84397781 12.52293329 -18.24000000 174.25430303
174.37390688 2.86334132 -14.98000000 175.03959131
173.86393053 6.08320531 -14.98000000 174.61406623
173.35395417 9.30306930 -14.98000000 174.24850337
172.84397781 12.52293329 -14.98000000 173.94328077
170.80407239 25.40238926 -21.50000000 174.01598353
171.31404875 22.18252527 -21.50000000 174.07704537
171.82402510 18.96266127 -21.50000000 174.19910483
172.33400146 15.74279728 -21.50000000 174.38203384
170.80407239 25.40238926 -24.76000000 174.44876074
171.31404875 22.18252527 -24.76000000 174.50967115
171.82402510 18.96266127 -24.76000000 174.63142823
172.33400146 15.74279728 -24.76000000 174.81390484
0.00000000 0.00000000 0.00000000 0.00000000
0.00000000 0.00000000 0.00000000 0.00000000
172.84397781 12.52293329 -21.50000000 174.62564109
173.35395417 9.30306930 -21.50000000 174.92967308
173.86393053 6.08320531 -21.50000000 175.29381542
174.37390688 2.86334132 -21.50000000 175.71769440
172.84397781 12.52293329 -24.76000000 175.05691110
173.35395417 9.30306930 -24.76000000 175.36019538
173.86393053 6.08320531 -24.76000000 175.72344558
174.37390688 2.86334132 -24.76000000 176.14629069
168.76416697 38.28184522 -21.50000000 174.38203384
169.27414332 35.06198123 -21.50000000 174.19910483
169.78411968 31.84211724 -21.50000000 174.07704537
170.29409603 28.62225325 -21.50000000 174.01598353
168.76416697 38.28184522 -24.76000000 174.81390484
169.27414332 35.06198123 -24.76000000 174.63142823
169.78411968 31.84211724 -24.76000000 174.50967115
170.29409603 28.62225325 -24.76000000 174.44876074
0.00000000 0.00000000 0.00000000 0.00000000
0.00000000 0.00000000 0.00000000 0.00000000
166.72426154 51.16130118 -21.50000000 175.71769440
167.23423790 47.94143719 -21.50000000 175.29381542
167.74421425 44.72157320 -21.50000000 174.92967308
168.25419061 41.50170921 -21.50000000 174.62564109
166.72426154 51.16130118 -24.76000000 176.14629069
167.23423790 47.94143719 -24.76000000 175.72344558
167.74421425 44.72157320 -24.76000000 175.36019538
168.25419061 41.50170921 -24.76000000 175.05691110
170.29409603 28.62225325 -18.24000000 173.64334172
169.78411968 31.84211724 -18.24000000 173.70453456
169.27414332 35.06198123 -18.24000000 173.82685559
168.76416697 38.28184522 -18.24000000 174.01017592
170.29409603 28.62225325 -14.98000000 173.33122317
169.78411968 31.84211724 -14.98000000 173.39252615
169.27414332 35.06198123 -14.98000000 173.51506714
168.76416697 38.28184522 -14.98000000 173.69871653
0.00000000 0.00000000 0.00000000 0.00000000
0.00000000 0.00000000 0.00000000 0.00000000
168.25419061 41.50170921 -18.24000000 174.25430303
167.74421425 44.72157320 -18.24000000 174.55898179
167.23423790 47.94143719 -18.24000000 174.92389581
166.72426154 51.16130118 -18.24000000 175.34866901
168.25419061 41.50170921 -14.98000000 173.94328077
167.74421425 44.72157320 -14.98000000 174.24850337
167.23423790 47.94143719 -14.98000000 174.61406623
166.72426154 51.16130118 -14.98000000 175.03959131
168.76416697 38.28184522 -8.46000000 173.25823307
169.27414332 35.06198123 -8.46000000 173.07411628
169.78411968 31.84211724 -8.46000000 172.95126286
170.29409603 28.62225325 -8.46000000 172.88980342
168.76416697 38.28184522 -11.72000000 173.44798103
169.27414332 35.06198123 -11.72000000 173.26406588
169.78411968 31.84211724 -11.72000000 173.14134724
170.29409603 28.62225325 -11.72000000 173.07995530
0.00000000 0.00000000 0.00000000 0.00000000
0.00000000 0.00000000 0.00000000 0.00000000
166.72426154 51.16130118 -8.46000000 174.60249060
167.23423790 47.94143719 -8.46000000 174.17589766
167.74421425 44.72157320 -8.46000000 173.80941322
168.25419061 41.50170921 -8.46000000 173.50341819
166.72426154 51.16130118 -11.72000000 174.79077929
167.23423790 47.94143719 -11.72000000 174.36464700
167.74421425 44.72157320 -11.72000000 173.99856012
168.25419061 41.50170921 -11.72000000 173.69289831
170.29409603 28.62225325 -5.20000000 172.76096933
169.78411968 31.84211724 -5.20000000 172.82247459
169.27414332 35.06198123 -5.20000000 172.94541950
168.76416697 38.28184522 -5.20000000 173.12967315
170.29409603 28.62225325 -1.94000000 172.69359028
169.78411968 31.84211724 -1.94000000 172.75511953
169.27414332 35.06198123 -1.94000000 172.87811234
168.76416697 38.28184522 -1.94000000 173.06243765
0.00000000 0.00000000 0.00000000 0.00000000
0.00000000 0.00000000 0.00000000 0.00000000
168.25419061 41.50170921 -5.20000000 173.37504009
167.74421425 44.72157320 -5.20000000 173.68126129
167.23423790 47.94143719 -5.20000000 174.04801557
166.72426154 51.16130118 -5.20000000 174.47492119
168.25419061 41.50170921 -1.94000000 173.30789978
167.74421425 44.72157320 -1.94000000 173.61423941
167.23423790 47.94143719 -1.94000000 173.98113497
166.72426154 51.16130118 -1.94000000 174.40820429
172.33400146 15.74279728 21.50000000 174.38203384
171.82402510 18.96266127 21.50000000 174.19910483
171.31404875 22.18252527 21.50000000 174.07704537
170.80407239 25.40238926 21.50000000 174.01598353
172.33400146 15.74279728 24.76000000 174.81390484
171.82402510 18.96266127 24.76000000 174.63142823
171.31404875 22.18252527 24.76000000 174.50967115
170.80407239 25.40238926 24.76000000 174.44876074
0.00000000 0.00000000 0.00000000 0.00000000
0.00000000 0.00000000 0.00000000 0.00000000
174.37390688 2.86334132 21.50000000 175.71769440
173.86393053 6.08320531 21.50000000 175.29381542
173.35395417 9.30306930 21.50000000 174.92967308
172.84397781 12.52293329 21.50000000 174.62564109
174.37390688 2.86334132 24.76000000 176.14629069
173.86393053 6.08320531 24.76000000 175.72344558
173.35395417 9.30306930 24.76000000 175.36019538
172.84397781 12.52293329 24.76000000 175.05691110
170.80407239 25.40238926 18.24000000 173.64334172
171.31404875 22.18252527 18.24000000 173.70453456
171.82402510 18.96266127 18.24000000 173.82685559
172.33400146 15.74279728 18.24000000 174.01017592
170.80407239 25.40238926 14.98000000 173.33122317
171.31404875 22.18252527 14.98000000 173.39252615
171.82402510 18.96266127 14.98000000 173.51506714
172.33400146 15.74279728 14.98000000 173.69871653
0.00000000 0.00000000 0.00000000 0.00000000
0.00000000 0.00000000 0.00000000 0.00000000
172.84397781 12.52293329 18.24000000 174.25430303
173.35395417 9.30306930 18.24000000 174.55898179
173.86393053 6.08320531 18.24000000 174.92389581
174.37390688 2.86334132 18.24000000 175.34866901
172.84397781 12.52293329 14.98000000 173.94328077
173.35395417 9.30306930 14.98000000 174.24850337
173.86393053 6.08320531 14.98000000 174.61406623
174.37390688 2.86334132 14.98000000 175.03959131
172.33400146 15.74279728 8.46000000 173.25823307
171.82402510 18.96266127 8.46000000 173.07411628
171.31404875 22.18252527 8.46000000 172.95126286
170.80407239 25.40238926 8.46000000 172.88980342
172.33400146 15.74279728 11.72000000 173.44798103
171.82402510 18.96266127 11.72000000 173.26406588
171.31404875 22.18252527 11.72000000 173.14134724
170.80407239 25.40238926 11.72000000 173.07995530
0.00000000 0.00000000 0.00000000 0.00000000
0.00000000 0.00000000 0.00000000 0.00000000
174.37390688 2.86334132 8.46000000 174.60249060
173.86393053 6.08320531 8.46000000 174.17589766
173.35395417 9.30306930 8.46000000 173.80941322
172.84397781 12.52293329 8.46000000 173.50341819
174.37390688 2.86334132 11.72000000 174.79077929
173.86393053 6.08320531 11.72000000 174.36464700
173.35395417 9.30306930 11.72000000 173.99856012
172.84397781 12.52293329 11.72000000 173.69289831
170.80407239 25.40238926 5.20000000 172.76096933
171.31404875 22.18252527 5.20000000 172.82247459
171.82402510 18.96266127 5.20000000 172.94541950
172.33400146 15.74279728 5.20000000 173.12967315
170.80407239 25.40238926 1.94000000 172.69359028
171.31404875 22.18252527 1.94000000 172.75511953
171.82402510 18.96266127 1.94000000 172.87811234
172.33400146 15.74279728 1.94000000 173.06243765
0.00000000 0.00000000 0.00000000 0.00000000
0.00000000 0.00000000 0.00000000 0.00000000
172.84397781 12.52293329 5.20000000 173.37504009
173.35395417 9.30306930 5.20000000 173.68126129
173.86393053 6.08320531 5.20000000 174.04801557
174.37390688 2.86334132 5.20000000 174.47492119
172.84397781 12.52293329 1.94000000 173.30789978
173.35395417 9.30306930 1.94000000 173.61423941
173.86393053 6.08320531 1.94000000 173.98113497
174.37390688 2.86334132 1.94000000 174.40820429
168.76416697 38.28184522 5.20000000 173.12967315
169.27414332 35.06198123 5.20000000 172.94541950
169.78411968 31.84211724 5.20000000 172.82247459
170.29409603 28.62225325 5.20000000 172.76096933
168.76416697 38.28184522 1.94000000 173.06243765
169.27414332 35.06198123 1.94000000 172.87811234
169.78411968 31.84211724 1.94000000 172.75511953
170.29409603 28.62225325 1.94000000 172.69359028
0.00000000 0.00000000 0.00000000 0.00000000
0.00000000 0.00000000 0.00000000 0.00000000
166.72426154 51.16130118 5.20000000 174.47492119
167.23423790 47.94143719 5.20000000 174.04801557
167.74421425 44.72157320 5.20000000 173.68126129
168.25419061 41.50170921 5.20000000 173.37504009
166.72426154 51.16130118 1.94000000 174.40820429
167.23423790 47.94143719 1.94000000 173.98113497
167.74421425 44.72157320 1.94000000 173.61423941
168.25419061 41.50170921 1.94000000 173.30789978
170.29409603 28.62225325 8.46000000 172.88980342
169.78411968 31.84211724 8.46000000 172.95126286
169.27414332 35.06198123 8.46000000 173.07411628
168.76416697 38.28184522 8.46000000 173.25823307
170.29409603 28.62225325 11.72000000 173.07995530
169.78411968 31.84211724 11.72000000 173.14134724
169.27414332 35.06198123 11.72000000 173.26406588
168.76416697 38.28184522 11.72000000 173.44798103
0.00000000 0.00000000 0.00000000 0.00000000
0.00000000 0.00000000 0.00000000 0.00000000
168.25419061 41.50170921 8.46000000 173.50341819
167.74421425 44.72157320 8.46000000 173.80941322
167.23423790 47.94143719 8.46000000 174.17589766
166.72426154 51.16130118 8.46000000 174.60249060
168.25419061 41.50170921 11.72000000 173.69289831
167.74421425 44.72157320 11.72000000 173.99856012
167.23423790 47.94143719 11.72000000 174.36464700
166.72426154 51.16130118 11.72000000 174.79077929
168.76416697 38.28184522 18.24000000 174.01017592
169.27414332 35.06198123 18.24000000 173.82685559
169.78411968 31.84211724 18.24000000 173.70453456
170.29409603 28.62225325 18.24000000 173.64334172
168.76416697 38.28184522 14.98000000 173.69871653
169.27414332 35.06198123 14.98000000 173.51506714
169.78411968 31.84211724 14.98000000 173.39252615
170.29409603 28.62225325 14.98000000 173.33122317
0.00000000 0.00000000 0.00000000 0.00000000
0.00000000 0.00000000 0.00000000 0.00000000
166.72426154 51.16130118 18.24000000 175.34866901
167.23423790 47.94143719 18.24000000 174.92389581
167.74421425 44.72157320 18.24000000 174.55898179
168.25419061 41.50170921 18.24000000 174.25430303
166.72426154 51.16130118 14.98000000 175.03959131
167.23423790 47.94143719 14.98000000 174.61406623
167.74421425 44.72157320 14.98000000 174.24850337
168.25419061 41.50170921 14.98000000 173.94328077
170.29409603 28.62225325 21.50000000 174.01598353
169.78411968 31.84211724 21.50000000 174.07704537
169.27414332 35.06198123 21.50000000 174.19910483
168.76416697 38.28184522 21.50000000 174.38203384
170.29409603 28.62225325 24.76000000 174.44876074
169.78411968 31.84211724 24.76000000 174.50967115
169.27414332 35.06198123 24.76000000 174.63142823
168.76416697 38.28184522 24.76000000 174.81390484
0.00000000 0.00000000 0.00000000 0.00000000
0.00000000 0.00000000 0.00000000 0.00000000
168.25419061 41.50170921 21.50000000 174.62564109
167.74421425 44.72157320 21.50000000 174.92967308
167.23423790 47.94143719 21.50000000 175.29381542
166.72426154 51.16130118 21.50000000 175.71769440
168.25419061 41.50170921 24.76000000 175.05691110
167.74421425 44.72157320 24.76000000 175.36019538
167.23423790 47.94143719 24.76000000 175.72344558
166.72426154 51.16130118 24.76000000 176.14629069
172.33400146 15.74279728 48.20000000 179.63875897
171.82402510 18.96266127 48.20000000 179.46118835
171.31404875 22.18252527 48.20000000 179.34271026
170.80407239 25.40238926 48.20000000 179.28344186
172.33400146 15.74279728 51.46000000 180.54078577
171.82402510 18.96266127 51.46000000 180.36410321
171.31404875 22.18252527 51.46000000 180.24621861
170.80407239 25.40238926 51.46000000 180.18724740
0.00000000 0.00000000 0.00000000 0.00000000
0.00000000 0.00000000 0.00000000 0.00000000
174.37390688 2.86334132 48.20000000 180.93561873
173.86393053 6.08320531 48.20000000 180.52399210
173.35395417 9.30306930 48.20000000 180.17042078
172.84397781 12.52293329 48.20000000 179.87524712
174.37390688 2.86334132 51.46000000 181.83121219
173.86393053 6.08320531 51.46000000 181.42161758
173.35395417 9.30306930 51.46000000 181.06979904
172.84397781 12.52293329 51.46000000 180.77609390
170.80407239 25.40238926 44.94000000 178.43462703
171.31404875 22.18252527 44.94000000 178.49417729
171.82402510 18.96266127 44.94000000 178.61321823
172.33400146 15.74279728 44.94000000 178.79163103
170.80407239 25.40238926 41.68000000 177.64159120
171.31404875 22.18252527 41.68000000 177.70140721
171.82402510 18.96266127 41.68000000 177.82097887
172.33400146 15.74279728 41.68000000 178.00018574
0.00000000 0.00000000 0.00000000 0.00000000
0.00000000 0.00000000 0.00000000 0.00000000
172.84397781 12.52293329 44.94000000 179.02923818
173.35395417 9.30306930 44.94000000 179.32580440
173.86393053 6.08320531 44.94000000 179.68103774
174.37390688 2.86334132 44.94000000 180.09459105
172.84397781 12.52293329 41.68000000 178.23884797
173.35395417 9.30306930 41.68000000 178.53672710
173.86393053 6.08320531 41.68000000 178.89352734
174.37390688 2.86334132 41.68000000 179.30889695
172.33400146 15.74279728 35.16000000 176.58728529
171.82402510 18.96266127 35.16000000 176.40664309
171.31404875 22.18252527 35.16000000 176.28611212
170.80407239 25.40238926 35.16000000 176.22581572
172.33400146 15.74279728 38.42000000 177.26516896
171.82402510 18.96266127 38.42000000 177.08521826
171.31404875 22.18252527 38.42000000 176.96514946
170.80407239 25.40238926 38.42000000 176.90508451
0.00000000 0.00000000 0.00000000 0.00000000
0.00000000 0.00000000 0.00000000 0.00000000
174.37390688 2.86334132 35.16000000 177.90639034
173.86393053 6.08320531 35.16000000 177.48773852
173.35395417 9.30306930 35.16000000 177.12810654
172.84397781 12.52293329 35.16000000 176.82785449
174.37390688 2.86334132 38.42000000 178.57926678
173.86393053 6.08320531 38.42000000 178.16219612
173.35395417 9.30306930 38.42000000 177.80392832
172.84397781 12.52293329 38.42000000 177.50481944
170.80407239 25.40238926 31.90000000 175.60444905
171.31404875 22.18252527 31.90000000 175.66495873
171.82402510 18.96266127 31.90000000 175.78591560
172.33400146 15.74279728 31.90000000 175.96719503
170.80407239 25.40238926 28.64000000 175.04160113
171.31404875 22.18252527 28.64000000 175.10230531
171.82402510 18.96266127 28.64000000 175.22365059
172.33400146 15.74279728 28.64000000 175.40551110
0.00000000 0.00000000 0.00000000 0.00000000
0.00000000 0.00000000 0.00000000 0.00000000
172.84397781 12.52293329 31.90000000 176.20861081
173.35395417 9.30306930 31.90000000 176.50991622
173.86393053 6.08320531 31.90000000 176.87080518
174.37390688 2.86334132 31.90000000 177.29091383
172.84397781 12.52293329 28.64000000 175.64769889
173.35395417 9.30306930 28.64000000 175.94996483
173.86393053 6.08320531 28.64000000 176.31199995
174.37390688 2.86334132 28.64000000 176.73343692
168.76416697 38.28184522 31.90000000 175.96719503
169.27414332 35.06198123 31.90000000 175.78591560
169.78411968 31.84211724 31.90000000 175.66495873
170.29409603 28.62225325 31.90000000 175.60444905
168.76416697 38.28184522 28.64000000 175.40551110
169.27414332 35.06198123 28.64000000 175.22365059
169.78411968 31.84211724 28.64000000 175.10230531
170.29409603 28.62225325 28.64000000 175.04160113
0.00000000 0.00000000 0.00000000 0.00000000
0.00000000 0.00000000 0.00000000 0.00000000
166.72426154 51.16130118 31.90000000 177.29091383
167.23423790 47.94143719 31.90000000 176.87080518
167.74421425 44.72157320 31.90000000 176.50991622
168.25419061 41.50170921 31.90000000 176.20861081
166.72426154 51.16130118 28.64000000 176.73343692
167.23423790 47.94143719 28.64000000 176.31199995
167.74421425 44.72157320 28.64000000 175.94996483
168.25419061 41.50170921 28.64000000 175.64769889
170.29409603 28.62225325 35.16000000 176.22581572
169.78411968 31.84211724 35.16000000 176.28611212
169.27414332 35.06198123 35.16000000 176.40664309
168.76416697 38.28184522 35.16000000 176.58728529
170.29409603 28.62225325 38.42000000 176.90508451
169.78411968 31.84211724 38.42000000 176.96514946
169.27414332 35.06198123 38.42000000 177.08521826
168.76416697 38.28184522 38.42000000 177.26516896
0.00000000 0.00000000 0.00000000 0.00000000
0.00000000 0.00000000 0.00000000 0.00000000
168.25419061 41.50170921 35.16000000 176.82785449
167.74421425 44.72157320 35.16000000 177.12810654
167.23423790 47.94143719 35.16000000 177.48773852
166.72426154 51.16130118 35.16000000 177.90639034
168.25419061 41.50170921 38.42000000 177.50481944
167.74421425 44.72157320 38.42000000 177.80392832
167.23423790 47.94143719 38.42000000 178.16219612
166.72426154 51.16130118 38.42000000 178.57926678
168.76416697 38.28184522 44.94000000 178.79163103
169.27414332 35.06198123 44.94000000 178.61321823
169.78411968 31.84211724 44.94000000 178.49417729
170.29409603 28.62225325 44.94000000 178.43462703
168.76416697 38.28184522 41.68000000 178.00018574
169.27414332 35.06198123 41.68000000 177.82097887
169.78411968 31.84211724 41.68000000 177.70140721
170.29409603 28.62225325 41.68000000 177.64159120
0.00000000 0.00000000 0.00000000 0.00000000
0.00000000 0.00000000 0.00000000 0.00000000
166.72426154 51.16130118 44.94000000 180.09459105
167.23423790 47.94143719 44.94000000 179.68103774
167.74421425 44.72157320 44.94000000 179.32580440
168.25419061 41.50170921 44.94000000 179.02923818
166.72426154 51.16130118 41.68000000 179.30889695
167.23423790 47.94143719 41.68000000 178.89352734
167.74421425 44.72157320 41.68000000 178.53672710
168.25419061 41.50170921 41.68000000 178.23884797
170.29409603 28.62225325 48.20000000 179.28344186
169.78411968 31.84211724 48.20000000 179.34271026
169.27414332 35.06198123 48.20000000 179.46118835
168.76416697 38.28184522 48.20000000 179.63875897
170.29409603 28.62225325 51.46000000 180.18724740
169.78411968 31.84211724 51.46000000 180.24621861
169.27414332 35.06198123 51.46000000 180.36410321
168.76416697 38.28184522 51.46000000 180.54078577
0.00000000 0.00000000 0.00000000 0.00000000
0.00000000 0.00000000 0.00000000 0.00000000
168.25419061 41.50170921 48.20000000 179.87524712
167.74421425 44.72157320 48.20000000 180.17042078
167.23423790 47.94143719 48.20000000 180.52399210
166.72426154 51.16130118 48.20000000 180.93561873
168.25419061 41.50170921 51.46000000 180.77609390
167.74421425 44.72157320 51.46000000 181.06979904
167.23423790 47.94143719 51.46000000 181.42161758
166.72426154 51.16130118 51.46000000 181.83121219
172.33400146 15.74279728 74.90000000 188.56525058
171.82402510 18.96266127 74.90000000 188.39609371
171.31404875 22.18252527 74.90000000 188.28323804
170.80407239 25.40238926 74.90000000 188.22678482
172.33400146 15.74279728 78.16000000 189.88372580
171.82402510 18.96266127 78.16000000 189.71574454
171.31404875 22.18252527 78.16000000 189.60367434
170.80407239 25.40238926 78.16000000 189.54761440
0.00000000 0.00000000 0.00000000 0.00000000
0.00000000 0.00000000 0.00000000 0.00000000
174.37390688 2.86334132 74.90000000 189.80112783
173.86393053 6.08320531 74.90000000 189.40876887
173.35395417 9.30306930 74.90000000 189.07181314
172.84397781 12.52293329 74.90000000 188.79055730
174.37390688 2.86334132 78.16000000 191.11107693
173.86393053 6.08320531 78.16000000 190.72141286
173.35395417 9.30306930 78.16000000 190.38678033
172.84397781 12.52293329 78.16000000 190.10746993
170.80407239 25.40238926 71.64000000 186.95347583
171.31404875 22.18252527 71.64000000 187.01031342
171.82402510 18.96266127 71.64000000 187.12393680
172.33400146 15.74279728 71.64000000 187.29424264
170.80407239 25.40238926 68.38000000 185.72866479
171.31404875 22.18252527 68.38000000 185.78587709
171.82402510 18.96266127 68.38000000 185.90024886
172.33400146 15.74279728 68.38000000 186.07167470
0.00000000 0.00000000 0.00000000 0.00000000
0.00000000 0.00000000 0.00000000 0.00000000
172.84397781 12.52293329 71.64000000 187.52107648
173.35395417 9.30306930 71.64000000 187.80423351
173.86393053 6.08320531 71.64000000 188.14345943
174.37390688 2.86334132 71.64000000 188.53845158
172.84397781 12.52293329 68.38000000 186.29999711
173.35395417 9.30306930 68.38000000 186.58500724
173.86393053 6.08320531 68.38000000 186.92644576
174.37390688 2.86334132 68.38000000 187.32400413
172.33400146 15.74279728 61.86000000 183.77568752
171.82402510 18.96266127 61.86000000 183.60211798
171.31404875 22.18252527 61.86000000 183.48631373
170.80407239 25.40238926 61.86000000 183.42838419
172.33400146 15.74279728 65.12000000 184.89850763
171.82402510 18.96266127 65.12000000 184.72599310
171.31404875 22.18252527 65.12000000 184.61089384
170.80407239 25.40238926 65.12000000 184.55331730
0.00000000 0.00000000 0.00000000 0.00000000
0.00000000 0.00000000 0.00000000 0.00000000
174.37390688 2.86334132 61.86000000 185.04355629
173.86393053 6.08320531 61.86000000 184.64108786
173.35395417 9.30306930 61.86000000 184.29541537
172.84397781 12.52293329 61.86000000 184.00685891
174.37390688 2.86334132 65.12000000 186.15872938
173.86393053 6.08320531 65.12000000 185.75867712
173.35395417 9.30306930 65.12000000 185.41508818
172.84397781 12.52293329 65.12000000 185.12827695
170.80407239 25.40238926 58.60000000 182.35479847
171.31404875 22.18252527 58.60000000 182.41306895
171.82402510 18.96266127 58.60000000 182.52955411
172.33400146 15.74279728 58.60000000 182.70414260
170.80407239 25.40238926 55.34000000 181.33347216
171.31404875 22.18252527 55.34000000 181.39207073
171.82402510 18.96266127 55.34000000 181.50921113
172.33400146 15.74279728 55.34000000 181.68478011
0.00000000 0.00000000 0.00000000 0.00000000
0.00000000 0.00000000 0.00000000 0.00000000
172.84397781 12.52293329 58.60000000 182.93666807
173.35395417 9.30306930 58.60000000 183.22690994
173.86393053 6.08320531 58.60000000 183.57459444
174.37390688 2.86334132 58.60000000 183.97939593
172.84397781 12.52293329 55.34000000 181.91860852
173.35395417 9.30306930 55.34000000 182.21047205
173.86393053 6.08320531 55.34000000 182.56009237
174.37390688 2.86334132 55.34000000 182.96713837
168.76416697 38.28184522 58.60000000 182.70414260
169.27414332 35.06198123 58.60000000 182.52955411
169.78411968 31.84211724 58.60000000 182.41306895
170.29409603 28.62225325 58.60000000 182.35479847
168.76416697 38.28184522 55.34000000 181.68478011
169.27414332 35.06198123 55.34000000 181.50921113
169.78411968 31.84211724 55.34000000 181.39207073
170.29409603 28.62225325 55.34000000 181.33347216
0.00000000 0.00000000 0.00000000 0.00000000
0.00000000 0.00000000 0.00000000 0.00000000
166.72426154 51.16130118 58.60000000 183.97939593
167.23423790 47.94143719 58.60000000 183.57459444
167.74421425 44.72157320 58.60000000 183.22690994
168.25419061 41.50170921 58.60000000 182.93666807
166.72426154 51.16130118 55.34000000 182.96713837
167.23423790 47.94143719 55.34000000 182.56009237
167.74421425 44.72157320 55.34000000 182.21047205
168.25419061 41.50170921 55.34000000 181.91860852
170.29409603 28.62225325 61.86000000 183.42838419
169.78411968 31.84211724 61.86000000 183.48631373
169.27414332 35.06198123 61.86000000 183.60211798
168.76416697 38.28184522 61.86000000 183.77568752
170.29409603 28.62225325 65.12000000 184.55331730
169.78411968 31.84211724 65.12000000 184.61089384
169.27414332 35.06198123 65.12000000 184.72599310
168.76416697 38.28184522 65.12000000 184.89850763
0.00000000 0.00000000 0.00000000 0.00000000
0.00000000 0.00000000 0.00000000 0.00000000
168.25419061 41.50170921 61.86000000 184.00685891
167.74421425 44.72157320 61.86000000 184.29541537
167.23423790 47.94143719 61.86000000 184.64108786
166.72426154 51.16130118 61.86000000 185.04355629
168.25419061 41.50170921 65.12000000 185.12827695
167.74421425 44.72157320 65.12000000 185.41508818
167.23423790 47.94143719 65.12000000 185.75867712
166.72426154 51.16130118 65.12000000 186.15872938
168.76416697 38.28184522 71.64000000 187.29424264
169.27414332 35.06198123 71.64000000 187.12393680
169.78411968 31.84211724 71.64000000 187.01031342
170.29409603 28.62225325 71.64000000 186.95347583
168.76416697 38.28184522 68.38000000 186.07167470
169.27414332 35.06198123 68.38000000 185.90024886
169.78411968 31.84211724 68.38000000 185.78587709
170.29409603 28.62225325 68.38000000 185.72866479
0.00000000 0.00000000 0.00000000 0.00000000
0.00000000 0.00000000 0.00000000 0.00000000
166.72426154 51.16130118 71.64000000 188.53845158
167.23423790 47.94143719 71.64000000 188.14345943
167.74421425 44.72157320 71.64000000 187.80423351
168.25419061 41.50170921 71.64000000 187.52107648
166.72426154 51.16130118 68.38000000 187.32400413
167.23423790 47.94143719 68.38000000 186.92644576
167.74421425 44.72157320 68.38000000 186.58500724
168.25419061 41.50170921 68.38000000 186.29999711
170.29409603 28.62225325 74.90000000 188.22678482
169.78411968 31.84211724 74.90000000 188.28323804
169.27414332 35.06198123 74.90000000 188.39609371
168.76416697 38.28184522 74.90000000 188.56525058
170.29409603 28.62225325 78.16000000 189.54761440
169.78411968 31.84211724 78.16000000 189.60367434
169.27414332 35.06198123 78.16000000 189.71574454
168.76416697 38.28184522 78.16000000 189.88372580
0.00000000 0.00000000 0.00000000 0.00000000
0.00000000 0.00000000 0.00000000 0.00000000
168.25419061 41.50170921 74.90000000 188.79055730
167.74421425 44.72157320 74.90000000 189.07181314
167.23423790 47.94143719 74.90000000 189.40876887
166.72426154 51.16130118 74.90000000 189.80112783
168.25419061 41.50170921 78.16000000 190.10746993
167.74421425 44.72157320 78.16000000 190.38678033
167.23423790 47.94143719 78.16000000 190.72141286
166.72426154 51.16130118 78.16000000 191.11107693
165.24036440 -51.40491900 -58.60000000 182.70414260
166.00139629 -48.23499306 -58.60000000 182.52955411
166.76242818 -45.06506711 -58.60000000 182.41306895
167.52346006 -41.89514117 -58.60000000 182.35479847
165.24036440 -51.40491900 -55.34000000 181.68478011
166.00139629 -48.23499306 -55.34000000 181.50921113
166.76242818 -45.06506711 -55.34000000 181.39207073
167.52346006 -41.89514117 -55.34000000 181.33347216
0.00000000 0.00000000 0.00000000 0.00000000
0.00000000 0.00000000 0.00000000 0.00000000
162.19623686 -64.08462276 -58.60000000 183.97939593
162.95726874 -60.91469682 -58.60000000 183.57459444
163.71830063 -57.74477088 -58.60000000 183.22690994
164.47933252 -54.57484494 -58.60000000 182.93666807
162.19623686 -64.08462276 -55.34000000 182.96713837
162.95726874 -60.91469682 -55.34000000 182.56009237
163.71830063 -57.74477088 -55.34000000 182.21047205
164.47933252 -54.57484494 -55.34000000 181.91860852
167.52346006 -41.89514117 -61.86000000 183.42838419
166.76242818 -45.06506711 -61.86000000 183.48631373
166.00139629 -48.23499306 -61.86000000 183.60211798
165.24036440 -51.40491900 -61.86000000 183.77568752
167.52346006 -41.89514117 -65.12000000 184.55331730
166.76242818 -45.06506711 -65.12000000 184.61089384
166.00139629 -48.23499306 -65.12000000 184.72599310
165.24036440 -51.40491900 -65.12000000 184.89850763
0.00000000 0.00000000 0.00000000 0.00000000
0.00000000 0.00000000 0.00000000 0.00000000
164.47933252 -54.57484494 -61.86000000 184.00685891
163.71830063 -57.74477088 -61.86000000 184.29541537
162.95726874 -60.91469682 -61.86000000 184.64108786
162.19623686 -64.08462276 -61.86000000 185.04355629
164.47933252 -54.57484494 -65.12000000 185.12827695
163.71830063 -57.74477088 -65.12000000 185.41508818
162.95726874 -60.91469682 -65.12000000 185.75867712
162.19623686 -64.08462276 -65.12000000 186.15872938
165.24036440 -51.40491900 -71.64000000 187.29424264
166.00139629 -48.23499306 -71.64000000 187.12393680
166.76242818 -45.06506711 -71.64000000 187.01031342
167.52346006 -41.89514117 -71.64000000 186.95347583
165.24036440 -51.40491900 -68.38000000 186.07167470
166.00139629 -48.23499306 -68.38000000 185.90024886
166.76242818 -45.06506711 -68.38000000 185.78587709
167.52346006 -41.89514117 -68.38000000 185.72866479
0.00000000 0.00000000 0.00000000 0.00000000
0.00000000 0.00000000 0.00000000 0.00000000
162.19623686 -64.08462276 -71.64000000 188.53845158
162.95726874 -60.91469682 -71.64000000 188.14345943
163.71830063 -57.74477088 -71.64000000 187.80423351
164.47933252 -54.57484494 -71.64000000 187.52107648
162.19623686 -64.08462276 -68.38000000 187.32400413
162.95726874 -60.91469682 -68.38000000 186.92644576
163.71830063 -57.74477088 -68.38000000 186.58500724
164.47933252 -54.57484494 -68.38000000 186.29999711
167.52346006 -41.89514117 -74.90000000 188.22678482
166.76242818 -45.06506711 -74.90000000 188.28323804
166.00139629 -48.23499306 -74.90000000 188.39609371
165.24036440 -51.40491900 -74.90000000 188.56525058
167.52346006 -41.89514117 -78.16000000 189.54761440
166.76242818 -45.06506711 -78.16000000 189.60367434
166.00139629 -48.23499306 -78.16000000 189.71574454
165.24036440 -51.40491900 -78.16000000 189.88372580
0.00000000 0.00000000 0.00000000 0.00000000
0.00000000 0.00000000 0.00000000 0.00000000
164.47933252 -54.57484494 -74.90000000 188.79055730
163.71830063 -57.74477088 -74.90000000 189.07181314
162.95726874 -60.91469682 -74.90000000 189.40876887
162.19623686 -64.08462276 -74.90000000 189.80112783
164.47933252 -54.57484494 -78.16000000 190.10746993
163.71830063 -57.74477088 -78.16000000 190.38678033
162.95726874 -60.91469682 -78.16000000 190.72141286
162.19623686 -64.08462276 -78.16000000 191.11107693
170.56758761 -29.21543741 -74.90000000 188.56525058
169.80655572 -32.38536335 -74.90000000 188.39609371
169.04552383 -35.55528929 -74.90000000 188.28323804
168.28449195 -38.72521523 -74.90000000 188.22678482
170.56758761 -29.21543741 -78.16000000 189.88372580
169.80655572 -32.38536335 -78.16000000 189.71574454
169.04552383 -35.55528929 -78.16000000 189.60367434
168.28449195 -38.72521523 -78.16000000 189.54761440
0.00000000 0.00000000 0.00000000 0.00000000
0.00000000 0.00000000 0.00000000 0.00000000
173.61171515 -16.53573365 -74.90000000 189.80112783
172.85068326 -19.70565959 -74.90000000 189.40876887
172.08965138 -22.87558553 -74.90000000 189.07181314
171.32861949 -26.04551147 -74.90000000 188.79055730
173.61171515 -16.53573365 -78.16000000 191.11107693
172.85068326 -19.70565959 -78.16000000 190.72141286
172.08965138 -22.87558553 -78.16000000 190.38678033
171.32861949 -26.04551147 -78.16000000 190.10746993
168.28449195 -38.72521523 -71.64000000 186.95347583
169.04552383 -35.55528929 -71.64000000 187.01031342
169.80655572 -32.38536335 -71.64000000 187.12393680
170.56758761 -29.21543741 -71.64000000 187.29424264
168.28449195 -38.72521523 -68.38000000 185.72866479
169.04552383 -35.55528929 -68.38000000 185.78587709
169.80655572 -32.38536335 -68.38000000 185.90024886
170.56758761 -29.21543741 -68.38000000 186.07167470
0.00000000 0.00000000 0.00000000 0.00000000
0.00000000 0.00000000 0.00000000 0.00000000
171.32861949 -26.04551147 -71.64000000 187.52107648
172.08965138 -22.87558553 -71.64000000 187.80423351
172.85068326 -19.70565959 -71.64000000 188.14345943
173.61171515 -16.53573365 -71.64000000 188.53845158
171.32861949 -26.04551147 -68.38000000 186.29999711
172.08965138 -22.87558553 -68.38000000 186.58500724
172.85068326 -19.70565959 -68.38000000 186.92644576
173.61171515 -16.53573365 -68.38000000 187.32400413
170.56758761 -29.21543741 -61.86000000 183.77568752
169.80655572 -32.38536335 -61.86000000 183.60211798
169.04552383 -35.55528929 -61.86000000 183.48631373
168.28449195 -38.72521523 -61.86000000 183.42838419
170.56758761 -29.21543741 -65.12000000 184.89850763
169.80655572 -32.38536335 -65.12000000 184.72599310
169.04552383 -35.55528929 -65.12000000 184.61089384
168.28449195 -38.72521523 -65.12000000 184.55331730
0.00000000 0.00000000 0.00000000 0.00000000
0.00000000 0.00000000 0.00000000 0.00000000
173.61171515 -16.53573365 -61.86000000 185.04355629
172.85068326 -19.70565959 -61.86000000 184.64108786
172.08965138 -22.87558553 -61.86000000 184.29541537
171.32861949 -26.04551147 -61.86000000 184.00685891
173.61171515 -16.53573365 -65.12000000 186.15872938
172.85068326 -19.70565959 -65.12000000 185.75867712
172.08965138 -22.87558553 -65.12000000 185.41508818
171.32861949 -26.04551147 -65.12000000 185.12827695
168.28449195 -38.72521523 -58.60000000 182.35479847
169.04552383 -35.55528929 -58.60000000 182.41306895
169.80655572 -32.38536335 -58.60000000 182.52955411
170.56758761 -29.21543741 -58.60000000 182.70414260
168.28449195 -38.72521523 -55.34000000 181.33347216
169.04552383 -35.55528929 -55.34000000 181.39207073
169.80655572 -32.38536335 -55.34000000 181.50921113
170.56758761 -29.21543741 -55.34000000 181.68478011
0.00000000 0.00000000 0.00000000 0.00000000
0.00000000 0.00000000 0.00000000 0.00000000
171.32861949 -26.04551147 -58.60000000 182.93666807
172.08965138 -22.87558553 -58.60000000 183.22690994
172.85068326 -19.70565959 -58.60000000 183.57459444
173.61171515 -16.53573365 -58.60000000 183.97939593
171.32861949 -26.04551147 -55.34000000 181.91860852
172.08965138 -22.87558553 -55.34000000 182.21047205
172.85068326 -19.70565959 -55.34000000 182.56009237
173.61171515 -16.53573365 -55.34000000 182.96713837
165.24036440 -51.40491900 -31.90000000 175.96719503
166.00139629 -48.23499306 -31.90000000 175.78591560
166.76242818 -45.06506711 -31.90000000 175.66495873
167.52346006 -41.89514117 -31.90000000 175.60444905
165.24036440 -51.40491900 -28.64000000 175.40551110
166.00139629 -48.23499306 -28.64000000 175.22365059
166.76242818 -45.06506711 -28.64000000 175.10230531
167.52346006 -41.89514117 -28.64000000 175.04160113
0.00000000 0.00000000 0.00000000 0.00000000
0.00000000 0.00000000 0.00000000 0.00000000
162.19623686 -64.08462276 -31.90000000 177.29091383
162.95726874 -60.91469682 -31.90000000 176.87080518
163.71830063 -57.74477088 -31.90000000 176.50991622
164.47933252 -54.57484494 -31.90000000 176.20861081
162.19623686 -64.08462276 -28.64000000 176.73343692
162.95726874 -60.91469682 -28.64000000 176.31199995
163.71830063 -57.74477088 -28.64000000 175.94996483
164.47933252 -54.57484494 -28.64000000 175.64769889
167.52346006 -41.89514117 -35.16000000 176.22581572
166.76242818 -45.06506711 -35.16000000 176.28611212
166.00139629 -48.23499306 -35.16000000 176.40664309
165.24036440 -51.40491900 -35.16000000 176.58728529
167.52346006 -41.89514117 -38.42000000 176.90508451
166.76242818 -45.06506711 -38.42000000 176.96514946
166.00139629 -48.23499306 -38.42000000 177.08521826
165.24036440 -51.40491900 -38.42000000 177.26516896
0.00000000 0.00000000 0.00000000 0.00000000
0.00000000 0.00000000 0.00000000 0.00000000
164.47933252 -54.57484494 -35.16000000 176.82785449
163.71830063 -57.74477088 -35.16000000 177.12810654
162.95726874 -60.91469682 -35.16000000 177.48773852
162.19623686 -64.08462276 -35.16000000 177.90639034
164.47933252 -54.57484494 -38.42000000 177.50481944
163.71830063 -57.74477088 -38.42000000 177.80392832
162.95726874 -60.91469682 -38.42000000 178.16219612
162.19623686 -64.08462276 -38.42000000 178.57926678
165.24036440 -51.40491900 -44.94000000 178.79163103
166.00139629 -48.23499306 -44.94000000 178.61321823
166.76242818 -45.06506711 -44.94000000 178.49417729
167.52346006 -41.89514117 -44.94000000 178.43462703
165.24036440 -51.40491900 -41.68000000 178.00018574
166.00139629 -48.23499306 -41.68000000 177.82097887
166.76242818 -45.06506711 -41.68000000 177.70140721
167.52346006 -41.89514117 -41.68000000 177.64159120
0.00000000 0.00000000 0.00000000 0.00000000
0.00000000 0.00000000 0.00000000 0.00000000
162.19623686 -64.08462276 -44.94000000 180.09459105
162.95726874 -60.91469682 -44.94000000 179.68103774
163.71830063 -57.74477088 -44.94000000 179.32580440
164.47933252 -54.57484494 -44.94000000 179.02923818
162.19623686 -64.08462276 -41.68000000 179.30889695
162.95726874 -60.91469682 -41.68000000 178.89352734
163.71830063 -57.74477088 -41.68000000 178.53672710
164.47933252 -54.57484494 -41.68000000 178.23884797
167.52346006 -41.89514117 -48.20000000 179.28344186
166.76242818 -45.06506711 -48.20000000 179.34271026
166.00139629 -48.23499306 -48.20000000 179.46118835
165.24036440 -51.40491900 -48.20000000 179.63875897
167.52346006 -41.89514117 -51.46000000 180.18724740
166.76242818 -45.06506711 -51.46000000 180.24621861
166.00139629 -48.23499306 -51.46000000 180.36410321
165.24036440 -51.40491900 -51.46000000 180.54078577
0.00000000 0.00000000 0.00000000 0.00000000
0.00000000 0.00000000 0.00000000 0.00000000
164.47933252 -54.57484494 -48.20000000 179.87524712
163.71830063 -57.74477088 -48.20000000 180.17042078
162.95726874 -60.91469682 -48.20000000 180.52399210
162.19623686 -64.08462276 -48.20000000 180.93561873
164.47933252 -54.57484494 -51.46000000 180.77609390
163.71830063 -57.74477088 -51.46000000 181.06979904
162.95726874 -60.91469682 -51.46000000 181.42161758
162.19623686 -64.08462276 -51.46000000 181.83121219
170.56758761 -29.21543741 -48.20000000 179.63875897
169.80655572 -32.38536335 -48.20000000 179.46118835
169.04552383 -35.55528929 -48.20000000 179.34271026
168.28449195 -38.72521523 -48.20000000 179.28344186
170.56758761 -29.21543741 -51.46000000 180.54078577
169.80655572 -32.38536335 -51.46000000 180.36410321
169.04552383 -35.55528929 -51.46000000 180.24621861
168.28449195 -38.72521523 -51.46000000 180.18724740
0.00000000 0.00000000 0.00000000 0.00000000
0.00000000 0.00000000 0.00000000 0.00000000
173.61171515 -16.53573365 -48.20000000 180.93561873
172.85068326 -19.70565959 -48.20000000 180.52399210
172.08965138 -22.87558553 -48.20000000 180.17042078
171.32861949 -26.04551147 -48.20000000 179.87524712
173.61171515 -16.53573365 -51.46000000 181.83121219
172.85068326 -19.70565959 -51.46000000 181.42161758
172.08965138 -22.87558553 -51.46000000 181.06979904
171.32861949 -26.04551147 -51.46000000 180.77609390
168.28449195 -38.72521523 -44.94000000 178.43462703
169.04552383 -35.55528929 -44.94000000 178.49417729
169.80655572 -32.38536335 -44.94000000 178.61321823
170.56758761 -29.21543741 -44.94000000 178.79163103
168.28449195 -38.72521523 -41.68000000 177.64159120
169.04552383 -35.55528929 -41.68000000 177.70140721
169.80655572 -32.38536335 -41.68000000 177.82097887
170.56758761 -29.21543741 -41.68000000 178.00018574
0.00000000 0.00000000 0.00000000 0.00000000
0.00000000 0.00000000 0.00000000 0.00000000
171.32861949 -26.04551147 -44.94000000 179.02923818
172.08965138 -22.87558553 -44.94000000 179.32580440
172.85068326 -19.70565959 -44.94000000 179.68103774
173.61171515 -16.53573365 -44.94000000 180.09459105
171.32861949 -26.04551147 -41.68000000 178.23884797
172.08965138 -22.87558553 -41.68000000 178.53672710
172.85068326 -19.70565959 -41.68000000 178.89352734
173.61171515 -16.53573365 -41.68000000 179.30889695
170.56758761 -29.21543741 -35.16000000 176.58728529
169.80655572 -32.38536335 -35.16000000 176.40664309
169.04552383 -35.55528929 -35.16000000 176.28611212
168.28449195 -38.72521523 -35.16000000 176.22581572
170.56758761 -29.21543741 -38.42000000 177.26516896
169.80655572 -32.38536335 -38.42000000 177.08521826
169.04552383 -35.55528929 -38.42000000 176.96514946
168.28449195 -38.72521523 -38.42000000 176.90508451
0.00000000 0.00000000 0.00000000 0.00000000
0.00000000 0.00000000 0.00000000 0.00000000
173.61171515 -16.53573365 -35.16000000 177.90639034
172.85068326 -19.70565959 -35.16000000 177.48773852
172.08965138 -22.87558553 -35.16000000 177.12810654
171.32861949 -26.04551147 -35.16000000 176.82785449
173.61171515 -16.53573365 -38.42000000 178.57926678
172.85068326 -19.70565959 -38.42000000 178.16219612
172.08965138 -22.87558553 -38.42000000 177.80392832
171.32861949 -26.04551147 -38.42000000 177.50481944
168.28449195 -38.72521523 -31.90000000 175.60444905
169.04552383 -35.55528929 -31.90000000 175.66495873
169.80655572 -32.38536335 -31.90000000 175.78591560
170.56758761 -29.21543741 -31.90000000 175.96719503
168.28449195 -38.72521523 -28.64000000 175.04160113
169.04552383 -35.55528929 -28.64000000 175.10230531
169.80655572 -32.38536335 -28.64000000 175.22365059
170.56758761 -29.21543741 -28.64000000 175.40551110
0.00000000 0.00000000 0.00000000 0.00000000
0.00000000 0.00000000 0.00000000 0.00000000
171.32861949 -26.04551147 -31.90000000 176.20861081
172.08965138 -22.87558553 -31.90000000 176.50991622
172.85068326 -19.70565959 -31.90000000 176.87080518
173.61171515 -16.53573365 -31.90000000 177.29091383
171.32861949 -26.04551147 -28.64000000 175.64769889
172.08965138 -22.87558553 -28.64000000 175.94996483
172.85068326 -19.70565959 -28.64000000 176.31199995
173.61171515 -16.53573365 -28.64000000 176.73343692
165.24036440 -51.40491900 -5.20000000 173.12967315
166.00139629 -48.23499306 -5.20000000 172.94541950
166.76242818 -45.06506711 -5.20000000 172.82247459
167.52346006 -41.89514117 -5.20000000 172.76096933
165.24036440 -51.40491900 -1.94000000 173.06243765
166.00139629 -48.23499306 -1.94000000 172.87811234
166.76242818 -45.06506711 -1.94000000 172.75511953
167.52346006 -41.89514117 -1.94000000 172.69359028
0.00000000 0.00000000 0.00000000 0.00000000
0.00000000 0.00000000 0.00000000 0.00000000
162.19623686 -64.08462276 -5.20000000 174.47492119
162.95726874 -60.91469682 -5.20000000 174.04801557
163.71830063 -57.74477088 -5.20000000 173.68126129
164.47933252 -54.57484494 -5.20000000 173.37504009
162.19623686 -64.08462276 -1.94000000 174.40820429
162.95726874 -60.91469682 -1.94000000 173.98113497
163.71830063 -57.74477088 -1.94000000 173.61423941
164.47933252 -54.57484494 -1.94000000 173.30789978
167.52346006 -41.89514117 -8.46000000 172.88980342
166.76242818 -45.06506711 -8.46000000 172.95126286
166.00139629 -48.23499306 -8.46000000 173.07411628
165.24036440 -51.40491900 -8.46000000 173.25823307
167.52346006 -41.89514117 -11.72000000 173.07995530
166.76242818 -45.06506711 -11.72000000 173.14134724
166.00139629 -48.23499306 -11.72000000 173.26406588
165.24036440 -51.40491900 -11.72000000 173.44798103
0.00000000 0.00000000 0.00000000 0.00000000
0.00000000 0.00000000 0.00000000 0.00000000
164.47933252 -54.57484494 -8.46000000 173.50341819
163.71830063 -57.74477088 -8.46000000 173.80941322
162.95726874 -60.91469682 -8.46000000 174.17589766
162.19623686 -64.08462276 -8.46000000 174.60249060
164.47933252 -54.57484494 -11.72000000 173.69289831
163.71830063 -57.74477088 -11.72000000 173.99856012
162.95726874 -60.91469682 -11.72000000 174.36464700
162.19623686 -64.08462276 -11.72000000 174.79077929
165.24036440 -51.40491900 -18.24000000 174.01017592
166.00139629 -48.23499306 -18.24000000 173.82685559
166.76242818 -45.06506711 -18.24000000 173.70453456
167.52346006 -41.89514117 -18.24000000 173.64334172
165.24036440 -51.40491900 -14.98000000 173.69871653
166.00139629 -48.23499306 -14.98000000 173.51506714
166.76242818 -45.06506711 -14.98000000 173.39252615
167.52346006 -41.89514117 -14.98000000 173.33122317
0.00000000 0.00000000 0.00000000 0.00000000
0.00000000 0.00000000 0.00000000 0.00000000
162.19623686 -64.08462276 -18.24000000 175.34866901
162.95726874 -60.91469682 -18.24000000 174.92389581
163.71830063 -57.74477088 -18.24000000 174.55898179
164.47933252 -54.57484494 -18.24000000 174.25430303
162.19623686 -64.08462276 -14.98000000 175.03959131
162.95726874 -60.91469682 -14.98000000 174.61406623
163.71830063 -57.74477088 -14.98000000 174.24850337
164.47933252 -54.57484494 -14.98000000 173.94328077
167.52346006 -41.89514117 -21.50000000 174.01598353
166.76242818 -45.06506711 -21.50000000 174.07704537
166.00139629 -48.23499306 -21.50000000 174.19910483
165.24036440 -51.40491900 -21.50000000 174.38203384
167.52346006 -41.89514117 -24.76000000 174.44876074
166.76242818 -45.06506711 -24.76000000 174.50967115
166.00139629 -48.23499306 -24.76000000 174.63142823
165.24036440 -51.40491900 -24.76000000 174.81390484
0.00000000 0.00000000 0.00000000 0.00000000
0.00000000 0.00000000 0.00000000 0.00000000
164.47933252 -54.57484494 -21.50000000 174.62564109
163.71830063 -57.74477088 -21.50000000 174.92967308
162.95726874 -60.91469682 -21.50000000 175.29381542
162.19623686 -64.08462276 -21.50000000 175.71769440
164.47933252 -54.57484494 -24.76000000 175.05691110
163.71830063 -57.74477088 -24.76000000 175.36019538
162.95726874 -60.91469682 -24.76000000 175.72344558
162.19623686 -64.08462276 -24.76000000 176.14629069
170.56758761 -29.21543741 -21.50000000 174.38203384
169.80655572 -32.38536335 -21.50000000 174.19910483
169.04552383 -35.55528929 -21.50000000 174.07704537
168.28449195 -38.72521523 -21.50000000 174.01598353
170.56758761 -29.21543741 -24.76000000 174.81390484
169.80655572 -32.38536335 -24.76000000 174.63142823
169.04552383 -35.55528929 -24.76000000 174.50967115
168.28449195 -38.72521523 -24.76000000 174.44876074
0.00000000 0.00000000 0.00000000 0.00000000
0.00000000 0.00000000 0.00000000 0.00000000
173.61171515 -16.53573365 -21.50000000 175.71769440
172.85068326 -19.70565959 -21.50000000 175.29381542
172.08965138 -22.87558553 -21.50000000 174.92967308
171.32861949 -26.04551147 -21.50000000 174.62564109
173.61171515 -16.53573365 -24.76000000 176.14629069
172.85068326 -19.70565959 -24.76000000 175.72344558
172.08965138 -22.87558553 -24.76000000 175.36019538
171.32861949 -26.04551147 -24.76000000 175.05691110
168.28449195 -38.72521523 -18.24000000 173.64334172
169.04552383 -35.55528929 -18.24000000 173.70453456
169.80655572 -32.38536335 -18.24000000 173.82685559
170.56758761 -29.21543741 -18.24000000 174.01017592
168.28449195 -38.72521523 -14.98000000 173.33122317
169.04552383 -35.55528929 -14.98000000 173.39252615
169.80655572 -32.38536335 -14.98000000 173.51506714
170.56758761 -29.21543741 -14.98000000 173.69871653
0.00000000 0.00000000 0.00000000 0.00000000
0.00000000 0.00000000 0.00000000 0.00000000
171.32861949 -26.04551147 -18.24000000 174.25430303
172.08965138 -22.87558553 -18.24000000 174.55898179
172.85068326 -19.70565959 -18.24000000 174.92389581
173.61171515 -16.53573365 -18.24000000 175.34866901
171.32861949 -26.04551147 -14.98000000 173.94328077
172.08965138 -22.87558553 -14.98000000 174.24850337
172.85068326 -19.70565959 -14.98000000 174.61406623
173.61171515 -16.53573365 -14.98000000 175.03959131
170.56758761 -29.21543741 -8.46000000 173.25823307
169.80655572 -32.38536335 -8.46000000 173.07411628
169.04552383 -35.55528929 -8.46000000 172.95126286
168.28449195 -38.72521523 -8.46000000 172.88980342
170.56758761 -29.21543741 -11.72000000 173.44798103
169.80655572 -32.38536335 -11.72000000 173.26406588
169.04552383 -35.55528929 -11.72000000 173.14134724
168.28449195 -38.72521523 -11.72000000 173.07995530
0.00000000 0.00000000 0.00000000 0.00000000
0.00000000 0.00000000 0.00000000 0.00000000
173.61171515 -16.53573365 -8.46000000 174.60249060
172.85068326 -19.70565959 -8.46000000 174.17589766
172.08965138 -22.87558553 -8.46000000 173.80941322
171.32861949 -26.04551147 -8.46000000 173.50341819
173.61171515 -16.53573365 -11.72000000 174.79077929
172.85068326 -19.70565959 -11.72000000 174.36464700
172.08965138 -22.87558553 -11.72000000 173.99856012
171.32861949 -26.04551147 -11.72000000 173.69289831
168.28449195 -38.72521523 -5.20000000 172.76096933
169.04552383 -35.55528929 -5.20000000 172.82247459
169.80655572 -32.38536335 -5.20000000 172.94541950
170.56758761 -29.21543741 -5.20000000 173.12967315
168.28449195 -38.72521523 -1.94000000 172.69359028
169.04552383 -35.55528929 -1.94000000 172.75511953
169.80655572 -32.38536335 -1.94000000 172.87811234
170.56758761 -29.21543741 -1.94000000 173.06243765
0.00000000 0.00000000 0.00000000 0.00000000
0.00000000 0.00000000 0.00000000 0.00000000
171.32861949 -26.04551147 -5.20000000 173.37504009
172.08965138 -22.87558553 -5.20000000 173.68126129
172.85068326 -19.70565959 -5.20000000 174.04801557
173.61171515 -16.53573365 -5.20000000 174.47492119
171.32861949 -26.04551147 -1.94000000 173.30789978
172.08965138 -22.87558553 -1.94000000 173.61423941
172.85068326 -19.70565959 -1.94000000 173.98113497
173.61171515 -16.53573365 -1.94000000 174.40820429
165.24036440 -51.40491900 21.50000000 174.38203384
166.00139629 -48.23499306 21.50000000 174.19910483
166.76242818 -45.06506711 21.50000000 174.07704537
167.52346006 -41.89514117 21.50000000 174.01598353
165.24036440 -51.40491900 24.76000000 174.81390484
166.00139629 -48.23499306 24.76000000 174.63142823
166.76242818 -45.06506711 24.76000000 174.50967115
167.52346006 -41.89514117 24.76000000 174.44876074
0.00000000 0.00000000 0.00000000 0.00000000
0.00000000 0.00000000 0.00000000 0.00000000
162.19623686 -64.08462276 21.50000000 175.71769440
162.95726874 -60.91469682 21.50000000 175.29381542
163.71830063 -57.74477088 21.50000000 174.92967308
164.47933252 -54.57484494 21.50000000 174.62564109
162.19623686 -64.08462276 24.76000000 176.14629069
162.95726874 -60.91469682 24.76000000 175.72344558
163.71830063 -57.74477088 24.76000000 175.36019538
164.47933252 -54.57484494 24.76000000 175.05691110
167.52346006 -41.89514117 18.24000000 173.64334172
166.76242818 -45.06506711 18.24000000 173.70453456
166.00139629 -48.23499306 18.24000000 173.82685559
165.24036440 -51.40491900 18.24000000 174.01017592
167.52346006 -41.89514117 14.98000000 173.33122317
166.76242818 -45.06506711 14.98000000 173.39252615
166.00139629 -48.23499306 14.98000000 173.51506714
165.24036440 -51.40491900 14.98000000 173.69871653
0.00000000 0.00000000 0.00000000 0.00000000
0.00000000 0.00000000 0.00000000 0.00000000
164.47933252 -54.57484494 18.24000000 174.25430303
163.71830063 -57.74477088 18.24000000 174.55898179
162.95726874 -60.91469682 18.24000000 174.92389581
162.19623686 -64.08462276 18.24000000 175.34866901
164.47933252 -54.57484494 14.98000000 173.94328077
163.71830063 -57.74477088 14.98000000 174.24850337
162.95726874 -60.91469682 14.98000000 174.61406623
162.19623686 -64.08462276 14.98000000 175.03959131
165.24036440 -51.40491900 8.46000000 173.25823307
166.00139629 -48.23499306 8.46000000 173.07411628
166.76242818 -45.06506711 8.46000000 172.95126286
167.52346006 -41.89514117 8.46000000 172.88980342
165.24036440 -51.40491900 11.72000000 173.44798103
166.00139629 -48.23499306 11.72000000 173.26406588
166.76242818 -45.06506711 11.72000000 173.14134724
167.52346006 -41.89514117 11.72000000 173.07995530
0.00000000 0.00000000 0.00000000 0.00000000
0.00000000 0.00000000 0.00000000 0.00000000
162.19623686 -64.08462276 8.46000000 174.60249060
162.95726874 -60.91469682 8.46000000 174.17589766
163.71830063 -57.74477088 8.46000000 173.80941322
164.47933252 -54.57484494 8.46000000 173.50341819
162.19623686 -64.08462276 11.72000000 174.79077929
162.95726874 -60.91469682 11.72000000 174.36464700
163.71830063 -57.74477088 11.72000000 173.99856012
164.47933252 -54.57484494 11.72000000 173.69289831
167.52346006 -41.89514117 5.20000000 172.76096933
166.76242818 -45.06506711 5.20000000 172.82247459
166.00139629 -48.23499306 5.20000000 172.94541950
165.24036440 -51.40491900 5.20000000 173.12967315
167.52346006 -41.89514117 1.94000000 172.69359028
166.76242818 -45.06506711 1.94000000 172.75511953
166.00139629 -48.23499306 1.94000000 172.87811234
165.24036440 -51.40491900 1.94000000 173.06243765
0.00000000 0.00000000 0.00000000 0.00000000
0.00000000 0.00000000 0.00000000 0.00000000
164.47933252 -54.57484494 5.20000000 173.37504009
163.71830063 -57.74477088 5.20000000 173.68126129
162.95726874 -60.91469682 5.20000000 174.04801557
162.19623686 -64.08462276 5.20000000 174.47492119
164.47933252 -54.57484494 1.94000000 173.30789978
163.71830063 -57.74477088 1.94000000 173.61423941
162.95726874 -60.91469682 1.94000000 173.98113497
162.19623686 -64.08462276 1.94000000 174.40820429
170.56758761 -29.21543741 5.20000000 173.12967315
169.80655572 -32.38536335 5.20000000 172.94541950
169.04552383 -35.55528929 5.20000000 172.82247459
168.28449195 -38.72521523 5.20000000 172.76096933
170.56758761 -29.21543741 1.94000000 173.06243765
169.80655572 -32.38536335 1.94000000 172.87811234
169.04552383 -35.55528929 1.94000000 172.75511953
168.28449195 -38.72521523 1.94000000 172.69359028
0.00000000 0.00000000 0.00000000 0.00000000
0.00000000 0.00000000 0.00000000 0.00000000
173.61171515 -16.53573365 5.20000000 174.47492119
172.85068326 -19.70565959 5.20000000 174.04801557
172.08965138 -22.87558553 5.20000000 173.68126129
171.32861949 -26.04551147 5.20000000 173.37504009
173.61171515 -16.53573365 1.94000000 174.40820429
172.85068326 -19.70565959 1.94000000 173.98113497
172.08965138 -22.87558553 1.94000000 173.61423941
171.32861949 -26.04551147 1.94000000 173.30789978
168.28449195 -38.72521523 8.46000000 172.88980342
169.04552383 -35.55528929 8.46000000 172.95126286
169.80655572 -32.38536335 8.46000000 173.07411628
170.56758761 -29.21543741 8.46000000 173.25823307
168.28449195 -38.72521523 11.72000000 173.07995530
169.04552383 -35.55528929 11.72000000 173.14134724
169.80655572 -32.38536335 11.72000000 173.26406588
170.56758761 -29.21543741 11.72000000 173.44798103
0.00000000 0.00000000 0.00000000 0.00000000
0.00000000 0.00000000 0.00000000 0.00000000
171.32861949 -26.04551147 8.46000000 173.50341819
172.08965138 -22.87558553 8.46000000 173.80941322
172.85068326 -19.70565959 8.46000000 174.17589766
173.61171515 -16.53573365 8.46000000 174.60249060
171.32861949 -26.04551147 11.72000000 173.69289831
172.08965138 -22.87558553 11.72000000 173.99856012
172.85068326 -19.70565959 11.72000000 174.36464700
173.61171515 -16.53573365 11.72000000 174.79077929
170.56758761 -29.21543741 18.24000000 174.01017592
169.80655572 -32.38536335 18.24000000 173.82685559
169.04552383 -35.55528929 18.24000000 173.70453456
168.28449195 -38.72521523 18.24000000 173.64334172
170.56758761 -29.21543741 14.98000000 173.69871653
169.80655572 -32.38536335 14.98000000 173.51506714
169.04552383 -35.55528929 14.98000000 173.39252615
168.28449195 -38.72521523 14.98000000 173.33122317
0.00000000 0.00000000 0.00000000 0.00000000
0.00000000 0.00000000 0.00000000 0.00000000
173.61171515 -16.53573365 18.24000000 175.34866901
172.85068326 -19.70565959 18.24000000 174.92389581
172.08965138 -22.87558553 18.24000000 174.55898179
171.32861949 -26.04551147 18.24000000 174.25430303
173.61171515 -16.53573365 14.98000000 175.03959131
172.85068326 -19.70565959 14.98000000 174.61406623
172.08965138 -22.87558553 14.98000000 174.24850337
171.32861949 -26.04551147 14.98000000 173.94328077
168.28449195 -38.72521523 21.50000000 174.01598353
169.04552383 -35.55528929 21.50000000 174.07704537
169.80655572 -32.38536335 21.50000000 174.19910483
170.56758761 -29.21543741 21.50000000 174.38203384
168.28449195 -38.72521523 24.76000000 174.44876074
169.04552383 -35.55528929 24.76000000 174.50967115
169.80655572 -32.38536335 24.76000000 174.63142823
170.56758761 -29.21543741 24.76000000 174.81390484
0.00000000 0.00000000 0.00000000 0.00000000
0.00000000 0.00000000 0.00000000 0.00000000
171.32861949 -26.04551147 21.50000000 174.62564109
172.08965138 -22.87558553 21.50000000 174.92967308
172.85068326 -19.70565959 21.50000000 175.29381542
173.61171515 -16.53573365 21.50000000 175.71769440
171.32861949 -26.04551147 24.76000000 175.05691110
172.08965138 -22.87558553 24.76000000 175.36019538
172.85068326 -19.70565959 24.76000000 175.72344558
173.61171515 -16.53573365 24.76000000 176.14629069
165.24036440 -51.40491900 48.20000000 179.63875897
166.00139629 -48.23499306 48.20000000 179.46118835
166.76242818 -45.06506711 48.20000000 179.34271026
167.52346006 -41.89514117 48.20000000 179.28344186
165.24036440 -51.40491900 51.46000000 180.54078577
166.00139629 -48.23499306 51.46000000 180.36410321
166.76242818 -45.06506711 51.46000000 180.24621861
167.52346006 -41.89514117 51.46000000 180.18724740
0.00000000 0.00000000 0.00000000 0.00000000
0.00000000 0.00000000 0.00000000 0.00000000
162.19623686 -64.08462276 48.20000000 180.93561873
162.95726874 -60.91469682 48.20000000 180.52399210
163.71830063 -57.74477088 48.20000000 180.17042078
164.47933252 -54.57484494 48.20000000 179.87524712
162.19623686 -64.08462276 51.46000000 181.83121219
162.95726874 -60.91469682 51.46000000 181.42161758
163.71830063 -57.74477088 51.46000000 181.06979904
164.47933252 -54.57484494 51.46000000 180.77609390
167.52346006 -41.89514117 44.94000000 178.43462703
166.76242818 -45.06506711 44.94000000 178.49417729
166.00139629 -48.23499306 44.94000000 178.61321823
165.24036440 -51.40491900 44.94000000 178.79163103
167.52346006 -41.89514117 41.68000000 177.64159120
166.76242818 -45.06506711 41.68000000 177.70140721
166.00139629 -48.23499306 41.68000000 177.82097887
165.24036440 -51.40491900 41.68000000 178.00018574
0.00000000 0.00000000 0.00000000 0.00000000
0.00000000 0.00000000 0.00000000 0.00000000
164.47933252 -54.57484494 44.94000000 179.02923818
163.71830063 -57.74477088 44.94000000 179.32580440
162.95726874 -60.91469682 44.94000000 179.68103774
162.19623686 -64.08462276 44.94000000 180.09459105
164.47933252 -54.57484494 41.68000000 178.23884797
163.71830063 -57.74477088 41.68000000 178.53672710
162.95726874 -60.91469682 41.68000000 178.89352734
162.19623686 -64.08462276 41.68000000 179.30889695
165.24036440 -51.40491900 35.16000000 176.58728529
166.00139629 -48.23499306 35.16000000 176.40664309
166.76242818 -45.06506711 35.16000000 176.28611212
167.52346006 -41.89514117 35.16000000 176.22581572
165.24036440 -51.40491900 38.42000000 177.26516896
166.00139629 -48.23499306 38.42000000 177.08521826
166.76242818 -45.06506711 38.42000000 176.96514946
167.52346006 -41.89514117 38.42000000 176.90508451
0.00000000 0.00000000 0.00000000 0.00000000
0.00000000 0.00000000 0.00000000 0.00000000
162.19623686 -64.08462276 35.16000000 177.90639034
162.95726874 -60.91469682 35.16000000 177.48773852
163.71830063 -57.74477088 35.16000000 177.12810654
164.47933252 -54.57484494 35.16000000 176.82785449
162.19623686 -64.08462276 38.42000000 178.57926678
162.95726874 -60.91469682 38.42000000 178.16219612
163.71830063 -57.74477088 38.42000000 177.80392832
164.47933252 -54.57484494 38.42000000 177.50481944
167.52346006 -41.89514117 31.90000000 175.60444905
166.76242818 -45.06506711 31.90000000 175.66495873
166.00139629 -48.23499306 31.90000000 175.78591560
165.24036440 -51.40491900 31.90000000 175.96719503
167.52346006 -41.89514117 28.64000000 175.04160113
166.76242818 -45.06506711 28.64000000 175.10230531
166.00139629 -48.23499306 28.64000000 175.22365059
165.24036440 -51.40491900 28.64000000 175.40551110
0.00000000 0.00000000 0.00000000 0.00000000
0.00000000 0.00000000 0.00000000 0.00000000
164.47933252 -54.57484494 31.90000000 176.20861081
163.71830063 -57.74477088 31.90000000 176.50991622
162.95726874 -60.91469682 31.90000000 176.87080518
162.19623686 -64.08462276 31.90000000 177.29091383
164.47933252 -54.57484494 28.64000000 175.64769889
163.71830063 -57.74477088 28.64000000 175.94996483
162.95726874 -60.91469682 28.64000000 176.31199995
162.19623686 -64.08462276 28.64000000 176.73343692
170.56758761 -29.21543741 31.90000000 175.96719503
169.80655572 -32.38536335 31.90000000 175.78591560
169.04552383 -35.55528929 31.90000000 175.66495873
168.28449195 -38.72521523 31.90000000 175.60444905
170.56758761 -29.21543741 28.64000000 175.40551110
169.80655572 -32.38536335 28.64000000 175.22365059
169.04552383 -35.55528929 28.64000000 175.10230531
168.28449195 -38.72521523 28.64000000 175.04160113
0.00000000 0.00000000 0.00000000 0.00000000
0.00000000 0.00000000 0.00000000 0.00000000
173.61171515 -16.53573365 31.90000000 177.29091383
172.85068326 -19.70565959 31.90000000 176.87080518
172.08965138 -22.87558553 31.90000000 176.50991622
171.32861949 -26.04551147 31.90000000 176.20861081
173.61171515 -16.53573365 28.64000000 176.73343692
172.85068326 -19.70565959 28.64000000 176.31199995
172.08965138 -22.87558553 28.64000000 175.94996483
171.32861949 -26.04551147 28.64000000 175.64769889
168.28449195 -38.72521523 35.16000000 176.22581572
169.04552383 -35.55528929 35.16000000 176.28611212
169.80655572 -32.38536335 35.16000000 176.40664309
170.56758761 -29.21543741 35.16000000 176.58728529
168.28449195 -38.72521523 38.42000000 176.90508451
169.04552383 -35.55528929 38.42000000 176.96514946
169.80655572 -32.38536335 38.42000000 177.08521826
170.56758761 -29.21543741 38.42000000 177.26516896
0.00000000 0.00000000 0.00000000 0.00000000
0.00000000 0.00000000 0.00000000 0.00000000
171.32861949 -26.04551147 35.16000000 176.82785449
172.08965138 -22.87558553 35.16000000 177.12810654
172.85068326 -19.70565959 35.16000000 177.48773852
173.61171515 -16.53573365 35.16000000 177.90639034
171.32861949 -26.04551147 38.42000000 177.50481944
172.08965138 -22.87558553 38.42000000 177.80392832
172.85068326 -19.70565959 38.42000000 178.16219612
173.61171515 -16.53573365 38.42000000 178.57926678
170.56758761 -29.21543741 44.94000000 178.79163103
169.80655572 -32.38536335 44.94000000 178.61321823
169.04552383 -35.55528929 44.94000000 178.49417729
168.28449195 -38.72521523 44.94000000 178.43462703
170.56758761 -29.21543741 41.68000000 178.00018574
169.80655572 -32.38536335 41.68000000 177.82097887
169.04552383 -35.55528929 41.68000000 177.70140721
168.28449195 -38.72521523 41.68000000 177.64159120
0.00000000 0.00000000 0.00000000 0.00000000
0.00000000 0.00000000 0.00000000 0.00000000
173.61171515 -16.53573365 44.94000000 180.09459105
172.85068326 -19.70565959 44.94000000 179.68103774
172.08965138 -22.87558553 44.94000000 179.32580440
171.32861949 -26.04551147 44.94000000 179.02923818
173.61171515 -16.53573365 41.68000000 179.30889695
172.85068326 -19.70565959 41.68000000 178.89352734
172.08965138 -22.87558553 41.68000000 178.53672710
171.32861949 -26.04551147 41.68000000 178.23884797
168.28449195 -38.72521523 48.20000000 179.28344186
169.04552383 -35.55528929 48.20000000 179.34271026
169.80655572 -32.38536335 48.20000000 179.46118835
170.56758761 -29.21543741 48.20000000 179.63875897
168.28449195 -38.72521523 51.46000000 180.18724740
169.04552383 -35.55528929 51.46000000 180.24621861
169.80655572 -32.38536335 51.46000000 180.36410321
170.56758761 -29.21543741 51.46000000 180.54078577
0.00000000 0.00000000 0.00000000 0.00000000
0.00000000 0.00000000 0.00000000 0.00000000
171.32861949 -26.04551147 48.20000000 179.87524712
172.08965138 -22.87558553 48.20000000 180.17042078
172.85068326 -19.70565959 48.20000000 180.52399210
173.61171515 -16.53573365 48.20000000 180.93561873
171.32861949 -26.04551147 51.46000000 180.77609390
172.08965138 -22.87558553 51.46000000 181.06979904
172.85068326 -19.70565959 51.46000000 181.42161758
173.61171515 -16.53573365 51.46000000 181.83121219
165.24036440 -51.40491900 74.90000000 188.56525058
166.00139629 -48.23499306 74.90000000 188.39609371
166.76242818 -45.06506711 74.90000000 188.28323804
167.52346006 -41.89514117 74.90000000 188.22678482
165.24036440 -51.40491900 78.16000000 189.88372580
166.00139629 -48.23499306 78.16000000 189.71574454
166.76242818 -45.06506711 78.16000000 189.60367434
167.52346006 -41.89514117 78.16000000 189.54761440
0.00000000 0.00000000 0.00000000 0.00000000
0.00000000 0.00000000 0.00000000 0.00000000
162.19623686 -64.08462276 74.90000000 189.80112783
162.95726874 -60.91469682 74.90000000 189.40876887
163.71830063 -57.74477088 74.90000000 189.07181314
164.47933252 -54.57484494 74.90000000 188.79055730
162.19623686 -64.08462276 78.16000000 191.11107693
162.95726874 -60.91469682 78.16000000 190.72141286
163.71830063 -57.74477088 78.16000000 190.38678033
164.47933252 -54.57484494 78.16000000 190.10746993
167.52346006 -41.89514117 71.64000000 186.95347583
166.76242818 -45.06506711 71.64000000 187.01031342
166.00139629 -48.23499306 71.64000000 187.12393680
165.24036440 -51.40491900 71.64000000 187.29424264
167.52346006 -41.89514117 68.38000000 185.72866479
166.76242818 -45.06506711 68.38000000 185.78587709
166.00139629 -48.23499306 68.38000000 185.90024886
165.24036440 -51.40491900 68.38000000 186.07167470
0.00000000 0.00000000 0.00000000 0.00000000
0.00000000 0.00000000 0.00000000 0.00000000
164.47933252 -54.57484494 71.64000000 187.52107648
163.71830063 -57.74477088 71.64000000 187.80423351
162.95726874 -60.91469682 71.64000000 188.14345943
162.19623686 -64.08462276 71.64000000 188.53845158
164.47933252 -54.57484494 68.38000000 186.29999711
163.71830063 -57.74477088 68.38000000 186.58500724
162.95726874 -60.91469682 68.38000000 186.92644576
162.19623686 -64.08462276 68.38000000 187.32400413
165.24036440 -51.40491900 61.86000000 183.77568752
166.00139629 -48.23499306 61.86000000 183.60211798
166.76242818 -45.06506711 61.86000000 183.48631373
167.52346006 -41.89514117 61.86000000 183.42838419
165.24036440 -51.40491900 65.12000000 184.89850763
166.00139629 -48.23499306 65.12000000 184.72599310
166.76242818 -45.06506711 65.12000000 184.61089384
167.52346006 -41.89514117 65.12000000 184.55331730
0.00000000 0.00000000 0.00000000 0.00000000
0.00000000 0.00000000 0.00000000 0.00000000
162.19623686 -64.08462276 61.86000000 185.04355629
162.95726874 -60.91469682 61.86000000 184.64108786
163.71830063 -57.74477088 61.86000000 184.29541537
164.47933252 -54.57484494 61.86000000 184.00685891
162.19623686 -64.08462276 65.12000000 186.15872938
162.95726874 -60.91469682 65.12000000 185.75867712
163.71830063 -57.74477088 65.12000000 185.41508818
164.47933252 -54.57484494 65.12000000 185.12827695
167.52346006 -41.89514117 58.60000000 182.35479847
166.76242818 -45.06506711 58.60000000 182.41306895
166.00139629 -48.23499306 58.60000000 182.52955411
165.24036440 -51.40491900 58.60000000 182.70414260
167.52346006 -41.89514117 55.34000000 181.33347216
166.76242818 -45.06506711 55.34000000 181.39207073
166.00139629 -48.23499306 55.34000000 181.50921113
165.24036440 -51.40491900 55.34000000 181.68478011
0.00000000 0.00000000 0.00000000 0.00000000
0.00000000 0.00000000 0.00000000 0.00000000
164.47933252 -54.57484494 58.60000000 182.93666807
163.71830063 -57.74477088 58.60000000 183.22690994
162.95726874 -60.91469682 58.60000000 183.57459444
162.19623686 -64.08462276 58.60000000 183.97939593
164.47933252 -54.57484494 55.34000000 181.91860852
163.71830063 -57.74477088 55.34000000 182.21047205
162.95726874 -60.91469682 55.34000000 182.56009237
162.19623686 -64.08462276 55.34000000 182.96713837
170.56758761 -29.21543741 58.60000000 182.70414260
169.80655572 -32.38536335 58.60000000 182.52955411
169.04552383 -35.55528929 58.60000000 182.41306895
168.28449195 -38.72521523 58.60000000 182.35479847
170.56758761 -29.21543741 55.34000000 181.68478011
169.80655572 -32.38536335 55.34000000 181.50921113
169.04552383 -35.55528929 55.34000000 181.39207073
168.28449195 -38.72521523 55.34000000 181.33347216
0.00000000 0.00000000 0.00000000 0.00000000
0.00000000 0.00000000 0.00000000 0.00000000
173.61171515 -16.53573365 58.60000000 183.97939593
172.85068326 -19.70565959 58.60000000 183.57459444
172.08965138 -22.87558553 58.60000000 183.22690994
171.32861949 -26.04551147 58.60000000 182.93666807
173.61171515 -16.53573365 55.34000000 182.96713837
172.85068326 -19.70565959 55.34000000 182.56009237
172.08965138 -22.87558553 55.34000000 182.21047205
171.32861949 -26.04551147 55.34000000 181.91860852
168.28449195 -38.72521523 61.86000000 183.42838419
169.04552383 -35.55528929 61.86000000 183.48631373
169.80655572 -32.38536335 61.86000000 183.60211798
170.56758761 -29.21543741 61.86000000 183.77568752
168.28449195 -38.72521523 65.12000000 184.55331730
169.04552383 -35.55528929 65.12000000 184.61089384
169.80655572 -32.38536335 65.12000000 184.72599310
170.56758761 -29.21543741 65.12000000 184.89850763
0.00000000 0.00000000 0.00000000 0.00000000
0.00000000 0.00000000 0.00000000 0.00000000
171.32861949 -26.04551147 61.86000000 184.00685891
172.08965138 -22.87558553 61.86000000 184.29541537
172.85068326 -19.70565959 61.86000000 184.64108786
173.61171515 -16.53573365 61.86000000 185.04355629
171.32861949 -26.04551147 65.12000000 185.12827695
172.08965138 -22.87558553 65.12000000 185.41508818
172.85068326 -19.70565959 65.12000000 185.75867712
173.61171515 -16.53573365 65.12000000 186.15872938
170.56758761 -29.21543741 71.64000000 187.29424264
169.80655572 -32.38536335 71.64000000 187.12393680
169.04552383 -35.55528929 71.64000000 187.01031342
168.28449195 -38.72521523 71.64000000 186.95347583
170.56758761 -29.21543741 68.38000000 186.07167470
169.80655572 -32.38536335 68.38000000 185.90024886
169.04552383 -35.55528929 68.38000000 185.78587709
168.28449195 -38.72521523 68.38000000 185.72866479
0.00000000 0.00000000 0.00000000 0.00000000
0.00000000 0.00000000 0.00000000 0.00000000
173.61171515 -16.53573365 71.64000000 188.53845158
172.85068326 -19.70565959 71.64000000 188.14345943
172.08965138 -22.87558553 71.64000000 187.80423351
171.32861949 -26.04551147 71.64000000 187.52107648
173.61171515 -16.53573365 68.38000000 187.32400413
172.85068326 -19.70565959 68.38000000 186.92644576
172.08965138 -22.87558553 68.38000000 186.58500724
171.32861949 -26.04551147 68.38000000 186.29999711
168.28449195 -38.72521523 74.90000000 188.22678482
169.04552383 -35.55528929 74.90000000 188.28323804
169.80655572 -32.38536335 74.90000000 188.39609371
170.56758761 -29.21543741 74.90000000 188.56525058
168.28449195 -38.72521523 78.16000000 189.54761440
169.04552383 -35.55528929 78.16000000 189.60367434
169.80655572 -32.38536335 78.16000000 189.71574454
170.56758761 -29.21543741 78.16000000 189.88372580
0.00000000 0.00000000 0.00000000 0.00000000
0.00000000 0.00000000 0.00000000 0.00000000
171.32861949 -26.04551147 74.90000000 188.79055730
172.08965138 -22.87558553 74.90000000 189.07181314
172.85068326 -19.70565959 74.90000000 189.40876887
173.61171515 -16.53573365 74.90000000 189.80112783
171.32861949 -26.04551147 78.16000000 190.10746993
172.08965138 -22.87558553 78.16000000 190.38678033
172.85068326 -19.70565959 78.16000000 190.72141286
173.61171515 -16.53573365 78.16000000 191.11107693
132.99037978 -110.72670235 -58.60000000 182.70414260
134.90655970 -108.08930694 -58.60000000 182.52955411
136.82273962 -105.45191154 -58.60000000 182.41306895
138.73891954 -102.81451614 -58.60000000 182.35479847
132.99037978 -110.72670235 -55.34000000 181.68478011
134.90655970 -108.08930694 -55.34000000 181.50921113
136.82273962 -105.45191154 -55.34000000 181.39207073
138.73891954 -102.81451614 -55.34000000 181.33347216
0.00000000 0.00000000 0.00000000 0.00000000
0.00000000 0.00000000 0.00000000 0.00000000
125.32566009 -121.27628395 -58.60000000 183.97939593
127.24184001 -118.63888855 -58.60000000 183.57459444
129.15801993 -116.00149315 -58.60000000 183.22690994
131.07419985 -113.36409775 -58.60000000 182.93666807
125.32566009 -121.27628395 -55.34000000 182.96713837
127.24184001 -118.63888855 -55.34000000 182.56009237
129.15801993 -116.00149315 -55.34000000 182.21047205
131.07419985 -113.36409775 -55.34000000 181.91860852
138.73891954 -102.81451614 -61.86000000 183.42838419
136.82273962 -105.45191154 -61.86000000 183.48631373
134.90655970 -108.08930694 -61.86000000 183.60211798
132.99037978 -110.72670235 -61.86000000 183.77568752
138.73891954 -102.81451614 -65.12000000 184.55331730
136.82273962 -105.45191154 -65.12000000 184.61089384
134.90655970 -108.08930694 -65.12000000 184.72599310
132.99037978 -110.72670235 -65.12000000 184.89850763
0.00000000 0.00000000 0.00000000 0.00000000
0.00000000 0.00000000 0.00000000 0.00000000
131.07419985 -113.36409775 -61.86000000 184.00685891
129.15801993 -116.00149315 -61.86000000 184.29541537
127.24184001 -118.63888855 -61.86000000 184.64108786
125.32566009 -121.27628395 -61.86000000 185.04355629
131.07419985 -113.36409775 -65.12000000 185.12827695
129.15801993 -116.00149315 -65.12000000 185.41508818
127.24184001 -118.63888855 -65.12000000 185.75867712
125.32566009 -121.27628395 -65.12000000 186.15872938
132.99037978 -110.72670235 -71.64000000 187.29424264
134.90655970 -108.08930694 -71.64000000 187.12393680
136.82273962 -105.45191154 -71.64000000 187.01031342
138.73891954 -102.81451614 -71.64000000 186.95347583
132.99037978 -110.72670235 -68.38000000 186.07167470
134.90655970 -108.08930694 -68.38000000 185.90024886
136.82273962 -105.45191154 -68.38000000 185.78587709
138.73891954 -102.81451614 -68.38000000 185.72866479
0.00000000 0.00000000 0.00000000 0.00000000
0.00000000 0.00000000 0.00000000 0.00000000
125.32566009 -121.27628395 -71.64000000 188.53845158
127.24184001 -118.63888855 -71.64000000 188.14345943
129.15801993 -116.00149315 -71.64000000 187.80423351
131.07419985 -113.36409775 -71.64000000 187.52107648
125.32566009 -121.27628395 -68.38000000 187.32400413
127.24184001 -118.63888855 -68.38000000 186.92644576
129.15801993 -116.00149315 -68.38000000 186.58500724
131.07419985 -113.36409775 -68.38000000 186.29999711
138.73891954 -102.81451614 -74.90000000 188.22678482
136.82273962 -105.45191154 -74.90000000 188.28323804
134.90655970 -108.08930694 -74.90000000 188.39609371
132.99037978 -110.72670235 -74.90000000 188.56525058
138.73891954 -102.81451614 -78.16000000 189.54761440
136.82273962 -105.45191154 -78.16000000 189.60367434
134.90655970 -108.08930694 -78.16000000 189.71574454
132.99037978 -110.72670235 -78.16000000 189.88372580
0.00000000 0.00000000 0.00000000 0.00000000
0.00000000 0.00000000 0.00000000 0.00000000
131.07419985 -113.36409775 -74.90000000 188.79055730
129.15801993 -116.00149315 -74.90000000 189.07181314
127.24184001 -118.63888855 -74.90000000 189.40876887
125.32566009 -121.27628395 -74.90000000 189.80112783
131.07419985 -113.36409775 -78.16000000 190.10746993
129.15801993 -116.00149315 -78.16000000 190.38678033
127.24184001 -118.63888855 -78.16000000 190.72141286
125.32566009 -121.27628395 -78.16000000 191.11107693
146.40363923 -92.26493453 -74.90000000 188.56525058
144.48745931 -94.90232994 -74.90000000 188.39609371
142.57127939 -97.53972534 -74.90000000 188.28323804
140.65509946 -100.17712074 -74.90000000 188.22678482
146.40363923 -92.26493453 -78.16000000 189.88372580
144.48745931 -94.90232994 -78.16000000 189.71574454
142.57127939 -97.53972534 -78.16000000 189.60367434
140.65509946 -100.17712074 -78.16000000 189.54761440
0.00000000 0.00000000 0.00000000 0.00000000
0.00000000 0.00000000 0.00000000 0.00000000
154.06835892 -81.71535293 -74.90000000 189.80112783
152.15217900 -84.35274833 -74.90000000 189.40876887
150.23599908 -86.99014373 -74.90000000 189.07181314
148.31981915 -89.62753913 -74.90000000 188.79055730
154.06835892 -81.71535293 -78.16000000 191.11107693
152.15217900 -84.35274833 -78.16000000 190.72141286
150.23599908 -86.99014373 -78.16000000 190.38678033
148.31981915 -89.62753913 -78.16000000 190.10746993
140.65509946 -100.17712074 -71.64000000 186.95347583
142.57127939 -97.53972534 -71.64000000 187.01031342
144.48745931 -94.90232994 -71.64000000 187.12393680
146.40363923 -92.26493453 -71.64000000 187.29424264
140.65509946 -100.17712074 -68.38000000 185.72866479
142.57127939 -97.53972534 -68.38000000 185.78587709
144.48745931 -94.90232994 -68.38000000 185.90024886
146.40363923 -92.26493453 -68.38000000 186.07167470
0.00000000 0.00000000 0.00000000 0.00000000
0.00000000 0.00000000 0.00000000 0.00000000
148.31981915 -89.62753913 -71.64000000 187.52107648
150.23599908 -86.99014373 -71.64000000 187.80423351
152.15217900 -84.35274833 -71.64000000 188.14345943
154.06835892 -81.71535293 -71.64000000 188.53845158
148.31981915 -89.62753913 -68.38000000 186.29999711
150.23599908 -86.99014373 -68.38000000 186.58500724
152.15217900 -84.35274833 -68.38000000 186.92644576
154.06835892 -81.71535293 -68.38000000 187.32400413
146.40363923 -92.26493453 -61.86000000 183.77568752
144.48745931 -94.90232994 -61.86000000 183.60211798
142.57127939 -97.53972534 -61.86000000 183.48631373
140.65509946 -100.17712074 -61.86000000 183.42838419
146.40363923 -92.26493453 -65.12000000 184.89850763
144.48745931 -94.90232994 -65.12000000 184.72599310
142.57127939 -97.53972534 -65.12000000 184.61089384
140.65509946 -100.17712074 -65.12000000 184.55331730
0.00000000 0.00000000 0.00000000 0.00000000
0.00000000 0.00000000 0.00000000 0.00000000
154.06835892 -81.71535293 -61.86000000 185.04355629
152.15217900 -84.35274833 -61.86000000 184.64108786
150.23599908 -86.99014373 -61.86000000 184.29541537
148.31981915 -89.62753913 -61.86000000 184.00685891
154.06835892 -81.71535293 -65.12000000 186.15872938
152.15217900 -84.35274833 -65.12000000 185.75867712
150.23599908 -86.99014373 -65.12000000 185.41508818
148.31981915 -89.62753913 -65.12000000 185.12827695
140.65509946 -100.17712074 -58.60000000 182.35479847
142.57127939 -97.53972534 -58.60000000 182.41306895
144.48745931 -94.90232994 -58.60000000 182.52955411
146.40363923 -92.26493453 -58.60000000 182.70414260
140.65509946 -100.17712074 -55.34000000 181.33347216
142.57127939 -97.53972534 -55.34000000 181.39207073
144.48745931 -94.90232994 -55.34000000 181.50921113
146.40363923 -92.26493453 -55.34000000 181.68478011
0.00000000 0.00000000 0.00000000 0.00000000
0.00000000 0.00000000 0.00000000 0.00000000
148.31981915 -89.62753913 -58.60000000 182.93666807
150.23599908 -86.99014373 -58.60000000 183.22690994
152.15217900 -84.35274833 -58.60000000 183.57459444
154.06835892 -81.71535293 -58.60000000 183.97939593
148.31981915 -89.62753913 -55.34000000 181.91860852
150.23599908 -86.99014373 -55.34000000 182.21047205
152.15217900 -84.35274833 -55.34000000 182.56009237
154.06835892 -81.71535293 -55.34000000 182.96713837
132.99037978 -110.72670235 -31.90000000 175.96719503
134.90655970 -108.08930694 -31.90000000 175.78591560
136.82273962 -105.45191154 -31.90000000 175.66495873
138.73891954 -102.81451614 -31.90000000 175.60444905
132.99037978 -110.72670235 -28.64000000 175.40551110
134.90655970 -108.08930694 -28.64000000 175.22365059
136.82273962 -105.45191154 -28.64000000 175.10230531
138.73891954 -102.81451614 -28.64000000 175.04160113
0.00000000 0.00000000 0.00000000 0.00000000
0.00000000 0.00000000 0.00000000 0.00000000
125.32566009 -121.27628395 -31.90000000 177.29091383
127.24184001 -118.63888855 -31.90000000 176.87080518
129.15801993 -116.00149315 -31.90000000 176.50991622
131.07419985 -113.36409775 -31.90000000 176.20861081
125.32566009 -121.27628395 -28.64000000 176.73343692
127.24184001 -118.63888855 -28.64000000 176.31199995
129.15801993 -116.00149315 -28.64000000 175.94996483
131.07419985 -113.36409775 -28.64000000 175.64769889
138.73891954 -102.81451614 -35.16000000 176.22581572
136.82273962 -105.45191154 -35.16000000 176.28611212
134.90655970 -108.08930694 -35.16000000 176.40664309
132.99037978 -110.72670235 -35.16000000 176.58728529
138.73891954 -102.81451614 -38.42000000 176.90508451
136.82273962 -105.45191154 -38.42000000 176.96514946
134.90655970 -108.08930694 -38.42000000 177.08521826
132.99037978 -110.72670235 -38.42000000 177.26516896
0.00000000 0.00000000 0.00000000 0.00000000
0.00000000 0.00000000 0.00000000 0.00000000
131.07419985 -113.36409775 -35.16000000 176.82785449
129.15801993 -116.00149315 -35.16000000 177.12810654
127.24184001 -118.63888855 -35.16000000 177.48773852
125.32566009 -121.27628395 -35.16000000 177.90639034
131.07419985 -113.36409775 -38.42000000 177.50481944
129.15801993 -116.00149315 -38.42000000 177.80392832
127.24184001 -118.63888855 -38.42000000 178.16219612
125.32566009 -121.27628395 -38.42000000 178.57926678
132.99037978 -110.72670235 -44.94000000 178.79163103
134.90655970 -108.08930694 -44.94000000 178.61321823
136.82273962 -105.45191154 -44.94000000 178.49417729
138.73891954 -102.81451614 -44.94000000 178.43462703
132.99037978 -110.72670235 -41.68000000 178.00018574
134.90655970 -108.08930694 -41.68000000 177.82097887
136.82273962 -105.45191154 -41.68000000 177.70140721
138.73891954 -102.81451614 -41.68000000 177.64159120
0.00000000 0.00000000 0.00000000 0.00000000
0.00000000 0.00000000 0.00000000 0.00000000
125.32566009 -121.27628395 -44.94000000 180.09459105
127.24184001 -118.63888855 -44.94000000 179.68103774
129.15801993 -116.00149315 -44.94000000 179.32580440
131.07419985 -113.36409775 -44.94000000 179.02923818
125.32566009 -121.27628395 -41.68000000 179.30889695
127.24184001 -118.63888855 -41.68000000 178.89352734
129.15801993 -116.00149315 -41.68000000 178.53672710
131.07419985 -113.36409775 -41.68000000 178.23884797
138.73891954 -102.81451614 -48.20000000 179.28344186
136.82273962 -105.45191154 -48.20000000 179.34271026
134.90655970 -108.08930694 -48.20000000 179.46118835
132.99037978 -110.72670235 -48.20000000 179.63875897
138.73891954 -102.81451614 -51.46000000 180.18724740
136.82273962 -105.45191154 -51.46000000 180.24621861
134.90655970 -108.08930694 -51.46000000 180.36410321
132.99037978 -110.72670235 -51.46000000 180.54078577
0.00000000 0.00000000 0.00000000 0.00000000
0.00000000 0.00000000 0.00000000 0.00000000
131.07419985 -113.36409775 -48.20000000 179.87524712
129.15801993 -116.00149315 -48.20000000 180.17042078
127.24184001 -118.63888855 -48.20000000 180.52399210
125.32566009 -121.27628395 -48.20000000 180.93561873
131.07419985 -113.36409775 -51.46000000 180.77609390
129.15801993 -116.00149315 -51.46000000 181.06979904
127.24184001 -118.63888855 -51.46000000 181.42161758
125.32566009 -121.27628395 -51.46000000 181.83121219
146.40363923 -92.26493453 -48.20000000 179.63875897
144.48745931 -94.90232994 -48.20000000 179.46118835
142.57127939 -97.53972534 -48.20000000 179.34271026
140.65509946 -100.17712074 -48.20000000 179.28344186
146.40363923 -92.26493453 -51.46000000 180.54078577
144.48745931 -94.90232994 -51.46000000 180.36410321
142.57127939 -97.53972534 -51.46000000 180.24621861
140.65509946 -100.17712074 -51.46000000 180.18724740
0.00000000 0.00000000 0.00000000 0.00000000
0.00000000 0.00000000 0.00000000 0.00000000
154.06835892 -81.71535293 -48.20000000 180.93561873
152.15217900 -84.35274833 -48.20000000 180.52399210
150.23599908 -86.99014373 -48.20000000 180.17042078
148.31981915 -89.62753913 -48.20000000 179.87524712
154.06835892 -81.71535293 -51.46000000 181.83121219
152.15217900 -84.35274833 -51.46000000 181.42161758
150.23599908 -86.99014373 -51.46000000 181.06979904
148.31981915 -89.62753913 -51.46000000 180.77609390
140.65509946 -100.17712074 -44.94000000 178.43462703
142.57127939 -97.53972534 -44.94000000 178.49417729
144.48745931 -94.90232994 -44.94000000 178.61321823
146.40363923 -92.26493453 -44.94000000 178.79163103
140.65509946 -100.17712074 -41.68000000 177.64159120
142.57127939 -97.53972534 -41.68000000 177.70140721
144.48745931 -94.90232994 -41.68000000 177.82097887
146.40363923 -92.26493453 -41.68000000 178.00018574
0.00000000 0.00000000 0.00000000 0.00000000
0.00000000 0.00000000 0.00000000 0.00000000
148.31981915 -89.62753913 -44.94000000 179.02923818
150.23599908 -86.99014373 -44.94000000 179.32580440
152.15217900 -84.35274833 -44.94000000 179.68103774
154.06835892 -81.71535293 -44.94000000 180.09459105
148.31981915 -89.62753913 -41.68000000 178.23884797
150.23599908 -86.99014373 -41.68000000 178.53672710
152.15217900 -84.35274833 -41.68000000 178.89352734
154.06835892 -81.71535293 -41.68000000 179.30889695
146.40363923 -92.26493453 -35.16000000 176.58728529
144.48745931 -94.90232994 -35.16000000 176.40664309
142.57127939 -97.53972534 -35.16000000 176.28611212
140.65509946 -100.17712074 -35.16000000 176.22581572
146.40363923 -92.26493453 -38.42000000 177.26516896
144.48745931 -94.90232994 -38.42000000 177.08521826
142.57127939 -97.53972534 -38.42000000 176.96514946
140.65509946 -100.17712074 -38.42000000 176.90508451
0.00000000 0.00000000 0.00000000 0.00000000
0.00000000 0.00000000 0.00000000 0.00000000
154.06835892 -81.71535293 -35.16000000 177.90639034
152.15217900 -84.35274833 -35.16000000 177.48773852
150.23599908 -86.99014373 -35.16000000 177.12810654
148.31981915 -89.62753913 -35.16000000 176.82785449
154.06835892 -81.71535293 -38.42000000 178.57926678
152.15217900 -84.35274833 -38.42000000 178.16219612
150.23599908 -86.99014373 -38.42000000 177.80392832
148.31981915 -89.62753913 -38.42000000 177.50481944
140.65509946 -100.17712074 -31.90000000 175.60444905
142.57127939 -97.53972534 -31.90000000 175.66495873
144.48745931 -94.90232994 -31.90000000 175.78591560
146.40363923 -92.26493453 -31.90000000 175.96719503
140.65509946 -100.17712074 -28.64000000 175.04160113
142.57127939 -97.53972534 -28.64000000 175.10230531
144.48745931 -94.90232994 -28.64000000 175.22365059
146.40363923 -92.26493453 -28.64000000 175.40551110
0.00000000 0.00000000 0.00000000 0.00000000
0.00000000 0.00000000 0.00000000 0.00000000
148.31981915 -89.62753913 -31.90000000 176.20861081
150.23599908 -86.99014373 -31.90000000 176.50991622
152.15217900 -84.35274833 -31.90000000 176.87080518
154.06835892 -81.71535293 -31.90000000 177.29091383
148.31981915 -89.62753913 -28.64000000 175.64769889
150.23599908 -86.99014373 -28.64000000 175.94996483
152.15217900 -84.35274833 -28.64000000 176.31199995
154.06835892 -81.71535293 -28.64000000 176.73343692
132.99037978 -110.72670235 -5.20000000 173.12967315
134.90655970 -108.08930694 -5.20000000 172.94541950
136.82273962 -105.45191154 -5.20000000 172.82247459
138.73891954 -102.81451614 -5.20000000 172.76096933
132.99037978 -110.72670235 -1.94000000 173.06243765
134.90655970 -108.08930694 -1.94000000 172.87811234
136.82273962 -105.45191154 -1.94000000 172.75511953
138.73891954 -102.81451614 -1.94000000 172.69359028
0.00000000 0.00000000 0.00000000 0.00000000
0.00000000 0.00000000 0.00000000 0.00000000
125.32566009 -121.27628395 -5.20000000 174.47492119
127.24184001 -118.63888855 -5.20000000 174.04801557
129.15801993 -116.00149315 -5.20000000 173.68126129
131.07419985 -113.36409775 -5.20000000 173.37504009
125.32566009 -121.27628395 -1.94000000 174.40820429
127.24184001 -118.63888855 -1.94000000 173.98113497
129.15801993 -116.00149315 -1.94000000 173.61423941
131.07419985 -113.36409775 -1.94000000 173.30789978
138.73891954 -102.81451614 -8.46000000 172.88980342
136.82273962 -105.45191154 -8.46000000 172.95126286
134.90655970 -108.08930694 -8.46000000 173.07411628
132.99037978 -110.72670235 -8.46000000 173.25823307
138.73891954 -102.81451614 -11.72000000 173.07995530
136.82273962 -105.45191154 -11.72000000 173.14134724
134.90655970 -108.08930694 -11.72000000 173.26406588
132.99037978 -110.72670235 -11.72000000 173.44798103
0.00000000 0.00000000 0.00000000 0.00000000
0.00000000 0.00000000 0.00000000 0.00000000
131.07419985 -113.36409775 -8.46000000 173.50341819
129.15801993 -116.00149315 -8.46000000 173.80941322
127.24184001 -118.63888855 -8.46000000 174.17589766
125.32566009 -121.27628395 -8.46000000 174.60249060
131.07419985 -113.36409775 -11.72000000 173.69289831
129.15801993 -116.00149315 -11.72000000 173.99856012
127.24184001 -118.63888855 -11.72000000 174.36464700
125.32566009 -121.27628395 -11.72000000 174.79077929
132.99037978 -110.72670235 -18.24000000 174.01017592
134.90655970 -108.08930694 -18.24000000 173.82685559
136.82273962 -105.45191154 -18.24000000 173.70453456
138.73891954 -102.81451614 -18.24000000 173.64334172
132.99037978 -110.72670235 -14.98000000 173.69871653
134.90655970 -108.08930694 -14.98000000 173.51506714
136.82273962 -105.45191154 -14.98000000 173.39252615
138.73891954 -102.81451614 -14.98000000 173.33122317
0.00000000 0.00000000 0.00000000 0.00000000
0.00000000 0.00000000 0.00000000 0.00000000
125.32566009 -121.27628395 -18.24000000 175.34866901
127.24184001 -118.63888855 -18.24000000 174.92389581
129.15801993 -116.00149315 -18.24000000 174.55898179
131.07419985 -113.36409775 -18.24000000 174.25430303
125.32566009 -121.27628395 -14.98000000 175.03959131
127.24184001 -118.63888855 -14.98000000 174.61406623
129.15801993 -116.00149315 -14.98000000 174.24850337
131.07419985 -113.36409775 -14.98000000 173.94328077
138.73891954 -102.81451614 -21.50000000 174.01598353
136.82273962 -105.45191154 -21.50000000 174.07704537
134.90655970 -108.08930694 -21.50000000 174.19910483
132.99037978 -110.72670235 -21.50000000 174.38203384
138.73891954 -102.81451614 -24.76000000 174.44876074
136.82273962 -105.45191154 -24.76000000 174.50967115
134.90655970 -108.08930694 -24.76000000 174.63142823
132.99037978 -110.72670235 -24.76000000 174.81390484
0.00000000 0.00000000 0.00000000 0.00000000
0.00000000 0.00000000 0.00000000 0.00000000
131.07419985 -113.36409775 -21.50000000 174.62564109
129.15801993 -116.00149315 -21.50000000 174.92967308
127.24184001 -118.63888855 -21.50000000 175.29381542
125.32566009 -121.27628395 -21.50000000 175.71769440
131.07419985 -113.36409775 -24.76000000 175.05691110
129.15801993 -116.00149315 -24.76000000 175.36019538
127.24184001 -118.63888855 -24.76000000 175.72344558
125.32566009 -121.27628395 -24.76000000 176.14629069
146.40363923 -92.26493453 -21.50000000 174.38203384
144.48745931 -94.90232994 -21.50000000 174.19910483
142.57127939 -97.53972534 -21.50000000 174.07704537
140.65509946 -100.17712074 -21.50000000 174.01598353
146.40363923 -92.26493453 -24.76000000 174.81390484
144.48745931 -94.90232994 -24.76000000 174.63142823
142.57127939 -97.53972534 -24.76000000 174.50967115
140.65509946 -100.17712074 -24.76000000 174.44876074
0.00000000 0.00000000 0.00000000 0.00000000
0.00000000 0.00000000 0.00000000 0.00000000
154.06835892 -81.71535293 -21.50000000 175.71769440
152.15217900 -84.35274833 -21.50000000 175.29381542
150.23599908 -86.99014373 -21.50000000 174.92967308
148.31981915 -89.62753913 -21.50000000 174.62564109
154.06835892 -81.71535293 -24.76000000 176.14629069
152.15217900 -84.35274833 -24.76000000 175.72344558
150.23599908 -86.99014373 -24.76000000 175.36019538
148.31981915 -89.62753913 -24.76000000 175.05691110
140.65509946 -100.17712074 -18.24000000 173.64334172
142.57127939 -97.53972534 -18.24000000 173.70453456
144.48745931 -94.90232994 -18.24000000 173.82685559
146.40363923 -92.26493453 -18.24000000 174.01017592
140.65509946 -100.17712074 -14.98000000 173.33122317
142.57127939 -97.53972534 -14.98000000 173.39252615
144.48745931 -94.90232994 -14.98000000 173.51506714
146.40363923 -92.26493453 -14.98000000 173.69871653
0.00000000 0.00000000 0.00000000 0.00000000
0.00000000 0.00000000 0.00000000 0.00000000
148.31981915 -89.62753913 -18.24000000 174.25430303
150.23599908 -86.99014373 -18.24000000 174.55898179
152.15217900 -84.35274833 -18.24000000 174.92389581
154.06835892 -81.71535293 -18.24000000 175.34866901
148.31981915 -89.62753913 -14.98000000 173.94328077
150.23599908 -86.99014373 -14.98000000 174.24850337
152.15217900 -84.35274833 -14.98000000 174.61406623
154.06835892 -81.71535293 -14.98000000 175.03959131
146.40363923 -92.26493453 -8.46000000 173.25823307
144.48745931 -94.90232994 -8.46000000 173.07411628
142.57127939 -97.53972534 -8.46000000 172.95126286
140.65509946 -100.17712074 -8.46000000 172.88980342
146.40363923 -92.26493453 -11.72000000 173.44798103
144.48745931 -94.90232994 -11.72000000 173.26406588
142.57127939 -97.53972534 -11.72000000 173.14134724
140.65509946 -100.17712074 -11.72000000 173.07995530
0.00000000 0.00000000 0.00000000 0.00000000
0.00000000 0.00000000 0.00000000 0.00000000
154.06835892 -81.71535293 -8.46000000 174.60249060
152.15217900 -84.35274833 -8.46000000 174.17589766
150.23599908 -86.99014373 -8.46000000 173.80941322
148.31981915 -89.62753913 -8.46000000 173.50341819
154.06835892 -81.71535293 -11.72000000 174.79077929
152.15217900 -84.35274833 -11.72000000 174.36464700
150.23599908 -86.99014373 -11.72000000 173.99856012
148.31981915 -89.62753913 -11.72000000 173.69289831
140.65509946 -100.17712074 -5.20000000 172.76096933
142.57127939 -97.53972534 -5.20000000 172.82247459
144.48745931 -94.90232994 -5.20000000 172.94541950
146.40363923 -92.26493453 -5.20000000 173.12967315
140.65509946 -100.17712074 -1.94000000 172.69359028
142.57127939 -97.53972534 -1.94000000 172.75511953
144.48745931 -94.90232994 -1.94000000 172.87811234
146.40363923 -92.26493453 -1.94000000 173.06243765
0.00000000 0.00000000 0.00000000 0.00000000
0.00000000 0.00000000 0.00000000 0.00000000
148.31981915 -89.62753913 -5.20000000 173.37504009
150.23599908 -86.99014373 -5.20000000 173.68126129
152.15217900 -84.35274833 -5.20000000 174.04801557
154.06835892 -81.71535293 -5.20000000 174.47492119
148.31981915 -89.62753913 -1.94000000 173.30789978
150.23599908 -86.99014373 -1.94000000 173.61423941
152.15217900 -84.35274833 -1.94000000 173.98113497
154.06835892 -81.71535293 -1.94000000 174.40820429
132.99037978 -110.72670235 21.50000000 174.38203384
134.90655970 -108.08930694 21.50000000 174.19910483
136.82273962 -105.45191154 21.50000000 174.07704537
138.73891954 -102.81451614 21.50000000 174.01598353
132.99037978 -110.72670235 24.76000000 174.81390484
134.90655970 -108.08930694 24.76000000 174.63142823
136.82273962 -105.45191154 24.76000000 174.50967115
138.73891954 -102.81451614 24.76000000 174.44876074
0.00000000 0.00000000 0.00000000 0.00000000
0.00000000 0.00000000 0.00000000 0.00000000
125.32566009 -121.27628395 21.50000000 175.71769440
127.24184001 -118.63888855 21.50000000 175.29381542
129.15801993 -116.00149315 21.50000000 174.92967308
131.07419985 -113.36409775 21.50000000 174.62564109
125.32566009 -121.27628395 24.76000000 176.14629069
127.24184001 -118.63888855 24.76000000 175.72344558
129.15801993 -116.00149315 24.76000000 175.36019538
131.07419985 -113.36409775 24.76000000 175.05691110
138.73891954 -102.81451614 18.24000000 173.64334172
136.82273962 -105.45191154 18.24000000 173.70453456
134.90655970 -108.08930694 18.24000000 173.82685559
132.99037978 -110.72670235 18.24000000 174.01017592
138.73891954 -102.81451614 14.98000000 173.33122317
136.82273962 -105.45191154 14.98000000 173.39252615
134.90655970 -108.08930694 14.98000000 173.51506714
132.99037978 -110.72670235 14.98000000 173.69871653
0.00000000 0.00000000 0.00000000 0.00000000
0.00000000 0.00000000 0.00000000 0.00000000
131.07419985 -113.36409775 18.24000000 174.25430303
129.15801993 -116.00149315 18.24000000 174.55898179
127.24184001 -118.63888855 18.24000000 174.92389581
125.32566009 -121.27628395 18.24000000 175.34866901
131.07419985 -113.36409775 14.98000000 173.94328077
129.15801993 -116.00149315 14.98000000 174.24850337
127.24184001 -118.63888855 14.98000000 174.61406623
125.32566009 -121.27628395 14.98000000 175.03959131
132.99037978 -110.72670235 8.46000000 173.25823307
134.90655970 -108.08930694 8.46000000 173.07411628
136.82273962 -105.45191154 8.46000000 172.95126286
138.73891954 -102.81451614 8.46000000 172.88980342
132.99037978 -110.72670235 11.72000000 173.44798103
134.90655970 -108.08930694 11.72000000 173.26406588
136.82273962 -105.45191154 11.72000000 173.14134724
138.73891954 -102.81451614 11.72000000 173.07995530
0.00000000 0.00000000 0.00000000 0.00000000
0.00000000 0.00000000 0.00000000 0.00000000
125.32566009 -121.27628395 8.46000000 174.60249060
127.24184001 -118.63888855 8.46000000 174.17589766
129.15801993 -116.00149315 8.46000000 173.80941322
131.07419985 -113.36409775 8.46000000 173.50341819
125.32566009 -121.27628395 11.72000000 174.79077929
127.24184001 -118.63888855 11.72000000 174.36464700
129.15801993 -116.00149315 11.72000000 173.99856012
131.07419985 -113.36409775 11.72000000 173.69289831
138.73891954 -102.81451614 5.20000000 172.76096933
136.82273962 -105.45191154 5.20000000 172.82247459
134.90655970 -108.08930694 5.20000000 172.94541950
132.99037978 -110.72670235 5.20000000 173.12967315
138.73891954 -102.81451614 1.94000000 172.69359028
136.82273962 -105.45191154 1.94000000 172.75511953
134.90655970 -108.08930694 1.94000000 172.87811234
132.99037978 -110.72670235 1.94000000 173.06243765
0.00000000 0.00000000 0.00000000 0.00000000
0.00000000 0.00000000 0.00000000 0.00000000
131.07419985 -113.36409775 5.20000000 173.37504009
129.15801993 -116.00149315 5.20000000 173.68126129
127.24184001 -118.63888855 5.20000000 174.04801557
125.32566009 -121.27628395 5.20000000 174.47492119
131.07419985 -113.36409775 1.94000000 173.30789978
129.15801993 -116.00149315 1.94000000 173.61423941
127.24184001 -118.63888855 1.94000000 173.98113497
125.32566009 -121.27628395 1.94000000 174.40820429
146.40363923 -92.26493453 5.20000000 173.12967315
144.48745931 -94.90232994 5.20000000 172.94541950
142.57127939 -97.53972534 5.20000000 172.82247459
140.65509946 -100.17712074 5.20000000 172.76096933
146.40363923 -92.26493453 1.94000000 173.06243765
144.48745931 -94.90232994 1.94000000 172.87811234
142.57127939 -97.53972534 1.94000000 172.75511953
140.65509946 -100.17712074 1.94000000 172.69359028
0.00000000 0.00000000 0.00000000 0.00000000
0.00000000 0.00000000 0.00000000 0.00000000
154.06835892 -81.71535293 5.20000000 174.47492119
152.15217900 -84.35274833 5.20000000 174.04801557
150.23599908 -86.99014373 5.20000000 173.68126129
148.31981915 -89.62753913 5.20000000 173.37504009
154.06835892 -81.71535293 1.94000000 174.40820429
152.15217900 -84.35274833 1.94000000 173.98113497
150.23599908 -86.99014373 1.94000000 173.61423941
148.31981915 -89.62753913 1.94000000 173.30789978
140.65509946 -100.17712074 8.46000000 172.88980342
142.57127939 -97.53972534 8.46000000 172.95126286
144.48745931 -94.90232994 8.46000000 173.07411628
146.40363923 -92.26493453 8.46000000 173.25823307
140.65509946 -100.17712074 11.72000000 173.07995530
142.57127939 -97.53972534 11.72000000 173.14134724
144.48745931 -94.90232994 11.72000000 173.26406588
146.40363923 -92.26493453 11.72000000 173.44798103
0.00000000 0.00000000 0.00000000 0.00000000
0.00000000 0.00000000 0.00000000 0.00000000
148.31981915 -89.62753913 8.46000000 173.50341819
150.23599908 -86.99014373 8.46000000 173.80941322
152.15217900 -84.35274833 8.46000000 174.17589766
154.06835892 -81.71535293 8.46000000 174.60249060
148.31981915 -89.62753913 11.72000000 173.69289831
150.23599908 -86.99014373 11.72000000 173.99856012
152.15217900 -84.35274833 11.72000000 174.36464700
154.06835892 -81.71535293 11.72000000 174.79077929
146.40363923 -92.26493453 18.24000000 174.01017592
144.48745931 -94.90232994 18.24000000 173.82685559
142.57127939 -97.53972534 18.24000000 173.70453456
140.65509946 -100.17712074 18.24000000 173.64334172
146.40363923 -92.26493453 14.98000000 173.69871653
144.48745931 -94.90232994 14.98000000 173.51506714
142.57127939 -97.53972534 14.98000000 173.39252615
140.65509946 -100.17712074 14.98000000 173.33122317
0.00000000 0.00000000 0.00000000 0.00000000
0.00000000 0.00000000 0.00000000 0.00000000
154.06835892 -81.71535293 18.24000000 175.34866901
152.15217900 -84.35274833 18.24000000 174.92389581
150.23599908 -86.99014373 18.24000000 174.55898179
148.31981915 -89.62753913 18.24000000 174.25430303
154.06835892 -81.71535293 14.98000000 175.03959131
152.15217900 -84.35274833 14.98000000 174.61406623
150.23599908 -86.99014373 14.98000000 174.24850337
148.31981915 -89.62753913 14.98000000 173.94328077
140.65509946 -100.17712074 21.50000000 174.01598353
142.57127939 -97.53972534 21.50000000 174.07704537
144.48745931 -94.90232994 21.50000000 174.19910483
146.40363923 -92.26493453 21.50000000 174.38203384
140.65509946 -100.17712074 24.76000000 174.44876074
142.57127939 -97.53972534 24.76000000 174.50967115
144.48745931 -94.90232994 24.76000000 174.63142823
146.40363923 -92.26493453 24.76000000 174.81390484
0.00000000 0.00000000 0.00000000 0.00000000
0.00000000 0.00000000 0.00000000 0.00000000
148.31981915 -89.62753913 21.50000000 174.62564109
150.23599908 -86.99014373 21.50000000 174.92967308
152.15217900 -84.35274833 21.50000000 175.29381542
154.06835892 -81.71535293 21.50000000 175.71769440
148.31981915 -89.62753913 24.76000000 175.05691110
150.23599908 -86.99014373 24.76000000 175.36019538
152.15217900 -84.35274833 24.76000000 175.72344558
154.06835892 -81.71535293 24.76000000 176.14629069
132.99037978 -110.72670235 48.20000000 179.63875897
134.90655970 -108.08930694 48.20000000 179.46118835
136.82273962 -105.45191154 48.20000000 179.34271026
138.73891954 -102.81451614 48.20000000 179.28344186
132.99037978 -110.72670235 51.46000000 180.54078577
134.90655970 -108.08930694 51.46000000 180.36410321
136.82273962 -105.45191154 51.46000000 180.24621861
138.73891954 -102.81451614 51.46000000 180.18724740
0.00000000 0.00000000 0.00000000 0.00000000
0.00000000 0.00000000 0.00000000 0.00000000
125.32566009 -121.27628395 48.20000000 180.93561873
127.24184001 -118.63888855 48.20000000 180.52399210
129.15801993 -116.00149315 48.20000000 180.17042078
131.07419985 -113.36409775 48.20000000 179.87524712
125.32566009 -121.27628395 51.46000000 181.83121219
127.24184001 -118.63888855 51.46000000 181.42161758
129.15801993 -116.00149315 51.46000000 181.06979904
131.07419985 -113.36409775 51.46000000 180.77609390
138.73891954 -102.81451614 44.94000000 178.43462703
136.82273962 -105.45191154 44.94000000 178.49417729
134.90655970 -108.08930694 44.94000000 178.61321823
132.99037978 -110.72670235 44.94000000 178.79163103
138.73891954 -102.81451614 41.68000000 177.64159120
136.82273962 -105.45191154 41.68000000 177.70140721
134.90655970 -108.08930694 41.68000000 177.82097887
132.99037978 -110.72670235 41.68000000 178.00018574
0.00000000 0.00000000 0.00000000 0.00000000
0.00000000 0.00000000 0.00000000 0.00000000
131.07419985 -113.36409775 44.94000000 179.02923818
129.15801993 -116.00149315 44.94000000 179.32580440
127.24184001 -118.63888855 44.94000000 179.68103774
125.32566009 -121.27628395 44.94000000 180.09459105
131.07419985 -113.36409775 41.68000000 178.23884797
129.15801993 -116.00149315 41.68000000 178.53672710
127.24184001 -118.63888855 41.68000000 178.89352734
125.32566009 -121.27628395 41.68000000 179.30889695
132.99037978 -110.72670235 35.16000000 176.58728529
134.90655970 -108.08930694 35.16000000 176.40664309
136.82273962 -105.45191154 35.16000000 176.28611212
138.73891954 -102.81451614 35.16000000 176.22581572
132.99037978 -110.72670235 38.42000000 177.26516896
134.90655970 -108.08930694 38.42000000 177.08521826
136.82273962 -105.45191154 38.42000000 176.96514946
138.73891954 -102.81451614 38.42000000 176.90508451
0.00000000 0.00000000 0.00000000 0.00000000
0.00000000 0.00000000 0.00000000 0.00000000
125.32566009 -121.27628395 35.16000000 177.90639034
127.24184001 -118.63888855 35.16000000 177.48773852
129.15801993 -116.00149315 35.16000000 177.12810654
131.07419985 -113.36409775 35.16000000 176.82785449
125.32566009 -121.27628395 38.42000000 178.57926678
127.24184001 -118.63888855 38.42000000 178.16219612
129.15801993 -116.00149315 38.42000000 177.80392832
131.07419985 -113.36409775 38.42000000 177.50481944
138.73891954 -102.81451614 31.90000000 175.60444905
136.82273962 -105.45191154 31.90000000 175.66495873
134.90655970 -108.08930694 31.90000000 175.78591560
132.99037978 -110.72670235 31.90000000 175.96719503
138.73891954 -102.81451614 28.64000000 175.04160113
136.82273962 -105.45191154 28.64000000 175.10230531
134.90655970 -108.08930694 28.64000000 175.22365059
132.99037978 -110.72670235 28.64000000 175.40551110
0.00000000 0.00000000 0.00000000 0.00000000
0.00000000 0.00000000 0.00000000 0.00000000
131.07419985 -113.36409775 31.90000000 176.20861081
129.15801993 -116.00149315 31.90000000 176.50991622
127.24184001 -118.63888855 31.90000000 176.87080518
125.32566009 -121.27628395 31.90000000 177.29091383
131.07419985 -113.36409775 28.64000000 175.64769889
129.15801993 -116.00149315 28.64000000 175.94996483
127.24184001 -118.63888855 28.64000000 176.31199995
125.32566009 -121.27628395 28.64000000 176.73343692
146.40363923 -92.26493453 31.90000000 175.96719503
144.48745931 -94.90232994 31.90000000 175.78591560
142.57127939 -97.53972534 31.90000000 175.66495873
140.65509946 -100.17712074 31.90000000 175.60444905
146.40363923 -92.26493453 28.64000000 175.40551110
144.48745931 -94.90232994 28.64000000 175.22365059
142.57127939 -97.53972534 28.64000000 175.10230531
140.65509946 -100.17712074 28.64000000 175.04160113
0.00000000 0.00000000 0.00000000 0.00000000
0.00000000 0.00000000 0.00000000 0.00000000
154.06835892 -81.71535293 31.90000000 177.29091383
152.15217900 -84.35274833 31.90000000 176.87080518
150.23599908 -86.99014373 31.90000000 176.50991622
148.31981915 -89.62753913 31.90000000 176.20861081
154.06835892 -81.71535293 28.64000000 176.73343692
152.15217900 -84.35274833 28.64000000 176.31199995
150.23599908 -86.99014373 28.64000000 175.94996483
148.31981915 -89.62753913 28.64000000 175.64769889
140.65509946 -100.17712074 35.16000000 176.22581572
142.57127939 -97.53972534 35.16000000 176.28611212
144.48745931 -94.90232994 35.16000000 176.40664309
146.40363923 -92.26493453 35.16000000 176.58728529
140.65509946 -100.17712074 38.42000000 176.90508451
142.57127939 -97.53972534 38.42000000 176.96514946
144.48745931 -94.90232994 38.42000000 177.08521826
146.40363923 -92.26493453 38.42000000 177.26516896
0.00000000 0.00000000 0.00000000 0.00000000
0.00000000 0.00000000 0.00000000 0.00000000
148.31981915 -89.62753913 35.16000000 176.82785449
150.23599908 -86.99014373 35.16000000 177.12810654
152.15217900 -84.35274833 35.16000000 177.48773852
154.06835892 -81.71535293 35.16000000 177.90639034
148.31981915 -89.62753913 38.42000000 177.50481944
150.23599908 -86.99014373 38.42000000 177.80392832
152.15217900 -84.35274833 38.42000000 178.16219612
154.06835892 -81.71535293 38.42000000 178.57926678
146.40363923 -92.26493453 44.94000000 178.79163103
144.48745931 -94.90232994 44.94000000 178.61321823
142.57127939 -97.53972534 44.94000000 178.49417729
140.65509946 -100.17712074 44.94000000 178.43462703
146.40363923 -92.26493453 41.68000000 178.00018574
144.48745931 -94.90232994 41.68000000 177.82097887
142.57127939 -97.53972534 41.68000000 177.70140721
140.65509946 -100.17712074 41.68000000 177.64159120
0.00000000 0.00000000 0.00000000 0.00000000
0.00000000 0.00000000 0.00000000 0.00000000
154.06835892 -81.71535293 44.94000000 180.09459105
152.15217900 -84.35274833 44.94000000 179.68103774
150.23599908 -86.99014373 44.94000000 179.32580440
148.31981915 -89.62753913 44.94000000 179.02923818
154.06835892 -81.71535293 41.68000000 179.30889695
152.15217900 -84.35274833 41.68000000 178.89352734
150.23599908 -86.99014373 41.68000000 178.53672710
148.31981915 -89.62753913 41.68000000 178.23884797
140.65509946 -100.17712074 48.20000000 179.28344186
142.57127939 -97.53972534 48.20000000 179.34271026
144.48745931 -94.90232994 48.20000000 179.46118835
146.40363923 -92.26493453 48.20000000 179.63875897
140.65509946 -100.17712074 51.46000000 180.18724740
142.57127939 -97.53972534 51.46000000 180.24621861
144.48745931 -94.90232994 51.46000000 180.36410321
146.40363923 -92.26493453 51.46000000 180.54078577
0.00000000 0.00000000 0.00000000 0.00000000
0.00000000 0.00000000 0.00000000 0.00000000
148.31981915 -89.62753913 48.20000000 179.87524712
150.23599908 -86.99014373 48.20000000 180.17042078
152.15217900 -84.35274833 48.20000000 180.52399210
154.06835892 -81.71535293 48.20000000 180.93561873
148.31981915 -89.62753913 51.46000000 180.77609390
150.23599908 -86.99014373 51.46000000 181.06979904
152.15217900 -84.35274833 51.46000000 181.42161758
154.06835892 -81.71535293 51.46000000 181.83121219
132.99037978 -110.72670235 74.90000000 188.56525058
134.90655970 -108.08930694 74.90000000 188.39609371
136.82273962 -105.45191154 74.90000000 188.28323804
138.73891954 -102.81451614 74.90000000 188.22678482
132.99037978 -110.72670235 78.16000000 189.88372580
134.90655970 -108.08930694 78.16000000 189.71574454
136.82273962 -105.45191154 78.16000000 189.60367434
138.73891954 -102.81451614 78.16000000 189.54761440
0.00000000 0.00000000 0.00000000 0.00000000
0.00000000 0.00000000 0.00000000 0.00000000
125.32566009 -121.27628395 74.90000000 189.80112783
127.24184001 -118.63888855 74.90000000 189.40876887
129.15801993 -116.00149315 74.90000000 189.07181314
131.07419985 -113.36409775 74.90000000 188.79055730
125.32566009 -121.27628395 78.16000000 191.11107693
127.24184001 -118.63888855 78.16000000 190.72141286
129.15801993 -116.00149315 78.16000000 190.38678033
131.07419985 -113.36409775 78.16000000 190.10746993
138.73891954 -102.81451614 71.64000000 186.95347583
136.82273962 -105.45191154 71.64000000 187.01031342
134.90655970 -108.08930694 71.64000000 187.12393680
132.99037978 -110.72670235 71.64000000 187.29424264
138.73891954 -102.81451614 68.38000000 185.72866479
136.82273962 -105.45191154 68.38000000 185.78587709
134.90655970 -108.08930694 68.38000000 185.90024886
132.99037978 -110.72670235 68.38000000 186.07167470
0.00000000 0.00000000 0.00000000 0.00000000
0.00000000 0.00000000 0.00000000 0.00000000
131.07419985 -113.36409775 71.64000000 187.52107648
129.15801993 -116.00149315 71.64000000 187.80423351
127.24184001 -118.63888855 71.64000000 188.14345943
125.32566009 -121.27628395 71.64000000 188.53845158
131.07419985 -113.36409775 68.38000000 186.29999711
129.15801993 -116.00149315 68.38000000 186.58500724
127.24184001 -118.63888855 68.38000000 186.92644576
125.32566009 -121.27628395 68.38000000 187.32400413
132.99037978 -110.72670235 61.86000000 183.77568752
134.90655970 -108.08930694 61.86000000 183.60211798
136.82273962 -105.45191154 61.86000000 183.48631373
138.73891954 -102.81451614 61.86000000 183.42838419
132.99037978 -110.72670235 65.12000000 184.89850763
134.90655970 -108.08930694 65.12000000 184.72599310
136.82273962 -105.45191154 65.12000000 184.61089384
138.73891954 -102.81451614 65.12000000 184.55331730
0.00000000 0.00000000 0.00000000 0.00000000
0.00000000 0.00000000 0.00000000 0.00000000
125.32566009 -121.27628395 61.86000000 185.04355629
127.24184001 -118.63888855 61.86000000 184.64108786
129.15801993 -116.00149315 61.86000000 184.29541537
131.07419985 -113.36409775 61.86000000 184.00685891
125.32566009 -121.27628395 65.12000000 186.15872938
127.24184001 -118.63888855 65.12000000 185.75867712
129.15801993 -116.00149315 65.12000000 185.41508818
131.07419985 -113.36409775 65.12000000 185.12827695
138.73891954 -102.81451614 58.60000000 182.35479847
136.82273962 -105.45191154 58.60000000 182.41306895
134.90655970 -108.08930694 58.60000000 182.52955411
132.99037978 -110.72670235 58.60000000 182.70414260
138.73891954 -102.81451614 55.34000000 181.33347216
136.82273962 -105.45191154 55.34000000 181.39207073
134.90655970 -108.08930694 55.34000000 181.50921113
132.99037978 -110.72670235 55.34000000 181.68478011
0.00000000 0.00000000 0.00000000 0.00000000
0.00000000 0.00000000 0.00000000 0.00000000
131.07419985 -113.36409775 58.60000000 182.93666807
129.15801993 -116.00149315 58.60000000 183.22690994
127.24184001 -118.63888855 58.60000000 183.57459444
125.32566009 -121.27628395 58.60000000 183.97939593
131.07419985 -113.36409775 55.34000000 181.91860852
129.15801993 -116.00149315 55.34000000 182.21047205
127.24184001 -118.63888855 55.34000000 182.56009237
125.32566009 -121.27628395 55.34000000 182.96713837
146.40363923 -92.26493453 58.60000000 182.70414260
144.48745931 -94.90232994 58.60000000 182.52955411
142.57127939 -97.53972534 58.60000000 182.41306895
140.65509946 -100.17712074 58.60000000 182.35479847
146.40363923 -92.26493453 55.34000000 181.68478011
144.48745931 -94.90232994 55.34000000 181.50921113
142.57127939 -97.53972534 55.34000000 181.39207073
140.65509946 -100.17712074 55.34000000 181.33347216
0.00000000 0.00000000 0.00000000 0.00000000
0.00000000 0.00000000 0.00000000 0.00000000
154.06835892 -81.71535293 58.60000000 183.97939593
152.15217900 -84.35274833 58.60000000 183.57459444
150.23599908 -86.99014373 58.60000000 183.22690994
148.31981915 -89.62753913 58.60000000 182.93666807
154.06835892 -81.71535293 55.34000000 182.96713837
152.15217900 -84.35274833 55.34000000 182.56009237
150.23599908 -86.99014373 55.34000000 182.21047205
148.31981915 -89.62753913 55.34000000 181.91860852
140.65509946 -100.17712074 61.86000000 183.42838419
142.57127939 -97.53972534 61.86000000 183.48631373
144.48745931 -94.90232994 61.86000000 183.60211798
146.40363923 -92.26493453 61.86000000 183.77568752
140.65509946 -100.17712074 65.12000000 184.55331730
142.57127939 -97.53972534 65.12000000 184.61089384
144.48745931 -94.90232994 65.12000000 184.72599310
146.40363923 -92.26493453 65.12000000 184.89850763
0.00000000 0.00000000 0.00000000 0.00000000
0.00000000 0.00000000 0.00000000 0.00000000
148.31981915 -89.62753913 61.86000000 184.00685891
150.23599908 -86.99014373 61.86000000 184.29541537
152.15217900 -84.35274833 61.86000000 184.64108786
154.06835892 -81.71535293 61.86000000 185.04355629
148.31981915 -89.62753913 65.12000000 185.12827695
150.23599908 -86.99014373 65.12000000 185.41508818
152.15217900 -84.35274833 65.12000000 185.75867712
154.06835892 -81.71535293 65.12000000 186.15872938
146.40363923 -92.26493453 71.64000000 187.29424264
144.48745931 -94.90232994 71.64000000 187.12393680
142.57127939 -97.53972534 71.64000000 187.01031342
140.65509946 -100.17712074 71.64000000 186.95347583
146.40363923 -92.26493453 68.38000000 186.07167470
144.48745931 -94.90232994 68.38000000 185.90024886
142.57127939 -97.53972534 68.38000000 185.78587709
140.65509946 -100.17712074 68.38000000 185.72866479
0.00000000 0.00000000 0.00000000 0.00000000
0.00000000 0.00000000 0.00000000 0.00000000
154.06835892 -81.71535293 71.64000000 188.53845158
152.15217900 -84.35274833 71.64000000 188.14345943
150.23599908 -86.99014373 71.64000000 187.80423351
148.31981915 -89.62753913 71.64000000 187.52107648
154.06835892 -81.71535293 68.38000000 187.32400413
152.15217900 -84.35274833 68.38000000 186.92644576
150.23599908 -86.99014373 68.38000000 186.58500724
148.31981915 -89.62753913 68.38000000 186.29999711
140.65509946 -100.17712074 74.90000000 188.22678482
142.57127939 -97.53972534 74.90000000 188.28323804
144.48745931 -94.90232994 74.90000000 188.39609371
146.40363923 -92.26493453 74.90000000 188.56525058
140.65509946 -100.17712074 78.16000000 189.54761440
142.57127939 -97.53972534 78.16000000 189.60367434
144.48745931 -94.90232994 78.16000000 189.71574454
146.40363923 -92.26493453 78.16000000 189.88372580
0.00000000 0.00000000 0.00000000 0.00000000
0.00000000 0.00000000 0.00000000 0.00000000
148.31981915 -89.62753913 74.90000000 188.79055730
150.23599908 -86.99014373 74.90000000 189.07181314
152.15217900 -84.35274833 74.90000000 189.40876887
154.06835892 -81.71535293 74.90000000 189.80112783
148.31981915 -89.62753913 78.16000000 190.10746993
150.23599908 -86.99014373 78.16000000 190.38678033
152.15217900 -84.35274833 78.16000000 190.72141286
154.06835892 -81.71535293 78.16000000 191.11107693
80.49381539 -153.19134900 -58.60000000 182.70414260
83.27342232 -151.48800368 -58.60000000 182.52955411
86.05302926 -149.78465836 -58.60000000 182.41306895
88.83263619 -148.08131304 -58.60000000 182.35479847
80.49381539 -153.19134900 -55.34000000 181.68478011
83.27342232 -151.48800368 -55.34000000 181.50921113
86.05302926 -149.78465836 -55.34000000 181.39207073
88.83263619 -148.08131304 -55.34000000 181.33347216
0.00000000 0.00000000 0.00000000 0.00000000
0.00000000 0.00000000 0.00000000 0.00000000
69.37538764 -160.00473029 -58.60000000 183.97939593
72.15499458 -158.30138497 -58.60000000 183.57459444
74.93460152 -156.59803965 -58.60000000 183.22690994
77.71420845 -154.89469432 -58.60000000 182.93666807
69.37538764 -160.00473029 -55.34000000 182.96713837
72.15499458 -158.30138497 -55.34000000 182.56009237
74.93460152 -156.59803965 -55.34000000 182.21047205
77.71420845 -154.89469432 -55.34000000 181.91860852
88.83263619 -148.08131304 -61.86000000 183.42838419
86.05302926 -149.78465836 -61.86000000 183.48631373
83.27342232 -151.48800368 -61.86000000 183.60211798
80.49381539 -153.19134900 -61.86000000 183.77568752
88.83263619 -148.08131304 -65.12000000 184.55331730
86.05302926 -149.78465836 -65.12000000 184.61089384
83.27342232 -151.48800368 -65.12000000 184.72599310
80.49381539 -153.19134900 -65.12000000 184.89850763
0.00000000 0.00000000 0.00000000 0.00000000
0.00000000 0.00000000 0.00000000 0.00000000
77.71420845 -154.89469432 -61.86000000 184.00685891
74.93460152 -156.59803965 -61.86000000 184.29541537
72.15499458 -158.30138497 -61.86000000 184.64108786
69.37538764 -160.00473029 -61.86000000 185.04355629
77.71420845 -154.89469432 -65.12000000 185.12827695
74.93460152 -156.59803965 -65.12000000 185.41508818
72.15499458 -158.30138497 -65.12000000 185.75867712
69.37538764 -160.00473029 -65.12000000 186.15872938
80.49381539 -153.19134900 -71.64000000 187.29424264
83.27342232 -151.48800368 -71.64000000 187.12393680
86.05302926 -149.78465836 -71.64000000 187.01031342
88.83263619 -148.08131304 -71.64000000 186.95347583
80.49381539 -153.19134900 -68.38000000 186.07167470
83.27342232 -151.48800368 -68.38000000 185.90024886
86.05302926 -149.78465836 -68.38000000 185.78587709
88.83263619 -148.08131304 -68.38000000 185.72866479
0.00000000 0.00000000 0.00000000 0.00000000
0.00000000 0.00000000 0.00000000 0.00000000
69.37538764 -160.00473029 -71.64000000 188.53845158
72.15499458 -158.30138497 -71.64000000 188.14345943
74.93460152 -156.59803965 -71.64000000 187.80423351
77.71420845 -154.89469432 -71.64000000 187.52107648
69.37538764 -160.00473029 -68.38000000 187.32400413
72.15499458 -158.30138497 -68.38000000 186.92644576
74.93460152 -156.59803965 -68.38000000 186.58500724
77.71420845 -154.89469432 -68.38000000 186.29999711
88.83263619 -148.08131304 -74.90000000 188.22678482
86.05302926 -149.78465836 -74.90000000 188.28323804
83.27342232 -151.48800368 -74.90000000 188.39609371
80.49381539 -153.19134900 -74.90000000 188.56525058
88.83263619 -148.08131304 -78.16000000 189.54761440
86.05302926 -149.78465836 -78.16000000 189.60367434
83.27342232 -151.48800368 -78.16000000 189.71574454
80.49381539 -153.19134900 -78.16000000 189.88372580
0.00000000 0.00000000 0.00000000 0.00000000
0.00000000 0.00000000 0.00000000 0.00000000
77.71420845 -154.89469432 -74.90000000 188.79055730
74.93460152 -156.59803965 -74.90000000 189.07181314
72.15499458 -158.30138497 -74.90000000 189.40876887
69.37538764 -160.00473029 -74.90000000 189.80112783
77.71420845 -154.89469432 -78.16000000 190.10746993
74.93460152 -156.59803965 -78.16000000 190.38678033
72.15499458 -158.30138497 -78.16000000 190.72141286
69.37538764 -160.00473029 -78.16000000 191.11107693
99.95106394 -141.26793176 -74.90000000 188.56525058
97.17145700 -142.97127708 -74.90000000 188.39609371
94.39185007 -144.67462240 -74.90000000 188.28323804
91.61224313 -146.37796772 -74.90000000 188.22678482
99.95106394 -141.26793176 -78.16000000 189.88372580
97.17145700 -142.97127708 -78.16000000 189.71574454
94.39185007 -144.67462240 -78.16000000 189.60367434
91.61224313 -146.37796772 -78.16000000 189.54761440
0.00000000 0.00000000 0.00000000 0.00000000
0.00000000 0.00000000 0.00000000 0.00000000
111.06949168 -134.45455047 -74.90000000 189.80112783
108.28988474 -136.15789579 -74.90000000 189.40876887
105.51027781 -137.86124111 -74.90000000 189.07181314
102.73067087 -139.56458644 -74.90000000 188.79055730
111.06949168 -134.45455047 -78.16000000 191.11107693
108.28988474 -136.15789579 -78.16000000 190.72141286
105.51027781 -137.86124111 -78.16000000 190.38678033
102.73067087 -139.56458644 -78.16000000 190.10746993
91.61224313 -146.37796772 -71.64000000 186.95347583
94.39185007 -144.67462240 -71.64000000 187.01031342
97.17145700 -142.97127708 -71.64000000 187.12393680
99.95106394 -141.26793176 -71.64000000 187.29424264
91.61224313 -146.37796772 -68.38000000 185.72866479
94.39185007 -144.67462240 -68.38000000 185.78587709
97.17145700 -142.97127708 -68.38000000 185.90024886
99.95106394 -141.26793176 -68.38000000 186.07167470
0.00000000 0.00000000 0.00000000 0.00000000
0.00000000 0.00000000 0.00000000 0.00000000
102.73067087 -139.56458644 -71.64000000 187.52107648
105.51027781 -137.86124111 -71.64000000 187.80423351
108.28988474 -136.15789579 -71.64000000 188.14345943
111.06949168 -134.45455047 -71.64000000 188.53845158
102.73067087 -139.56458644 -68.38000000 186.29999711
105.51027781 -137.86124111 -68.38000000 186.58500724
108.28988474 -136.15789579 -68.38000000 186.92644576
111.06949168 -134.45455047 -68.38000000 187.32400413
99.95106394 -141.26793176 -61.86000000 183.77568752
97.17145700 -142.97127708 -61.86000000 183.60211798
94.39185007 -144.67462240 -61.86000000 183.48631373
91.61224313 -146.37796772 -61.86000000 183.42838419
99.95106394 -141.26793176 -65.12000000 184.89850763
97.17145700 -142.97127708 -65.12000000 184.72599310
94.39185007 -144.67462240 -65.12000000 184.61089384
91.61224313 -146.37796772 -65.12000000 184.55331730
0.00000000 0.00000000 0.00000000 0.00000000
0.00000000 0.00000000 0.00000000 0.00000000
111.06949168 -134.45455047 -61.86000000 185.04355629
108.28988474 -136.15789579 -61.86000000 184.64108786
105.51027781 -137.86124111 -61.86000000 184.29541537
102.73067087 -139.56458644 -61.86000000 184.00685891
111.06949168 -134.45455047 -65.12000000 186.15872938
108.28988474 -136.15789579 -65.12000000 185.75867712
105.51027781 -137.86124111 -65.12000000 185.41508818
102.73067087 -139.56458644 -65.12000000 185.12827695
91.61224313 -146.37796772 -58.60000000 182.35479847
94.39185007 -144.67462240 -58.60000000 182.41306895
97.17145700 -142.97127708 -58.60000000 182.52955411
99.95106394 -141.26793176 -58.60000000 182.70414260
91.61224313 -146.37796772 -55.34000000 181.33347216
94.39185007 -144.67462240 -55.34000000 181.39207073
97.17145700 -142.97127708 -55.34000000 181.50921113
99.95106394 -141.26793176 -55.34000000 181.68478011
0.00000000 0.00000000 0.00000000 0.00000000
0.00000000 0.00000000 0.00000000 0.00000000
102.73067087 -139.56458644 -58.60000000 182.93666807
105.51027781 -137.86124111 -58.60000000 183.22690994
108.28988474 -136.15789579 -58.60000000 183.57459444
111.06949168 -134.45455047 -58.60000000 183.97939593
102.73067087 -139.56458644 -55.34000000 181.91860852
105.51027781 -137.86124111 -55.34000000 182.21047205
108.28988474 -136.15789579 -55.34000000 182.56009237
111.06949168 -134.45455047 -55.34000000 182.96713837
80.49381539 -153.19134900 -31.90000000 175.96719503
83.27342232 -151.48800368 -31.90000000 175.78591560
86.05302926 -149.78465836 -31.90000000 175.66495873
88.83263619 -148.08131304 -31.90000000 175.60444905
80.49381539 -153.19134900 -28.64000000 175.40551110
83.27342232 -151.48800368 -28.64000000 175.22365059
86.05302926 -149.78465836 -28.64000000 175.10230531
88.83263619 -148.08131304 -28.64000000 175.04160113
0.00000000 0.00000000 0.00000000 0.00000000
0.00000000 0.00000000 0.00000000 0.00000000
69.37538764 -160.00473029 -31.90000000 177.29091383
72.15499458 -158.30138497 -31.90000000 176.87080518
74.93460152 -156.59803965 -31.90000000 176.50991622
77.71420845 -154.89469432 -31.90000000 176.20861081
69.37538764 -160.00473029 -28.64000000 176.73343692
72.15499458 -158.30138497 -28.64000000 176.31199995
74.93460152 -156.59803965 -28.64000000 175.94996483
77.71420845 -154.89469432 -28.64000000 175.64769889
88.83263619 -148.08131304 -35.16000000 176.22581572
86.05302926 -149.78465836 -35.16000000 176.28611212
83.27342232 -151.48800368 -35.16000000 176.40664309
80.49381539 -153.19134900 -35.16000000 176.58728529
88.83263619 -148.08131304 -38.42000000 176.90508451
86.05302926 -149.78465836 -38.42000000 176.96514946
83.27342232 -151.48800368 -38.42000000 177.08521826
80.49381539 -153.19134900 -38.42000000 177.26516896
0.00000000 0.00000000 0.00000000 0.00000000
0.00000000 0.00000000 0.00000000 0.00000000
77.71420845 -154.89469432 -35.16000000 176.82785449
74.93460152 -156.59803965 -35.16000000 177.12810654
72.15499458 -158.30138497 -35.16000000 177.48773852
69.37538764 -160.00473029 -35.16000000 177.90639034
77.71420845 -154.89469432 -38.42000000 177.50481944
74.93460152 -156.59803965 -38.42000000 177.80392832
72.15499458 -158.30138497 -38.42000000 178.16219612
69.37538764 -160.00473029 -38.42000000 178.57926678
80.49381539 -153.19134900 -44.94000000 178.79163103
83.27342232 -151.48800368 -44.94000000 178.61321823
86.05302926 -149.78465836 -44.94000000 178.49417729
88.83263619 -148.08131304 -44.94000000 178.43462703
80.49381539 -153.19134900 -41.68000000 178.00018574
83.27342232 -151.48800368 -41.68000000 177.82097887
86.05302926 -149.78465836 -41.68000000 177.70140721
88.83263619 -148.08131304 -41.68000000 177.64159120
0.00000000 0.00000000 0.00000000 0.00000000
0.00000000 0.00000000 0.00000000 0.00000000
69.37538764 -160.00473029 -44.94000000 180.09459105
72.15499458 -158.30138497 -44.94000000 179.68103774
74.93460152 -156.59803965 -44.94000000 179.32580440
77.71420845 -154.89469432 -44.94000000 179.02923818
69.37538764 -160.00473029 -41.68000000 179.30889695
72.15499458 -158.30138497 -41.68000000 178.89352734
74.93460152 -156.59803965 -41.68000000 178.53672710
77.71420845 -154.89469432 -41.68000000 178.23884797
88.83263619 -148.08131304 -48.20000000 179.28344186
86.05302926 -149.78465836 -48.20000000 179.34271026
83.27342232 -151.48800368 -48.20000000 179.46118835
80.49381539 -153.19134900 -48.20000000 179.63875897
88.83263619 -148.08131304 -51.46000000 180.18724740
86.05302926 -149.78465836 -51.46000000 180.24621861
83.27342232 -151.48800368 -51.46000000 180.36410321
80.49381539 -153.19134900 -51.46000000 180.54078577
0.00000000 0.00000000 0.00000000 0.00000000
0.00000000 0.00000000 0.00000000 0.00000000
77.71420845 -154.89469432 -48.20000000 179.87524712
74.93460152 -156.59803965 -48.20000000 180.17042078
72.15499458 -158.30138497 -48.20000000 180.52399210
69.37538764 -160.00473029 -48.20000000 180.93561873
77.71420845 -154.89469432 -51.46000000 180.77609390
74.93460152 -156.59803965 -51.46000000 181.06979904
72.15499458 -158.30138497 -51.46000000 181.42161758
69.37538764 -160.00473029 -51.46000000 181.83121219
99.95106394 -141.26793176 -48.20000000 179.63875897
97.17145700 -142.97127708 -48.20000000 179.46118835
94.39185007 -144.67462240 -48.20000000 179.34271026
91.61224313 -146.37796772 -48.20000000 179.28344186
99.95106394 -141.26793176 -51.46000000 180.54078577
97.17145700 -142.97127708 -51.46000000 180.36410321
94.39185007 -144.67462240 -51.46000000 180.24621861
91.61224313 -146.37796772 -51.46000000 180.18724740
0.00000000 0.00000000 0.00000000 0.00000000
0.00000000 0.00000000 0.00000000 0.00000000
111.06949168 -134.45455047 -48.20000000 180.93561873
108.28988474 -136.15789579 -48.20000000 180.52399210
105.51027781 -137.86124111 -48.20000000 180.17042078
102.73067087 -139.56458644 -48.20000000 179.87524712
111.06949168 -134.45455047 -51.46000000 181.83121219
108.28988474 -136.15789579 -51.46000000 181.42161758
105.51027781 -137.86124111 -51.46000000 181.06979904
102.73067087 -139.56458644 -51.46000000 180.77609390
91.61224313 -146.37796772 -44.94000000 178.43462703
94.39185007 -144.67462240 -44.94000000 178.49417729
97.17145700 -142.97127708 -44.94000000 178.61321823
99.95106394 -141.26793176 -44.94000000 178.79163103
91.61224313 -146.37796772 -41.68000000 177.64159120
94.39185007 -144.67462240 -41.68000000 177.70140721
97.17145700 -142.97127708 -41.68000000 177.82097887
99.95106394 -141.26793176 -41.68000000 178.00018574
0.00000000 0.00000000 0.00000000 0.00000000
0.00000000 0.00000000 0.00000000 0.00000000
102.73067087 -139.56458644 -44.94000000 179.02923818
105.51027781 -137.86124111 -44.94000000 179.32580440
108.28988474 -136.15789579 -44.94000000 179.68103774
111.06949168 -134.45455047 -44.94000000 180.09459105
102.73067087 -139.56458644 -41.68000000 178.23884797
105.51027781 -137.86124111 -41.68000000 178.53672710
108.28988474 -136.15789579 -41.68000000 178.89352734
111.06949168 -134.45455047 -41.68000000 179.30889695
99.95106394 -141.26793176 -35.16000000 176.58728529
97.17145700 -142.97127708 -35.16000000 176.40664309
94.39185007 -144.67462240 -35.16000000 176.28611212
91.61224313 -146.37796772 -35.16000000 176.22581572
99.95106394 -141.26793176 -38.42000000 177.26516896
97.17145700 -142.97127708 -38.42000000 177.08521826
94.39185007 -144.67462240 -38.42000000 176.96514946
91.61224313 -146.37796772 -38.42000000 176.90508451
0.00000000 0.00000000 0.00000000 0.00000000
0.00000000 0.00000000 0.00000000 0.00000000
111.06949168 -134.45455047 -35.16000000 177.90639034
108.28988474 -136.15789579 -35.16000000 177.48773852
105.51027781 -137.86124111 -35.16000000 177.12810654
102.73067087 -139.56458644 -35.16000000 176.82785449
111.06949168 -134.45455047 -38.42000000 178.57926678
108.28988474 -136.15789579 -38.42000000 178.16219612
105.51027781 -137.86124111 -38.42000000 177.80392832
102.73067087 -139.56458644 -38.42000000 177.50481944
91.61224313 -146.37796772 -31.90000000 175.60444905
94.39185007 -144.67462240 -31.90000000 175.66495873
97.17145700 -142.97127708 -31.90000000 175.78591560
99.95106394 -141.26793176 -31.90000000 175.96719503
91.61224313 -146.37796772 -28.64000000 175.04160113
94.39185007 -144.67462240 -28.64000000 175.10230531
97.17145700 -142.97127708 -28.64000000 175.22365059
99.95106394 -141.26793176 -28.64000000 175.40551110
0.00000000 0.00000000 0.00000000 0.00000000
0.00000000 0.00000000 0.00000000 0.00000000
102.73067087 -139.56458644 -31.90000000 176.20861081
105.51027781 -137.86124111 -31.90000000 176.50991622
108.28988474 -136.15789579 -31.90000000 176.87080518
111.06949168 -134.45455047 -31.90000000 177.29091383
102.73067087 -139.56458644 -28.64000000 175.64769889
105.51027781 -137.86124111 -28.64000000 175.94996483
108.28988474 -136.15789579 -28.64000000 176.31199995
111.06949168 -134.45455047 -28.64000000 176.73343692
80.49381539 -153.19134900 -5.20000000 173.12967315
83.27342232 -151.48800368 -5.20000000 172.94541950
86.05302926 -149.78465836 -5.20000000 172.82247459
88.83263619 -148.08131304 -5.20000000 172.76096933
80.49381539 -153.19134900 -1.94000000 173.06243765
83.27342232 -151.48800368 -1.94000000 172.87811234
86.05302926 -149.78465836 -1.94000000 172.75511953
88.83263619 -148.08131304 -1.94000000 172.69359028
0.00000000 0.00000000 0.00000000 0.00000000
0.00000000 0.00000000 0.00000000 0.00000000
69.37538764 -160.00473029 -5.20000000 174.47492119
72.15499458 -158.30138497 -5.20000000 174.04801557
74.93460152 -156.59803965 -5.20000000 173.68126129
77.71420845 -154.89469432 -5.20000000 173.37504009
69.37538764 -160.00473029 -1.94000000 174.40820429
72.15499458 -158.30138497 -1.94000000 173.98113497
74.93460152 -156.59803965 -1.94000000 173.61423941
77.71420845 -154.89469432 -1.94000000 173.30789978
88.83263619 -148.08131304 -8.46000000 172.88980342
86.05302926 -149.78465836 -8.46000000 172.95126286
83.27342232 -151.48800368 -8.46000000 173.07411628
80.49381539 -153.19134900 -8.46000000 173.25823307
88.83263619 -148.08131304 -11.72000000 173.07995530
86.05302926 -149.78465836 -11.72000000 173.14134724
83.27342232 -151.48800368 -11.72000000 173.26406588
80.49381539 -153.19134900 -11.72000000 173.44798103
0.00000000 0.00000000 0.00000000 0.00000000
0.00000000 0.00000000 0.00000000 0.00000000
77.71420845 -154.89469432 -8.46000000 173.50341819
74.93460152 -156.59803965 -8.46000000 173.80941322
72.15499458 -158.30138497 -8.46000000 174.17589766
69.37538764 -160.00473029 -8.46000000 174.60249060
77.71420845 -154.89469432 -11.72000000 173.69289831
74.93460152 -156.59803965 -11.72000000 173.99856012
72.15499458 -158.30138497 -11.72000000 174.36464700
69.37538764 -160.00473029 -11.72000000 174.79077929
80.49381539 -153.19134900 -18.24000000 174.01017592
83.27342232 -151.48800368 -18.24000000 173.82685559
86.05302926 -149.78465836 -18.24000000 173.70453456
88.83263619 -148.08131304 -18.24000000 173.64334172
80.49381539 -153.19134900 -14.98000000 173.69871653
83.27342232 -151.48800368 -14.98000000 173.51506714
86.05302926 -149.78465836 -14.98000000 173.39252615
88.83263619 -148.08131304 -14.98000000 173.33122317
0.00000000 0.00000000 0.00000000 0.00000000
0.00000000 0.00000000 0.00000000 0.00000000
69.37538764 -160.00473029 -18.24000000 175.34866901
72.15499458 -158.30138497 -18.24000000 174.92389581
74.93460152 -156.59803965 -18.24000000 174.55898179
77.71420845 -154.89469432 -18.24000000 174.25430303
69.37538764 -160.00473029 -14.98000000 175.03959131
72.15499458 -158.30138497 -14.98000000 174.61406623
74.93460152 -156.59803965 -14.98000000 174.24850337
77.71420845 -154.89469432 -14.98000000 173.94328077
88.83263619 -148.08131304 -21.50000000 174.01598353
86.05302926 -149.78465836 -21.50000000 174.07704537
83.27342232 -151.48800368 -21.50000000 174.19910483
80.49381539 -153.19134900 -21.50000000 174.38203384
88.83263619 -148.08131304 -24.76000000 174.44876074
86.05302926 -149.78465836 -24.76000000 174.50967115
83.27342232 -151.48800368 -24.76000000 174.63142823
80.49381539 -153.19134900 -24.76000000 174.81390484
0.00000000 0.00000000 0.00000000 0.00000000
0.00000000 0.00000000 0.00000000 0.00000000
77.71420845 -154.89469432 -21.50000000 174.62564109
74.93460152 -156.59803965 -21.50000000 174.92967308
72.15499458 -158.30138497 -21.50000000 175.29381542
69.37538764 -160.00473029 -21.50000000 175.71769440
77.71420845 -154.89469432 -24.76000000 175.05691110
74.93460152 -156.59803965 -24.76000000 175.36019538
72.15499458 -158.30138497 -24.76000000 175.72344558
69.37538764 -160.00473029 -24.76000000 176.14629069
99.95106394 -141.26793176 -21.50000000 174.38203384
97.17145700 -142.97127708 -21.50000000 174.19910483
94.39185007 -144.67462240 -21.50000000 174.07704537
91.61224313 -146.37796772 -21.50000000 174.01598353
99.95106394 -141.26793176 -24.76000000 174.81390484
97.17145700 -142.97127708 -24.76000000 174.63142823
94.39185007 -144.67462240 -24.76000000 174.50967115
91.61224313 -146.37796772 -24.76000000 174.44876074
0.00000000 0.00000000 0.00000000 0.00000000
0.00000000 0.00000000 0.00000000 0.00000000
111.06949168 -134.45455047 -21.50000000 175.71769440
108.28988474 -136.15789579 -21.50000000 175.29381542
105.51027781 -137.86124111 -21.50000000 174.92967308
102.73067087 -139.56458644 -21.50000000 174.62564109
111.06949168 -134.45455047 -24.76000000 176.14629069
108.28988474 -136.15789579 -24.76000000 175.72344558
105.51027781 -137.86124111 -24.76000000 175.36019538
102.73067087 -139.56458644 -24.76000000 175.05691110
91.61224313 -146.37796772 -18.24000000 173.64334172
94.39185007 -144.67462240 -18.24000000 173.70453456
97.17145700 -142.97127708 -18.24000000 173.82685559
99.95106394 -141.26793176 -18.24000000 174.01017592
91.61224313 -146.37796772 -14.98000000 173.33122317
94.39185007 -144.67462240 -14.98000000 173.39252615
97.17145700 -142.97127708 -14.98000000 173.51506714
99.95106394 -141.26793176 -14.98000000 173.69871653
0.00000000 0.00000000 0.00000000 0.00000000
0.00000000 0.00000000 0.00000000 0.00000000
102.73067087 -139.56458644 -18.24000000 174.25430303
105.51027781 -137.86124111 -18.24000000 174.55898179
108.28988474 -136.15789579 -18.24000000 174.92389581
111.06949168 -134.45455047 -18.24000000 175.34866901
102.73067087 -139.56458644 -14.98000000 173.94328077
105.51027781 -137.86124111 -14.98000000 174.24850337
108.28988474 -136.15789579 -14.98000000 174.61406623
111.06949168 -134.45455047 -14.98000000 175.03959131
99.95106394 -141.26793176 -8.46000000 173.25823307
97.17145700 -142.97127708 -8.46000000 173.07411628
94.39185007 -144.67462240 -8.46000000 172.95126286
91.61224313 -146.37796772 -8.46000000 172.88980342
99.95106394 -141.26793176 -11.72000000 173.44798103
97.17145700 -142.97127708 -11.72000000 173.26406588
94.39185007 -144.67462240 -11.72000000 173.14134724
91.61224313 -146.37796772 -11.72000000 173.07995530
0.00000000 0.00000000 0.00000000 0.00000000
0.00000000 0.00000000 0.00000000 0.00000000
111.06949168 -134.45455047 -8.46000000 174.60249060
108.28988474 -136.15789579 -8.46000000 174.17589766
105.51027781 -137.86124111 -8.46000000 173.80941322
102.73067087 -139.56458644 -8.46000000 173.50341819
111.06949168 -134.45455047 -11.72000000 174.79077929
108.28988474 -136.15789579 -11.72000000 174.36464700
105.51027781 -137.86124111 -11.72000000 173.99856012
102.73067087 -139.56458644 -11.72000000 173.69289831
91.61224313 -146.37796772 -5.20000000 172.76096933
94.39185007 -144.67462240 -5.20000000 172.82247459
97.17145700 -142.97127708 -5.20000000 172.94541950
99.95106394 -141.26793176 -5.20000000 173.12967315
91.61224313 -146.37796772 -1.94000000 172.69359028
94.39185007 -144.67462240 -1.94000000 172.75511953
97.17145700 -142.97127708 -1.94000000 172.87811234
99.95106394 -141.26793176 -1.94000000 173.06243765
0.00000000 0.00000000 0.00000000 0.00000000
0.00000000 0.00000000 0.00000000 0.00000000
102.73067087 -139.56458644 -5.20000000 173.37504009
105.51027781 -137.86124111 -5.20000000 173.68126129
108.28988474 -136.15789579 -5.20000000 174.04801557
111.06949168 -134.45455047 -5.20000000 174.47492119
102.73067087 -139.56458644 -1.94000000 173.30789978
105.51027781 -137.86124111 -1.94000000 173.61423941
108.28988474 -136.15789579 -1.94000000 173.98113497
111.06949168 -134.45455047 -1.94000000 174.40820429
80.49381539 -153.19134900 21.50000000 174.38203384
83.27342232 -151.48800368 21.50000000 174.19910483
86.05302926 -149.78465836 21.50000000 174.07704537
88.83263619 -148.08131304 21.50000000 174.01598353
80.49381539 -153.19134900 24.76000000 174.81390484
83.27342232 -151.48800368 24.76000000 174.63142823
86.05302926 -149.78465836 24.76000000 174.50967115
88.83263619 -148.08131304 24.76000000 174.44876074
0.00000000 0.00000000 0.00000000 0.00000000
0.00000000 0.00000000 0.00000000 0.00000000
69.37538764 -160.00473029 21.50000000 175.71769440
72.15499458 -158.30138497 21.50000000 175.29381542
74.93460152 -156.59803965 21.50000000 174.92967308
77.71420845 -154.89469432 21.50000000 174.62564109
69.37538764 -160.00473029 24.76000000 176.14629069
72.15499458 -158.30138497 24.76000000 175.72344558
74.93460152 -156.59803965 24.76000000 175.36019538
77.71420845 -154.89469432 24.76000000 175.05691110
88.83263619 -148.08131304 18.24000000 173.64334172
86.05302926 -149.78465836 18.24000000 173.70453456
83.27342232 -151.48800368 18.24000000 173.82685559
80.49381539 -153.19134900 18.24000000 174.01017592
88.83263619 -148.08131304 14.98000000 173.33122317
86.05302926 -149.78465836 14.98000000 173.39252615
83.27342232 -151.48800368 14.98000000 173.51506714
80.49381539 -153.19134900 14.98000000 173.69871653
0.00000000 0.00000000 0.00000000 0.00000000
0.00000000 0.00000000 0.00000000 0.00000000
77.71420845 -154.89469432 18.24000000 174.25430303
74.93460152 -156.59803965 18.24000000 174.55898179
72.15499458 -158.30138497 18.24000000 174.92389581
69.37538764 -160.00473029 18.24000000 175.34866901
77.71420845 -154.89469432 14.98000000 173.94328077
74.93460152 -156.59803965 14.98000000 174.24850337
72.15499458 -158.30138497 14.98000000 174.61406623
69.37538764 -160.00473029 14.98000000 175.03959131
80.49381539 -153.19134900 8.46000000 173.25823307
83.27342232 -151.48800368 8.46000000 173.07411628
86.05302926 -149.78465836 8.46000000 172.95126286
88.83263619 -148.08131304 8.46000000 172.88980342
80.49381539 -153.19134900 11.72000000 173.44798103
83.27342232 -151.48800368 11.72000000 173.26406588
86.05302926 -149.78465836 11.72000000 173.14134724
88.83263619 -148.08131304 11.72000000 173.07995530
0.00000000 0.00000000 0.00000000 0.00000000
0.00000000 0.00000000 0.00000000 0.00000000
69.37538764 -160.00473029 8.46000000 174.60249060
72.15499458 -158.30138497 8.46000000 174.17589766
74.93460152 -156.59803965 8.46000000 173.80941322
77.71420845 -154.89469432 8.46000000 173.50341819
69.37538764 -160.00473029 11.72000000 174.79077929
72.15499458 -158.30138497 11.72000000 174.36464700
74.93460152 -156.59803965 11.72000000 173.99856012
77.71420845 -154.89469432 11.72000000 173.69289831
88.83263619 -148.08131304 5.20000000 172.76096933
86.05302926 -149.78465836 5.20000000 172.82247459
83.27342232 -151.48800368 5.20000000 172.94541950
80.49381539 -153.19134900 5.20000000 173.12967315
88.83263619 -148.08131304 1.94000000 172.69359028
86.05302926 -149.78465836 1.94000000 172.75511953
83.27342232 -151.48800368 1.94000000 172.87811234
80.49381539 -153.19134900 1.94000000 173.06243765
0.00000000 0.00000000 0.00000000 0.00000000
0.00000000 0.00000000 0.00000000 0.00000000
77.71420845 -154.89469432 5.20000000 173.37504009
74.93460152 -156.59803965 5.20000000 173.68126129
72.15499458 -158.30138497 5.20000000 174.04801557
69.37538764 -160.00473029 5.20000000 174.47492119
77.71420845 -154.89469432 1.94000000 173.30789978
74.93460152 -156.59803965 1.94000000 173.61423941
72.15499458 -158.30138497 1.94000000 173.98113497
69.37538764 -160.00473029 1.94000000 174.40820429
99.95106394 -141.26793176 5.20000000 173.12967315
97.17145700 -142.97127708 5.20000000 172.94541950
94.39185007 -144.67462240 5.20000000 172.82247459
91.61224313 -146.37796772 5.20000000 172.76096933
99.95106394 -141.26793176 1.94000000 173.06243765
97.17145700 -142.97127708 1.94000000 172.87811234
94.39185007 -144.67462240 1.94000000 172.75511953
91.61224313 -146.37796772 1.94000000 172.69359028
0.00000000 0.00000000 0.00000000 0.00000000
0.00000000 0.00000000 0.00000000 0.00000000
111.06949168 -134.45455047 5.20000000 174.47492119
108.28988474 -136.15789579 5.20000000 174.04801557
105.51027781 -137.86124111 5.20000000 173.68126129
102.73067087 -139.56458644 5.20000000 173.37504009
111.06949168 -134.45455047 1.94000000 174.40820429
108.28988474 -136.15789579 1.94000000 173.98113497
105.51027781 -137.86124111 1.94000000 173.61423941
102.73067087 -139.56458644 1.94000000 173.30789978
91.61224313 -146.37796772 8.46000000 172.88980342
94.39185007 -144.67462240 8.46000000 172.95126286
97.17145700 -142.97127708 8.46000000 173.07411628
99.95106394 -141.26793176 8.46000000 173.25823307
91.61224313 -146.37796772 11.72000000 173.07995530
94.39185007 -144.67462240 11.72000000 173.14134724
97.17145700 -142.97127708 11.72000000 173.26406588
99.95106394 -141.26793176 11.72000000 173.44798103
0.00000000 0.00000000 0.00000000 0.00000000
0.00000000 0.00000000 0.00000000 0.00000000
102.73067087 -139.56458644 8.46000000 173.50341819
105.51027781 -137.86124111 8.46000000 173.80941322
108.28988474 -136.15789579 8.46000000 174.17589766
111.06949168 -134.45455047 8.46000000 174.60249060
102.73067087 -139.56458644 11.72000000 173.69289831
105.51027781 -137.86124111 11.72000000 173.99856012
108.28988474 -136.15789579 11.72000000 174.36464700
111.06949168 -134.45455047 11.72000000 174.79077929
99.95106394 -141.26793176 18.24000000 174.01017592
97.17145700 -142.97127708 18.24000000 173.82685559
94.39185007 -144.67462240 18.24000000 173.70453456
91.61224313 -146.37796772 18.24000000 173.64334172
99.95106394 -141.26793176 14.98000000 173.69871653
97.17145700 -142.97127708 14.98000000 173.51506714
94.39185007 -144.67462240 14.98000000 173.39252615
91.61224313 -146.37796772 14.98000000 173.33122317
0.00000000 0.00000000 0.00000000 0.00000000
0.00000000 0.00000000 0.00000000 0.00000000
111.06949168 -134.45455047 18.24000000 175.34866901
108.28988474 -136.15789579 18.24000000 174.92389581
105.51027781 -137.86124111 18.24000000 174.55898179
102.73067087 -139.56458644 18.24000000 174.25430303
111.06949168 -134.45455047 14.98000000 175.03959131
108.28988474 -136.15789579 14.98000000 174.61406623
105.51027781 -137.86124111 14.98000000 174.24850337
102.73067087 -139.56458644 14.98000000 173.94328077
91.61224313 -146.37796772 21.50000000 174.01598353
94.39185007 -144.67462240 21.50000000 174.07704537
97.17145700 -142.97127708 21.50000000 174.19910483
99.95106394 -141.26793176 21.50000000 174.38203384
91.61224313 -146.37796772 24.76000000 174.44876074
94.39185007 -144.67462240 24.76000000 174.50967115
97.17145700 -142.97127708 24.76000000 174.63142823
99.95106394 -141.26793176 24.76000000 174.81390484
0.00000000 0.00000000 0.00000000 0.00000000
0.00000000 0.00000000 0.00000000 0.00000000
102.73067087 -139.56458644 21.50000000 174.62564109
105.51027781 -137.86124111 21.50000000 174.92967308
108.28988474 -136.15789579 21.50000000 175.29381542
111.06949168 -134.45455047 21.50000000 175.71769440
102.73067087 -139.56458644 24.76000000 175.05691110
105.51027781 -137.86124111 24.76000000 175.36019538
108.28988474 -136.15789579 24.76000000 175.72344558
111.06949168 -134.45455047 24.76000000 176.14629069
80.49381539 -153.19134900 48.20000000 179.63875897
83.27342232 -151.48800368 48.20000000 179.46118835
86.05302926 -149.78465836 48.20000000 179.34271026
88.83263619 -148.08131304 48.20000000 179.28344186
80.49381539 -153.19134900 51.46000000 180.54078577
83.27342232 -151.48800368 51.46000000 180.36410321
86.05302926 -149.78465836 51.46000000 180.24621861
88.83263619 -148.08131304 51.46000000 180.18724740
0.00000000 0.00000000 0.00000000 0.00000000
0.00000000 0.00000000 0.00000000 0.00000000
69.37538764 -160.00473029 48.20000000 180.93561873
72.15499458 -158.30138497 48.20000000 180.52399210
74.93460152 -156.59803965 48.20000000 180.17042078
77.71420845 -154.89469432 48.20000000 179.87524712
69.37538764 -160.00473029 51.46000000 181.83121219
72.15499458 -158.30138497 51.46000000 181.42161758
74.93460152 -156.59803965 51.46000000 181.06979904
77.71420845 -154.89469432 51.46000000 180.77609390
88.83263619 -148.08131304 44.94000000 178.43462703
86.05302926 -149.78465836 44.94000000 178.49417729
83.27342232 -151.48800368 44.94000000 178.61321823
80.49381539 -153.19134900 44.94000000 178.79163103
88.83263619 -148.08131304 41.68000000 177.64159120
86.05302926 -149.78465836 41.68000000 177.70140721
83.27342232 -151.48800368 41.68000000 177.82097887
80.49381539 -153.19134900 41.68000000 178.00018574
0.00000000 0.00000000 0.00000000 0.00000000
0.00000000 0.00000000 0.00000000 0.00000000
77.71420845 -154.89469432 44.94000000 179.02923818
74.93460152 -156.59803965 44.94000000 179.32580440
72.15499458 -158.30138497 44.94000000 179.68103774
69.37538764 -160.00473029 44.94000000 180.09459105
77.71420845 -154.89469432 41.68000000 178.23884797
74.93460152 -156.59803965 41.68000000 178.53672710
72.15499458 -158.30138497 41.68000000 178.89352734
69.37538764 -160.00473029 41.68000000 179.30889695
80.49381539 -153.19134900 35.16000000 176.58728529
83.27342232 -151.48800368 35.16000000 176.40664309
86.05302926 -149.78465836 35.16000000 176.28611212
88.83263619 -148.08131304 35.16000000 176.22581572
80.49381539 -153.19134900 38.42000000 177.26516896
83.27342232 -151.48800368 38.42000000 177.08521826
86.05302926 -149.78465836 38.42000000 176.96514946
88.83263619 -148.08131304 38.42000000 176.90508451
0.00000000 0.00000000 0.00000000 0.00000000
0.00000000 0.00000000 0.00000000 0.00000000
69.37538764 -160.00473029 35.16000000 177.90639034
72.15499458 -158.30138497 35.16000000 177.48773852
74.93460152 -156.59803965 35.16000000 177.12810654
77.71420845 -154.89469432 35.16000000 176.82785449
69.37538764 -160.00473029 38.42000000 178.57926678
72.15499458 -158.30138497 38.42000000 178.16219612
74.93460152 -156.59803965 38.42000000 177.80392832
77.71420845 -154.89469432 38.42000000 177.50481944
88.83263619 -148.08131304 31.90000000 175.60444905
86.05302926 -149.78465836 31.90000000 175.66495873
83.27342232 -151.48800368 31.90000000 175.78591560
80.49381539 -153.19134900 31.90000000 175.96719503
88.83263619 -148.08131304 28.64000000 175.04160113
86.05302926 -149.78465836 28.64000000 175.10230531
83.27342232 -151.48800368 28.64000000 175.22365059
80.49381539 -153.19134900 28.64000000 175.40551110
0.00000000 0.00000000 0.00000000 0.00000000
0.00000000 0.00000000 0.00000000 0.00000000
77.71420845 -154.89469432 31.90000000 176.20861081
74.93460152 -156.59803965 31.90000000 176.50991622
72.15499458 -158.30138497 31.90000000 176.87080518
69.37538764 -160.00473029 31.90000000 177.29091383
77.71420845 -154.89469432 28.64000000 175.64769889
74.93460152 -156.59803965 28.64000000 175.94996483
72.15499458 -158.30138497 28.64000000 176.31199995
69.37538764 -160.00473029 28.64000000 176.73343692
99.95106394 -141.26793176 31.90000000 175.96719503
97.17145700 -142.97127708 31.90000000 175.78591560
94.39185007 -144.67462240 31.90000000 175.66495873
91.61224313 -146.37796772 31.90000000 175.60444905
99.95106394 -141.26793176 28.64000000 175.40551110
97.17145700 -142.97127708 28.64000000 175.22365059
94.39185007 -144.67462240 28.64000000 175.10230531
91.61224313 -146.37796772 28.64000000 175.04160113
0.00000000 0.00000000 0.00000000 0.00000000
0.00000000 0.00000000 0.00000000 0.00000000
111.06949168 -134.45455047 31.90000000 177.29091383
108.28988474 -136.15789579 31.90000000 176.87080518
105.51027781 -137.86124111 31.90000000 176.50991622
102.73067087 -139.56458644 31.90000000 176.20861081
111.06949168 -134.45455047 28.64000000 176.73343692
108.28988474 -136.15789579 28.64000000 176.31199995
105.51027781 -137.86124111 28.64000000 175.94996483
102.73067087 -139.56458644 28.64000000 175.64769889
91.61224313 -146.37796772 35.16000000 176.22581572
94.39185007 -144.67462240 35.16000000 176.28611212
97.17145700 -142.97127708 35.16000000 176.40664309
99.95106394 -141.26793176 35.16000000 176.58728529
91.61224313 -146.37796772 38.42000000 176.90508451
94.39185007 -144.67462240 38.42000000 176.96514946
97.17145700 -142.97127708 38.42000000 177.08521826
99.95106394 -141.26793176 38.42000000 177.26516896
0.00000000 0.00000000 0.00000000 0.00000000
0.00000000 0.00000000 0.00000000 0.00000000
102.73067087 -139.56458644 35.16000000 176.82785449
105.51027781 -137.86124111 35.16000000 177.12810654
108.28988474 -136.15789579 35.16000000 177.48773852
111.06949168 -134.45455047 35.16000000 177.90639034
102.73067087 -139.56458644 38.42000000 177.50481944
105.51027781 -137.86124111 38.42000000 177.80392832
108.28988474 -136.15789579 38.42000000 178.16219612
111.06949168 -134.45455047 38.42000000 178.57926678
99.95106394 -141.26793176 44.94000000 178.79163103
97.17145700 -142.97127708 44.94000000 178.61321823
94.39185007 -144.67462240 44.94000000 178.49417729
91.61224313 -146.37796772 44.94000000 178.43462703
99.95106394 -141.26793176 41.68000000 178.00018574
97.17145700 -142.97127708 41.68000000 177.82097887
94.39185007 -144.67462240 41.68000000 177.70140721
91.61224313 -146.37796772 41.68000000 177.64159120
0.00000000 0.00000000 0.00000000 0.00000000
0.00000000 0.00000000 0.00000000 0.00000000
111.06949168 -134.45455047 44.94000000 180.09459105
108.28988474 -136.15789579 44.94000000 179.68103774
105.51027781 -137.86124111 44.94000000 179.32580440
102.73067087 -139.56458644 44.94000000 179.02923818
111.06949168 -134.45455047 41.68000000 179.30889695
108.28988474 -136.15789579 41.68000000 178.89352734
105.51027781 -137.86124111 41.68000000 178.53672710
102.73067087 -139.56458644 41.68000000 178.23884797
91.61224313 -146.37796772 48.20000000 179.28344186
94.39185007 -144.67462240 48.20000000 179.34271026
97.17145700 -142.97127708 48.20000000 179.46118835
99.95106394 -141.26793176 48.20000000 179.63875897
91.61224313 -146.37796772 51.46000000 180.18724740
94.39185007 -144.67462240 51.46000000 180.24621861
97.17145700 -142.97127708 51.46000000 180.36410321
99.95106394 -141.26793176 51.46000000 180.54078577
0.00000000 0.00000000 0.00000000 0.00000000
0.00000000 0.00000000 0.00000000 0.00000000
102.73067087 -139.56458644 48.20000000 179.87524712
105.51027781 -137.86124111 48.20000000 180.17042078
108.28988474 -136.15789579 48.20000000 180.52399210
111.06949168 -134.45455047 48.20000000 180.93561873
102.73067087 -139.56458644 51.46000000 180.77609390
105.51027781 -137.86124111 51.46000000 181.06979904
108.28988474 -136.15789579 51.46000000 181.42161758
111.06949168 -134.45455047 51.46000000 181.83121219
80.49381539 -153.19134900 74.90000000 188.56525058
83.27342232 -151.48800368 74.90000000 188.39609371
86.05302926 -149.78465836 74.90000000 188.28323804
88.83263619 -148.08131304 74.90000000 188.22678482
80.49381539 -153.19134900 78.16000000 189.88372580
83.27342232 -151.48800368 78.16000000 189.71574454
86.05302926 -149.78465836 78.16000000 189.60367434
88.83263619 -148.08131304 78.16000000 189.54761440
0.00000000 0.00000000 0.00000000 0.00000000
0.00000000 0.00000000 0.00000000 0.00000000
69.37538764 -160.00473029 74.90000000 189.80112783
72.15499458 -158.30138497 74.90000000 189.40876887
74.93460152 -156.59803965 74.90000000 189.07181314
77.71420845 -154.89469432 74.90000000 188.79055730
69.37538764 -160.00473029 78.16000000 191.11107693
72.15499458 -158.30138497 78.16000000 190.72141286
74.93460152 -156.59803965 78.16000000 190.38678033
77.71420845 -154.89469432 78.16000000 190.10746993
88.83263619 -148.08131304 71.64000000 186.95347583
86.05302926 -149.78465836 71.64000000 187.01031342
83.27342232 -151.48800368 71.64000000 187.12393680
80.49381539 -153.19134900 71.64000000 187.29424264
88.83263619 -148.08131304 68.38000000 185.72866479
86.05302926 -149.78465836 68.38000000 185.78587709
83.27342232 -151.48800368 68.38000000 185.90024886
80.49381539 -153.19134900 68.38000000 186.07167470
0.00000000 0.00000000 0.00000000 0.00000000
0.00000000 0.00000000 0.00000000 0.00000000
77.71420845 -154.89469432 71.64000000 187.52107648
74.93460152 -156.59803965 71.64000000 187.80423351
72.15499458 -158.30138497 71.64000000 188.14345943
69.37538764 -160.00473029 71.64000000 188.53845158
77.71420845 -154.89469432 68.38000000 186.29999711
74.93460152 -156.59803965 68.38000000 186.58500724
72.15499458 -158.30138497 68.38000000 186.92644576
69.37538764 -160.00473029 68.38000000 187.32400413
80.49381539 -153.19134900 61.86000000 183.77568752
83.27342232 -151.48800368 61.86000000 183.60211798
86.05302926 -149.78465836 61.86000000 183.48631373
88.83263619 -148.08131304 61.86000000 183.42838419
80.49381539 -153.19134900 65.12000000 184.89850763
83.27342232 -151.48800368 65.12000000 184.72599310
86.05302926 -149.78465836 65.12000000 184.61089384
88.83263619 -148.08131304 65.12000000 184.55331730
0.00000000 0.00000000 0.00000000 0.00000000
0.00000000 0.00000000 0.00000000 0.00000000
69.37538764 -160.00473029 61.86000000 185.04355629
72.15499458 -158.30138497 61.86000000 184.64108786
74.93460152 -156.59803965 61.86000000 184.29541537
77.71420845 -154.89469432 61.86000000 184.00685891
69.37538764 -160.00473029 65.12000000 186.15872938
72.15499458 -158.30138497 65.12000000 185.75867712
74.93460152 -156.59803965 65.12000000 185.41508818
77.71420845 -154.89469432 65.12000000 185.12827695
88.83263619 -148.08131304 58.60000000 182.35479847
86.05302926 -149.78465836 58.60000000 182.41306895
83.27342232 -151.48800368 58.60000000 182.52955411
80.49381539 -153.19134900 58.60000000 182.70414260
88.83263619 -148.08131304 55.34000000 181.33347216
86.05302926 -149.78465836 55.34000000 181.39207073
83.27342232 -151.48800368 55.34000000 181.50921113
80.49381539 -153.19134900 55.34000000 181.68478011
0.00000000 0.00000000 0.00000000 0.00000000
0.00000000 0.00000000 0.00000000 0.00000000
77.71420845 -154.89469432 58.60000000 182.93666807
74.93460152 -156.59803965 58.60000000 183.22690994
72.15499458 -158.30138497 58.60000000 183.57459444
69.37538764 -160.00473029 58.60000000 183.97939593
77.71420845 -154.89469432 55.34000000 181.91860852
74.93460152 -156.59803965 55.34000000 182.21047205
72.15499458 -158.30138497 55.34000000 182.56009237
69.37538764 -160.00473029 55.34000000 182.96713837
99.95106394 -141.26793176 58.60000000 182.70414260
97.17145700 -142.97127708 58.60000000 182.52955411
94.39185007 -144.67462240 58.60000000 182.41306895
91.61224313 -146.37796772 58.60000000 182.35479847
99.95106394 -141.26793176 55.34000000 181.68478011
97.17145700 -142.97127708 55.34000000 181.50921113
94.39185007 -144.67462240 55.34000000 181.39207073
91.61224313 -146.37796772 55.34000000 181.33347216
0.00000000 0.00000000 0.00000000 0.00000000
0.00000000 0.00000000 0.00000000 0.00000000
111.06949168 -134.45455047 58.60000000 183.97939593
108.28988474 -136.15789579 58.60000000 183.57459444
105.51027781 -137.86124111 58.60000000 183.22690994
102.73067087 -139.56458644 58.60000000 182.93666807
111.06949168 -134.45455047 55.34000000 182.96713837
108.28988474 -136.15789579 55.34000000 182.56009237
105.51027781 -137.86124111 55.34000000 182.21047205
102.73067087 -139.56458644 55.34000000 181.91860852
91.61224313 -146.37796772 61.86000000 183.42838419
94.39185007 -144.67462240 61.86000000 183.48631373
97.17145700 -142.97127708 61.86000000 183.60211798
99.95106394 -141.26793176 61.86000000 183.77568752
91.61224313 -146.37796772 65.12000000 184.55331730
94.39185007 -144.67462240 65.12000000 184.61089384
97.17145700 -142.97127708 65.12000000 184.72599310
99.95106394 -141.26793176 65.12000000 184.89850763
0.00000000 0.00000000 0.00000000 0.00000000
0.00000000 0.00000000 0.00000000 0.00000000
102.73067087 -139.56458644 61.86000000 184.00685891
105.51027781 -137.86124111 61.86000000 184.29541537
108.28988474 -136.15789579 61.86000000 184.64108786
111.06949168 -134.45455047 61.86000000 185.04355629
102.73067087 -139.56458644 65.12000000 185.12827695
105.51027781 -137.86124111 65.12000000 185.41508818
108.28988474 -136.15789579 65.12000000 185.75867712
111.06949168 -134.45455047 65.12000000 186.15872938
99.95106394 -141.26793176 71.64000000 187.29424264
97.17145700 -142.97127708 71.64000000 187.12393680
94.39185007 -144.67462240 71.64000000 187.01031342
91.61224313 -146.37796772 71.64000000 186.95347583
99.95106394 -141.26793176 68.38000000 186.07167470
97.17145700 -142.97127708 68.38000000 185.90024886
94.39185007 -144.67462240 68.38000000 185.78587709
91.61224313 -146.37796772 68.38000000 185.72866479
0.00000000 0.00000000 0.00000000 0.00000000
0.00000000 0.00000000 0.00000000 0.00000000
111.06949168 -134.45455047 71.64000000 188.53845158
108.28988474 -136.15789579 71.64000000 188.14345943
105.51027781 -137.86124111 71.64000000 187.80423351
102.73067087 -139.56458644 71.64000000 187.52107648
111.06949168 -134.45455047 68.38000000 187.32400413
108.28988474 -136.15789579 68.38000000 186.92644576
105.51027781 -137.86124111 68.38000000 186.58500724
102.73067087 -139.56458644 68.38000000 186.29999711
91.61224313 -146.37796772 74.90000000 188.22678482
94.39185007 -144.67462240 74.90000000 188.28323804
97.17145700 -142.97127708 74.90000000 188.39609371
99.95106394 -141.26793176 74.90000000 188.56525058
91.61224313 -146.37796772 78.16000000 189.54761440
94.39185007 -144.67462240 78.16000000 189.60367434
97.17145700 -142.97127708 78.16000000 189.71574454
99.95106394 -141.26793176 78.16000000 189.88372580
0.00000000 0.00000000 0.00000000 0.00000000
0.00000000 0.00000000 0.00000000 0.00000000
102.73067087 -139.56458644 74.90000000 188.79055730
105.51027781 -137.86124111 74.90000000 189.07181314
108.28988474 -136.15789579 74.90000000 189.40876887
111.06949168 -134.45455047 74.90000000 189.80112783
102.73067087 -139.56458644 78.16000000 190.10746993
105.51027781 -137.86124111 78.16000000 190.38678033
108.28988474 -136.15789579 78.16000000 190.72141286
111.06949168 -134.45455047 78.16000000 191.11107693
15.74279728 -172.33400146 -58.60000000 182.70414260
18.96266127 -171.82402510 -58.60000000 182.52955411
22.18252527 -171.31404875 -58.60000000 182.41306895
25.40238926 -170.80407239 -58.60000000 182.35479847
15.74279728 -172.33400146 -55.34000000 181.68478011
18.96266127 -171.82402510 -55.34000000 181.50921113
22.18252527 -171.31404875 -55.34000000 181.39207073
25.40238926 -170.80407239 -55.34000000 181.33347216
0.00000000 0.00000000 0.00000000 0.00000000
0.00000000 0.00000000 0.00000000 0.00000000
2.86334132 -174.37390688 -58.60000000 183.97939593
6.08320531 -173.86393053 -58.60000000 183.57459444
9.30306930 -173.35395417 -58.60000000 183.22690994
12.52293329 -172.84397781 -58.60000000 182.93666807
2.86334132 -174.37390688 -55.34000000 182.96713837
6.08320531 -173.86393053 -55.34000000 182.56009237
9.30306930 -173.35395417 -55.34000000 182.21047205
12.52293329 -172.84397781 -55.34000000 181.91860852
25.40238926 -170.80407239 -61.86000000 183.42838419
22.18252527 -171.31404875 -61.86000000 183.48631373
18.96266127 -171.82402510 -61.86000000 183.60211798
15.74279728 -172.33400146 -61.86000000 183.77568752
25.40238926 -170.80407239 -65.12000000 184.55331730
22.18252527 -171.31404875 -65.12000000 184.61089384
18.96266127 -171.82402510 -65.12000000 184.72599310
15.74279728 -172.33400146 -65.12000000 184.89850763
0.00000000 0.00000000 0.00000000 0.00000000
0.00000000 0.00000000 0.00000000 0.00000000
12.52293329 -172.84397781 -61.86000000 184.00685891
9.30306930 -173.35395417 -61.86000000 184.29541537
6.08320531 -173.86393053 -61.86000000 184.64108786
2.86334132 -174.37390688 -61.86000000 185.04355629
12.52293329 -172.84397781 -65.12000000 185.12827695
9.30306930 -173.35395417 -65.12000000 185.41508818
6.08320531 -173.86393053 -65.12000000 185.75867712
2.86334132 -174.37390688 -65.12000000 186.15872938
15.74279728 -172.33400146 -71.64000000 187.29424264
18.96266127 -171.82402510 -71.64000000 187.12393680
22.18252527 -171.31404875 -71.64000000 187.01031342
25.40238926 -170.80407239 -71.64000000 186.95347583
15.74279728 -172.33400146 -68.38000000 186.07167470
18.96266127 -171.82402510 -68.38000000 185.90024886
22.18252527 -171.31404875 -68.38000000 185.78587709
25.40238926 -170.80407239 -68.38000000 185.72866479
0.00000000 0.00000000 0.00000000 0.00000000
0.00000000 0.00000000 0.00000000 0.00000000
2.86334132 -174.37390688 -71.64000000 188.53845158
6.08320531 -173.86393053 -71.64000000 188.14345943
9.30306930 -173.35395417 -71.64000000 187.80423351
12.52293329 -172.84397781 -71.64000000 187.52107648
2.86334132 -174.37390688 -68.38000000 187.32400413
6.08320531 -173.86393053 -68.38000000 186.92644576
9.30306930 -173.35395417 -68.38000000 186.58500724
12.52293329 -172.84397781 -68.38000000 186.29999711
25.40238926 -170.80407239 -74.90000000 188.22678482
22.18252527 -171.31404875 -74.90000000 188.28323804
18.96266127 -171.82402510 -74.90000000 188.39609371
15.74279728 -172.33400146 -74.90000000 188.56525058
25.40238926 -170.80407239 -78.16000000 189.54761440
22.18252527 -171.31404875 -78.16000000 189.60367434
18.96266127 -171.82402510 -78.16000000 189.71574454
15.74279728 -172.33400146 -78.16000000 189.88372580
0.00000000 0.00000000 0.00000000 0.00000000
0.00000000 0.00000000 0.00000000 0.00000000
12.52293329 -172.84397781 -74.90000000 188.79055730
9.30306930 -173.35395417 -74.90000000 189.07181314
6.08320531 -173.86393053 -74.90000000 189.40876887
2.86334132 -174.37390688 -74.90000000 189.80112783
12.52293329 -172.84397781 -78.16000000 190.10746993
9.30306930 -173.35395417 -78.16000000 190.38678033
6.08320531 -173.86393053 -78.16000000 190.72141286
2.86334132 -174.37390688 -78.16000000 191.11107693
38.28184522 -168.76416697 -74.90000000 188.56525058
35.06198123 -169.27414332 -74.90000000 188.39609371
31.84211724 -169.78411968 -74.90000000 188.28323804
28.62225325 -170.29409603 -74.90000000 188.22678482
38.28184522 -168.76416697 -78.16000000 189.88372580
35.06198123 -169.27414332 -78.16000000 189.71574454
31.84211724 -169.78411968 -78.16000000 189.60367434
28.62225325 -170.29409603 -78.16000000 189.54761440
0.00000000 0.00000000 0.00000000 0.00000000
0.00000000 0.00000000 0.00000000 0.00000000
51.16130118 -166.72426154 -74.90000000 189.80112783
47.94143719 -167.23423790 -74.90000000 189.40876887
44.72157320 -167.74421425 -74.90000000 189.07181314
41.50170921 -168.25419061 -74.90000000 188.79055730
51.16130118 -166.72426154 -78.16000000 191.11107693
47.94143719 -167.23423790 -78.16000000 190.72141286
44.72157320 -167.74421425 -78.16000000 190.38678033
41.50170921 -168.25419061 -78.16000000 190.10746993
28.62225325 -170.29409603 -71.64000000 186.95347583
31.84211724 -169.78411968 -71.64000000 187.01031342
35.06198123 -169.27414332 -71.64000000 187.12393680
38.28184522 -168.76416697 -71.64000000 187.29424264
28.62225325 -170.29409603 -68.38000000 185.72866479
31.84211724 -169.78411968 -68.38000000 185.78587709
35.06198123 -169.27414332 -68.38000000 185.90024886
38.28184522 -168.76416697 -68.38000000 186.07167470
0.00000000 0.00000000 0.00000000 0.00000000
0.00000000 0.00000000 0.00000000 0.00000000
41.50170921 -168.25419061 -71.64000000 187.52107648
44.72157320 -167.74421425 -71.64000000 187.80423351
47.94143719 -167.23423790 -71.64000000 188.14345943
51.16130118 -166.72426154 -71.64000000 188.53845158
41.50170921 -168.25419061 -68.38000000 186.29999711
44.72157320 -167.74421425 -68.38000000 186.58500724
47.94143719 -167.23423790 -68.38000000 186.92644576
51.16130118 -166.72426154 -68.38000000 187.32400413
38.28184522 -168.76416697 -61.86000000 183.77568752
35.06198123 -169.27414332 -61.86000000 183.60211798
31.84211724 -169.78411968 -61.86000000 183.48631373
28.62225325 -170.29409603 -61.86000000 183.42838419
38.28184522 -168.76416697 -65.12000000 184.89850763
35.06198123 -169.27414332 -65.12000000 184.72599310
31.84211724 -169.78411968 -65.12000000 184.61089384
28.62225325 -170.29409603 -65.12000000 184.55331730
0.00000000 0.00000000 0.00000000 0.00000000
0.00000000 0.00000000 0.00000000 0.00000000
51.16130118 -166.72426154 -61.86000000 185.04355629
47.94143719 -167.23423790 -61.86000000 184.64108786
44.72157320 -167.74421425 -61.86000000 184.29541537
41.50170921 -168.25419061 -61.86000000 184.00685891
51.16130118 -166.72426154 -65.12000000 186.15872938
47.94143719 -167.23423790 -65.12000000 185.75867712
44.72157320 -167.74421425 -65.12000000 185.41508818
41.50170921 -168.25419061 -65.12000000 185.12827695
28.62225325 -170.29409603 -58.60000000 182.35479847
31.84211724 -169.78411968 -58.60000000 182.41306895
35.06198123 -169.27414332 -58.60000000 182.52955411
38.28184522 -168.76416697 -58.60000000 182.70414260
28.62225325 -170.29409603 -55.34000000 181.33347216
31.84211724 -169.78411968 -55.34000000 181.39207073
35.06198123 -169.27414332 -55.34000000 181.50921113
38.28184522 -168.76416697 -55.34000000 181.68478011
0.00000000 0.00000000 0.00000000 0.00000000
0.00000000 0.00000000 0.00000000 0.00000000
41.50170921 -168.25419061 -58.60000000 182.93666807
44.72157320 -167.74421425 -58.60000000 183.22690994
47.94143719 -167.23423790 -58.60000000 183.57459444
51.16130118 -166.72426154 -58.60000000 183.97939593
41.50170921 -168.25419061 -55.34000000 181.91860852
44.72157320 -167.74421425 -55.34000000 182.21047205
47.94143719 -167.23423790 -55.34000000 182.56009237
51.16130118 -166.72426154 -55.34000000 182.96713837
15.74279728 -172.33400146 -31.90000000 175.96719503
18.96266127 -171.82402510 -31.90000000 175.78591560
22.18252527 -171.31404875 -31.90000000 175.66495873
25.40238926 -170.80407239 -31.90000000 175.60444905
15.74279728 -172.33400146 -28.64000000 175.40551110
18.96266127 -171.82402510 -28.64000000 175.22365059
22.18252527 -171.31404875 -28.64000000 175.10230531
25.40238926 -170.80407239 -28.64000000 175.04160113
0.00000000 0.00000000 0.00000000 0.00000000
0.00000000 0.00000000 0.00000000 0.00000000
2.86334132 -174.37390688 -31.90000000 177.29091383
6.08320531 -173.86393053 -31.90000000 176.87080518
9.30306930 -173.35395417 -31.90000000 176.50991622
12.52293329 -172.84397781 -31.90000000 176.20861081
2.86334132 -174.37390688 -28.64000000 176.73343692
6.08320531 -173.86393053 -28.64000000 176.31199995
9.30306930 -173.35395417 -28.64000000 175.94996483
12.52293329 -172.84397781 -28.64000000 175.64769889
25.40238926 -170.80407239 -35.16000000 176.22581572
22.18252527 -171.31404875 -35.16000000 176.28611212
18.96266127 -171.82402510 -35.16000000 176.40664309
15.74279728 -172.33400146 -35.16000000 176.58728529
25.40238926 -170.80407239 -38.42000000 176.90508451
22.18252527 -171.31404875 -38.42000000 176.96514946
18.96266127 -171.82402510 -38.42000000 177.08521826
15.74279728 -172.33400146 -38.42000000 177.26516896
0.00000000 0.00000000 0.00000000 0.00000000
0.00000000 0.00000000 0.00000000 0.00000000
12.52293329 -172.84397781 -35.16000000 176.82785449
9.30306930 -173.35395417 -35.16000000 177.12810654
6.08320531 -173.86393053 -35.16000000 177.48773852
2.86334132 -174.37390688 -35.16000000 177.90639034
12.52293329 -172.84397781 -38.42000000 177.50481944
9.30306930 -173.35395417 -38.42000000 177.80392832
6.08320531 -173.86393053 -38.42000000 178.16219612
2.86334132 -174.37390688 -38.42000000 178.57926678
15.74279728 -172.33400146 -44.94000000 178.79163103
18.96266127 -171.82402510 -44.94000000 178.61321823
22.18252527 -171.31404875 -44.94000000 178.49417729
25.40238926 -170.80407239 -44.94000000 178.43462703
15.74279728 -172.33400146 -41.68000000 178.00018574
18.96266127 -171.82402510 -41.68000000 177.82097887
22.18252527 -171.31404875 -41.68000000 177.70140721
25.40238926 -170.80407239 -41.68000000 177.64159120
0.00000000 0.00000000 0.00000000 0.00000000
0.00000000 0.00000000 0.00000000 0.00000000
2.86334132 -174.37390688 -44.94000000 180.09459105
6.08320531 -173.86393053 -44.94000000 179.68103774
9.30306930 -173.35395417 -44.94000000 179.32580440
12.52293329 -172.84397781 -44.94000000 179.02923818
2.86334132 -174.37390688 -41.68000000 179.30889695
6.08320531 -173.86393053 -41.68000000 178.89352734
9.30306930 -173.35395417 -41.68000000 178.53672710
12.52293329 -172.84397781 -41.68000000 178.23884797
25.40238926 -170.80407239 -48.20000000 179.28344186
22.18252527 -171.31404875 -48.20000000 179.34271026
18.96266127 -171.82402510 -48.20000000 179.46118835
15.74279728 -172.33400146 -48.20000000 179.63875897
25.40238926 -170.80407239 -51.46000000 180.18724740
22.18252527 -171.31404875 -51.46000000 180.24621861
18.96266127 -171.82402510 -51.46000000 180.36410321
15.74279728 -172.33400146 -51.46000000 180.54078577
0.00000000 0.00000000 0.00000000 0.00000000
0.00000000 0.00000000 0.00000000 0.00000000
12.52293329 -172.84397781 -48.20000000 179.87524712
9.30306930 -173.35395417 -48.20000000 180.17042078
6.08320531 -173.86393053 -48.20000000 180.52399210
2.86334132 -174.37390688 -48.20000000 180.93561873
12.52293329 -172.84397781 -51.46000000 180.77609390
9.30306930 -173.35395417 -51.46000000 181.06979904
6.08320531 -173.86393053 -51.46000000 181.42161758
2.86334132 -174.37390688 -51.46000000 181.83121219
38.28184522 -168.76416697 -48.20000000 179.63875897
35.06198123 -169.27414332 -48.20000000 179.46118835
31.84211724 -169.78411968 -48.20000000 179.34271026
28.62225325 -170.29409603 -48.20000000 179.28344186
38.28184522 -168.76416697 -51.46000000 180.54078577
35.06198123 -169.27414332 -51.46000000 180.36410321
31.84211724 -169.78411968 -51.46000000 180.24621861
28.62225325 -170.29409603 -51.46000000 180.18724740
0.00000000 0.00000000 0.00000000 0.00000000
0.00000000 0.00000000 0.00000000 0.00000000
51.16130118 -166.72426154 -48.20000000 180.93561873
47.94143719 -167.23423790 -48.20000000 180.52399210
44.72157320 -167.74421425 -48.20000000 180.17042078
41.50170921 -168.25419061 -48.20000000 179.87524712
51.16130118 -166.72426154 -51.46000000 181.83121219
47.94143719 -167.23423790 -51.46000000 181.42161758
44.72157320 -167.74421425 -51.46000000 181.06979904
41.50170921 -168.25419061 -51.46000000 180.77609390
28.62225325 -170.29409603 -44.94000000 178.43462703
31.84211724 -169.78411968 -44.94000000 178.49417729
35.06198123 -169.27414332 -44.94000000 178.61321823
38.28184522 -168.76416697 -44.94000000 178.79163103
28.62225325 -170.29409603 -41.68000000 177.64159120
31.84211724 -169.78411968 -41.68000000 177.70140721
35.06198123 -169.27414332 -41.68000000 177.82097887
38.28184522 -168.76416697 -41.68000000 178.00018574
0.00000000 0.00000000 0.00000000 0.00000000
0.00000000 0.00000000 0.00000000 0.00000000
41.50170921 -168.25419061 -44.94000000 179.02923818
44.72157320 -167.74421425 -44.94000000 179.32580440
47.94143719 -167.23423790 -44.94000000 179.68103774
51.16130118 -166.72426154 -44.94000000 180.09459105
41.50170921 -168.25419061 -41.68000000 178.23884797
44.72157320 -167.74421425 -41.68000000 178.53672710
47.94143719 -167.23423790 -41.68000000 178.89352734
51.16130118 -166.72426154 -41.68000000 179.30889695
38.28184522 -168.76416697 -35.16000000 176.58728529
35.06198123 -169.27414332 -35.16000000 176.40664309
31.84211724 -169.78411968 -35.16000000 176.28611212
28.62225325 -170.29409603 -35.16000000 176.22581572
38.28184522 -168.76416697 -38.42000000 177.26516896
35.06198123 -169.27414332 -38.42000000 177.08521826
31.84211724 -169.78411968 -38.42000000 176.96514946
28.62225325 -170.29409603 -38.42000000 176.90508451
0.00000000 0.00000000 0.00000000 0.00000000
0.00000000 0.00000000 0.00000000 0.00000000
51.16130118 -166.72426154 -35.16000000 177.90639034
47.94143719 -167.23423790 -35.16000000 177.48773852
44.72157320 -167.74421425 -35.16000000 177.12810654
41.50170921 -168.25419061 -35.16000000 176.82785449
51.16130118 -166.72426154 -38.42000000 178.57926678
47.94143719 -167.23423790 -38.42000000 178.16219612
44.72157320 -167.74421425 -38.42000000 177.80392832
41.50170921 -168.25419061 -38.42000000 177.50481944
28.62225325 -170.29409603 -31.90000000 175.60444905
31.84211724 -169.78411968 -31.90000000 175.66495873
35.06198123 -169.27414332 -31.90000000 175.78591560
38.28184522 -168.76416697 -31.90000000 175.96719503
28.62225325 -170.29409603 -28.64000000 175.04160113
31.84211724 -169.78411968 -28.64000000 175.10230531
35.06198123 -169.27414332 -28.64000000 175.22365059
38.28184522 -168.76416697 -28.64000000 175.40551110
0.00000000 0.00000000 0.00000000 0.00000000
0.00000000 0.00000000 0.00000000 0.00000000
41.50170921 -168.25419061 -31.90000000 176.20861081
44.72157320 -167.74421425 -31.90000000 176.50991622
47.94143719 -167.23423790 -31.90000000 176.87080518
51.16130118 -166.72426154 -31.90000000 177.29091383
41.50170921 -168.25419061 -28.64000000 175.64769889
44.72157320 -167.74421425 -28.64000000 175.94996483
47.94143719 -167.23423790 -28.64000000 176.31199995
51.16130118 -166.72426154 -28.64000000 176.73343692
15.74279728 -172.33400146 -5.20000000 173.12967315
18.96266127 -171.82402510 -5.20000000 172.94541950
22.18252527 -171.31404875 -5.20000000 172.82247459
25.40238926 -170.80407239 -5.20000000 172.76096933
15.74279728 -172.33400146 -1.94000000 173.06243765
18.96266127 -171.82402510 -1.94000000 172.87811234
22.18252527 -171.31404875 -1.94000000 172.75511953
25.40238926 -170.80407239 -1.94000000 172.69359028
0.00000000 0.00000000 0.00000000 0.00000000
0.00000000 0.00000000 0.00000000 0.00000000
2.86334132 -174.37390688 -5.20000000 174.47492119
6.08320531 -173.86393053 -5.20000000 174.04801557
9.30306930 -173.35395417 -5.20000000 173.68126129
12.52293329 -172.84397781 -5.20000000 173.37504009
2.86334132 -174.37390688 -1.94000000 174.40820429
6.08320531 -173.86393053 -1.94000000 173.98113497
9.30306930 -173.35395417 -1.94000000 173.61423941
12.52293329 -172.84397781 -1.94000000 173.30789978
25.40238926 -170.80407239 -8.46000000 172.88980342
22.18252527 -171.31404875 -8.46000000 172.95126286
18.96266127 -171.82402510 -8.46000000 173.07411628
15.74279728 -172.33400146 -8.46000000 173.25823307
25.40238926 -170.80407239 -11.72000000 173.07995530
22.18252527 -171.31404875 -11.72000000 173.14134724
18.96266127 -171.82402510 -11.72000000 173.26406588
15.74279728 -172.33400146 -11.72000000 173.44798103
0.00000000 0.00000000 0.00000000 0.00000000
0.00000000 0.00000000 0.00000000 0.00000000
12.52293329 -172.84397781 -8.46000000 173.50341819
9.30306930 -173.35395417 -8.46000000 173.80941322
6.08320531 -173.86393053 -8.46000000 174.17589766
2.86334132 -174.37390688 -8.46000000 174.60249060
12.52293329 -172.84397781 -11.72000000 173.69289831
9.30306930 -173.35395417 -11.72000000 173.99856012
6.08320531 -173.86393053 -11.72000000 174.36464700
2.86334132 -174.37390688 -11.72000000 174.79077929
15.74279728 -172.33400146 -18.24000000 174.01017592
18.96266127 -171.82402510 -18.24000000 173.82685559
22.18252527 -171.31404875 -18.24000000 173.70453456
25.40238926 -170.80407239 -18.24000000 173.64334172
15.74279728 -172.33400146 -14.98000000 173.69871653
18.96266127 -171.82402510 -14.98000000 173.51506714
22.18252527 -171.31404875 -14.98000000 173.39252615
25.40238926 -170.80407239 -14.98000000 173.33122317
0.00000000 0.00000000 0.00000000 0.00000000
0.00000000 0.00000000 0.00000000 0.00000000
2.86334132 -174.37390688 -18.24000000 175.34866901
6.08320531 -173.86393053 -18.24000000 174.92389581
9.30306930 -173.35395417 -18.24000000 174.55898179
12.52293329 -172.84397781 -18.24000000 174.25430303
2.86334132 -174.37390688 -14.98000000 175.03959131
6.08320531 -173.86393053 -14.98000000 174.61406623
9.30306930 -173.35395417 -14.98000000 174.24850337
12.52293329 -172.84397781 -14.98000000 173.94328077
25.40238926 -170.80407239 -21.50000000 174.01598353
22.18252527 -171.31404875 -21.50000000 174.07704537
18.96266127 -171.82402510 -21.50000000 174.19910483
15.74279728 -172.33400146 -21.50000000 174.38203384
25.40238926 -170.80407239 -24.76000000 174.44876074
22.18252527 -171.31404875 -24.76000000 174.50967115
18.96266127 -171.82402510 -24.76000000 174.63142823
15.74279728 -172.33400146 -24.76000000 174.81390484
0.00000000 0.00000000 0.00000000 0.00000000
0.00000000 0.00000000 0.00000000 0.00000000
12.52293329 -172.84397781 -21.50000000 174.62564109
9.30306930 -173.35395417 -21.50000000 174.92967308
6.08320531 -173.86393053 -21.50000000 175.29381542
2.86334132 -174.37390688 -21.50000000 175.71769440
12.52293329 -172.84397781 -24.76000000 175.05691110
9.30306930 -173.35395417 -24.76000000 175.36019538
6.08320531 -173.86393053 -24.76000000 175.72344558
2.86334132 -174.37390688 -24.76000000 176.14629069
38.28184522 -168.76416697 -21.50000000 174.38203384
35.06198123 -169.27414332 -21.50000000 174.19910483
31.84211724 -169.78411968 -21.50000000 174.07704537
28.62225325 -170.29409603 -21.50000000 174.01598353
38.28184522 -168.76416697 -24.76000000 174.81390484
35.06198123 -169.27414332 -24.76000000 174.63142823
31.84211724 -169.78411968 -24.76000000 174.50967115
28.62225325 -170.29409603 -24.76000000 174.44876074
0.00000000 0.00000000 0.00000000 0.00000000
0.00000000 0.00000000 0.00000000 0.00000000
51.16130118 -166.72426154 -21.50000000 175.71769440
47.94143719 -167.23423790 -21.50000000 175.29381542
44.72157320 -167.74421425 -21.50000000 174.92967308
41.50170921 -168.25419061 -21.50000000 174.62564109
51.16130118 -166.72426154 -24.76000000 176.14629069
47.94143719 -167.23423790 -24.76000000 175.72344558
44.72157320 -167.74421425 -24.76000000 175.36019538
41.50170921 -168.25419061 -24.76000000 175.05691110
28.62225325 -170.29409603 -18.24000000 173.64334172
31.84211724 -169.78411968 -18.24000000 173.70453456
35.06198123 -169.27414332 -18.24000000 173.82685559
38.28184522 -168.76416697 -18.24000000 174.01017592
28.62225325 -170.29409603 -14.98000000 173.33122317
31.84211724 -169.78411968 -14.98000000 173.39252615
35.06198123 -169.27414332 -14.98000000 173.51506714
38.28184522 -168.76416697 -14.98000000 173.69871653
0.00000000 0.00000000 0.00000000 0.00000000
0.00000000 0.00000000 0.00000000 0.00000000
41.50170921 -168.25419061 -18.24000000 174.25430303
44.72157320 -167.74421425 -18.24000000 174.55898179
47.94143719 -167.23423790 -18.24000000 174.92389581
51.16130118 -166.72426154 -18.24000000 175.34866901
41.50170921 -168.25419061 -14.98000000 173.94328077
44.72157320 -167.74421425 -14.98000000 174.24850337
47.94143719 -167.23423790 -14.98000000 174.61406623
51.16130118 -166.72426154 -14.98000000 175.03959131
38.28184522 -168.76416697 -8.46000000 173.25823307
35.06198123 -169.27414332 -8.46000000 173.07411628
31.84211724 -169.78411968 -8.46000000 172.95126286
28.62225325 -170.29409603 -8.46000000 172.88980342
38.28184522 -168.76416697 -11.72000000 173.44798103
35.06198123 -169.27414332 -11.72000000 173.26406588
31.84211724 -169.78411968 -11.72000000 173.14134724
28.62225325 -170.29409603 -11.72000000 173.07995530
0.00000000 0.00000000 0.00000000 0.00000000
0.00000000 0.00000000 0.00000000 0.00000000
51.16130118 -166.72426154 -8.46000000 174.60249060
47.94143719 -167.23423790 -8.46000000 174.17589766
44.72157320 -167.74421425 -8.46000000 173.80941322
41.50170921 -168.25419061 -8.46000000 173.50341819
51.16130118 -166.72426154 -11.72000000 174.79077929
47.94143719 -167.23423790 -11.72000000 174.36464700
44.72157320 -167.74421425 -11.72000000 173.99856012
41.50170921 -168.25419061 -11.72000000 173.69289831
28.62225325 -170.29409603 -5.20000000 172.76096933
31.84211724 -169.78411968 -5.20000000 172.82247459
35.06198123 -169.27414332 -5.20000000 172.94541950
38.28184522 -168.76416697 -5.20000000 173.12967315
28.62225325 -170.29409603 -1.94000000 172.69359028
31.84211724 -169.78411968 -1.94000000 172.75511953
35.06198123 -169.27414332 -1.94000000 172.87811234
38.28184522 -168.76416697 -1.94000000 173.06243765
0.00000000 0.00000000 0.00000000 0.00000000
0.00000000 0.00000000 0.00000000 0.00000000
41.50170921 -168.25419061 -5.20000000 173.37504009
44.72157320 -167.74421425 -5.20000000 173.68126129
47.94143719 -167.23423790 -5.20000000 174.04801557
51.16130118 -166.72426154 -5.20000000 174.47492119
41.50170921 -168.25419061 -1.94000000 173.30789978
44.72157320 -167.74421425 -1.94000000 173.61423941
47.94143719 -167.23423790 -1.94000000 173.98113497
51.16130118 -166.72426154 -1.94000000 174.40820429
15.74279728 -172.33400146 21.50000000 174.38203384
18.96266127 -171.82402510 21.50000000 174.19910483
22.18252527 -171.31404875 21.50000000 174.07704537
25.40238926 -170.80407239 21.50000000 174.01598353
15.74279728 -172.33400146 24.76000000 174.81390484
18.96266127 -171.82402510 24.76000000 174.63142823
22.18252527 -171.31404875 24.76000000 174.50967115
25.40238926 -170.80407239 24.76000000 174.44876074
0.00000000 0.00000000 0.00000000 0.00000000
0.00000000 0.00000000 0.00000000 0.00000000
2.86334132 -174.37390688 21.50000000 175.71769440
6.08320531 -173.86393053 21.50000000 175.29381542
9.30306930 -173.35395417 21.50000000 174.92967308
12.52293329 -172.84397781 21.50000000 174.62564109
2.86334132 -174.37390688 24.76000000 176.14629069
6.08320531 -173.86393053 24.76000000 175.72344558
9.30306930 -173.35395417 24.76000000 175.36019538
12.52293329 -172.84397781 24.76000000 175.05691110
25.40238926 -170.80407239 18.24000000 173.64334172
22.18252527 -171.31404875 18.24000000 173.70453456
18.96266127 -171.82402510 18.24000000 173.82685559
15.74279728 -172.33400146 18.24000000 174.01017592
25.40238926 -170.80407239 14.98000000 173.33122317
22.18252527 -171.31404875 14.98000000 173.39252615
18.96266127 -171.82402510 14.98000000 173.51506714
15.74279728 -172.33400146 14.98000000 173.69871653
0.00000000 0.00000000 0.00000000 0.00000000
0.00000000 0.00000000 0.00000000 0.00000000
12.52293329 -172.84397781 18.24000000 174.25430303
9.30306930 -173.35395417 18.24000000 174.55898179
6.08320531 -173.86393053 18.24000000 174.92389581
2.86334132 -174.37390688 18.24000000 175.34866901
12.52293329 -172.84397781 14.98000000 173.94328077
9.30306930 -173.35395417 14.98000000 174.24850337
6.08320531 -173.86393053 14.98000000 174.61406623
2.86334132 -174.37390688 14.98000000 175.03959131
15.74279728 -172.33400146 8.46000000 173.25823307
18.96266127 -171.82402510 8.46000000 173.07411628
22.18252527 -171.31404875 8.46000000 172.95126286
25.40238926 -170.80407239 8.46000000 172.88980342
15.74279728 -172.33400146 11.72000000 173.44798103
18.96266127 -171.82402510 11.72000000 173.26406588
22.18252527 -171.31404875 11.72000000 173.14134724
25.40238926 -170.80407239 11.72000000 173.07995530
0.00000000 0.00000000 0.00000000 0.00000000
0.00000000 0.00000000 0.00000000 0.00000000
2.86334132 -174.37390688 8.46000000 174.60249060
6.08320531 -173.86393053 8.46000000 174.17589766
9.30306930 -173.35395417 8.46000000 173.80941322
12.52293329 -172.84397781 8.46000000 173.50341819
2.86334132 -174.37390688 11.72000000 174.79077929
6.08320531 -173.86393053 11.72000000 174.36464700
9.30306930 -173.35395417 11.72000000 173.99856012
12.52293329 -172.84397781 11.72000000 173.69289831
25.40238926 -170.80407239 5.20000000 172.76096933
22.18252527 -171.31404875 5.20000000 172.82247459
18.96266127 -171.82402510 5.20000000 172.94541950
15.74279728 -172.33400146 5.20000000 173.12967315
25.40238926 -170.80407239 1.94000000 172.69359028
22.18252527 -171.31404875 1.94000000 172.75511953
18.96266127 -171.82402510 1.94000000 172.87811234
15.74279728 -172.33400146 1.94000000 173.06243765
0.00000000 0.00000000 0.00000000 0.00000000
0.00000000 0.00000000 0.00000000 0.00000000
12.52293329 -172.84397781 5.20000000 173.37504009
9.30306930 -173.35395417 5.20000000 173.68126129
6.08320531 -173.86393053 5.20000000 174.04801557
2.86334132 -174.37390688 5.20000000 174.47492119
12.52293329 -172.84397781 1.94000000 173.30789978
9.30306930 -173.35395417 1.94000000 173.61423941
6.08320531 -173.86393053 1.94000000 173.98113497
2.86334132 -174.37390688 1.94000000 174.40820429
38.28184522 -168.76416697 5.20000000 173.12967315
35.06198123 -169.27414332 5.20000000 172.94541950
31.84211724 -169.78411968 5.20000000 172.82247459
28.62225325 -170.29409603 5.20000000 172.76096933
38.28184522 -168.76416697 1.94000000 173.06243765
35.06198123 -169.27414332 1.94000000 172.87811234
31.84211724 -169.78411968 1.94000000 172.75511953
28.62225325 -170.29409603 1.94000000 172.69359028
0.00000000 0.00000000 0.00000000 0.00000000
0.00000000 0.00000000 0.00000000 0.00000000
51.16130118 -166.72426154 5.20000000 174.47492119
47.94143719 -167.23423790 5.20000000 174.04801557
44.72157320 -167.74421425 5.20000000 173.68126129
41.50170921 -168.25419061 5.20000000 173.37504009
51.16130118 -166.72426154 1.94000000 174.40820429
47.94143719 -167.23423790 1.94000000 173.98113497
44.72157320 -167.74421425 1.94000000 173.61423941
41.50170921 -168.25419061 1.94000000 173.30789978
28.62225325 -170.29409603 8.46000000 172.88980342
31.84211724 -169.78411968 8.46000000 172.95126286
35.06198123 -169.27414332 8.46000000 173.07411628
38.28184522 -168.76416697 8.46000000 173.25823307
28.62225325 -170.29409603 11.72000000 173.07995530
31.84211724 -169.78411968 11.72000000 173.14134724
35.06198123 -169.27414332 11.72000000 173.26406588
38.28184522 -168.76416697 11.72000000 173.44798103
0.00000000 0.00000000 0.00000000 0.00000000
0.00000000 0.00000000 0.00000000 0.00000000
41.50170921 -168.25419061 8.46000000 173.50341819
44.72157320 -167.74421425 8.46000000 173.80941322
47.94143719 -167.23423790 8.46000000 174.17589766
51.16130118 -166.72426154 8.46000000 174.60249060
41.50170921 -168.25419061 11.72000000 173.69289831
44.72157320 -167.74421425 11.72000000 173.99856012
47.94143719 -167.23423790 11.72000000 174.36464700
51.16130118 -166.72426154 11.72000000 174.79077929
38.28184522 -168.76416697 18.24000000 174.01017592
35.06198123 -169.27414332 18.24000000 173.82685559
31.84211724 -169.78411968 18.24000000 173.70453456
28.62225325 -170.29409603 18.24000000 173.64334172
38.28184522 -168.76416697 14.98000000 173.69871653
35.06198123 -169.27414332 14.98000000 173.51506714
31.84211724 -169.78411968 14.98000000 173.39252615
28.62225325 -170.29409603 14.98000000 173.33122317
0.00000000 0.00000000 0.00000000 0.00000000
0.00000000 0.00000000 0.00000000 0.00000000
51.16130118 -166.72426154 18.24000000 175.34866901
47.94143719 -167.23423790 18.24000000 174.92389581
44.72157320 -167.74421425 18.24000000 174.55898179
41.50170921 -168.25419061 18.24000000 174.25430303
51.16130118 -166.72426154 14.98000000 175.03959131
47.94143719 -167.23423790 14.98000000 174.61406623
44.72157320 -167.74421425 14.98000000 174.24850337
41.50170921 -168.25419061 14.98000000 173.94328077
28.62225325 -170.29409603 21.50000000 174.01598353
31.84211724 -169.78411968 21.50000000 174.07704537
35.06198123 -169.27414332 21.50000000 174.19910483
38.28184522 -168.76416697 21.50000000 174.38203384
28.62225325 -170.29409603 24.76000000 174.44876074
31.84211724 -169.78411968 24.76000000 174.50967115
35.06198123 -169.27414332 24.76000000 174.63142823
38.28184522 -168.76416697 24.76000000 174.81390484
0.00000000 0.00000000 0.00000000 0.00000000
0.00000000 0.00000000 0.00000000 0.00000000
41.50170921 -168.25419061 21.50000000 174.62564109
44.72157320 -167.74421425 21.50000000 174.92967308
47.94143719 -167.23423790 21.50000000 175.29381542
51.16130118 -166.72426154 21.50000000 175.71769440
41.50170921 -168.25419061 24.76000000 175.05691110
44.72157320 -167.74421425 24.76000000 175.36019538
47.94143719 -167.23423790 24.76000000 175.72344558
51.16130118 -166.72426154 24.76000000 176.14629069
15.74279728 -172.33400146 48.20000000 179.63875897
18.96266127 -171.82402510 48.20000000 179.46118835
22.18252527 -171.31404875 48.20000000 179.34271026
25.40238926 -170.80407239 48.20000000 179.28344186
15.74279728 -172.33400146 51.46000000 180.54078577
18.96266127 -171.82402510 51.46000000 180.36410321
22.18252527 -171.31404875 51.46000000 180.24621861
25.40238926 -170.80407239 51.46000000 180.18724740
0.00000000 0.00000000 0.00000000 0.00000000
0.00000000 0.00000000 0.00000000 0.00000000
2.86334132 -174.37390688 48.20000000 180.93561873
6.08320531 -173.86393053 48.20000000 180.52399210
9.30306930 -173.35395417 48.20000000 180.17042078
12.52293329 -172.84397781 48.20000000 179.87524712
2.86334132 -174.37390688 51.46000000 181.83121219
6.08320531 -173.86393053 51.46000000 181.42161758
9.30306930 -173.35395417 51.46000000 181.06979904
12.52293329 -172.84397781 51.46000000 180.77609390
25.40238926 -170.80407239 44.94000000 178.43462703
22.18252527 -171.31404875 44.94000000 178.49417729
18.96266127 -171.82402510 44.94000000 178.61321823
15.74279728 -172.33400146 44.94000000 178.79163103
25.40238926 -170.80407239 41.68000000 177.64159120
22.18252527 -171.31404875 41.68000000 177.70140721
18.96266127 -171.82402510 41.68000000 177.82097887
15.74279728 -172.33400146 41.68000000 178.00018574
0.00000000 0.00000000 0.00000000 0.00000000
0.00000000 0.00000000 0.00000000 0.00000000
12.52293329 -172.84397781 44.94000000 179.02923818
9.30306930 -173.35395417 44.94000000 179.32580440
6.08320531 -173.86393053 44.94000000 179.68103774
2.86334132 -174.37390688 44.94000000 180.09459105
12.52293329 -172.84397781 41.68000000 178.23884797
9.30306930 -173.35395417 41.68000000 178.53672710
6.08320531 -173.86393053 41.68000000 178.89352734
2.86334132 -174.37390688 41.68000000 179.30889695
15.74279728 -172.33400146 35.16000000 176.58728529
18.96266127 -171.82402510 35.16000000 176.40664309
22.18252527 -171.31404875 35.16000000 176.28611212
25.40238926 -170.80407239 35.16000000 176.22581572
15.74279728 -172.33400146 38.42000000 177.26516896
18.96266127 -171.82402510 38.42000000 177.08521826
22.18252527 -171.31404875 38.42000000 176.96514946
25.40238926 -170.80407239 38.42000000 176.90508451
0.00000000 0.00000000 0.00000000 0.00000000
0.00000000 0.00000000 0.00000000 0.00000000
2.86334132 -174.37390688 35.16000000 177.90639034
6.08320531 -173.86393053 35.16000000 177.48773852
9.30306930 -173.35395417 35.16000000 177.12810654
12.52293329 -172.84397781 35.16000000 176.82785449
2.86334132 -174.37390688 38.42000000 178.57926678
6.08320531 -173.86393053 38.42000000 178.16219612
9.30306930 -173.35395417 38.42000000 177.80392832
12.52293329 -172.84397781 38.42000000 177.50481944
25.40238926 -170.80407239 31.90000000 175.60444905
22.18252527 -171.31404875 31.90000000 175.66495873
18.96266127 -171.82402510 31.90000000 175.78591560
15.74279728 -172.33400146 31.90000000 175.96719503
25.40238926 -170.80407239 28.64000000 175.04160113
22.18252527 -171.31404875 28.64000000 175.10230531
18.96266127 -171.82402510 28.64000000 175.22365059
15.74279728 -172.33400146 28.64000000 175.40551110
0.00000000 0.00000000 0.00000000 0.00000000
0.00000000 0.00000000 0.00000000 0.00000000
12.52293329 -172.84397781 31.90000000 176.20861081
9.30306930 -173.35395417 31.90000000 176.50991622
6.08320531 -173.86393053 31.90000000 176.87080518
2.86334132 -174.37390688 31.90000000 177.29091383
12.52293329 -172.84397781 28.64000000 175.64769889
9.30306930 -173.35395417 28.64000000 175.94996483
6.08320531 -173.86393053 28.64000000 176.31199995
2.86334132 -174.37390688 28.64000000 176.73343692
38.28184522 -168.76416697 31.90000000 175.96719503
35.06198123 -169.27414332 31.90000000 175.78591560
31.84211724 -169.78411968 31.90000000 175.66495873
28.62225325 -170.29409603 31.90000000 175.60444905
38.28184522 -168.76416697 28.64000000 175.40551110
35.06198123 -169.27414332 28.64000000 175.22365059
31.84211724 -169.78411968 28.64000000 175.10230531
28.62225325 -170.29409603 28.64000000 175.04160113
0.00000000 0.00000000 0.00000000 0.00000000
0.00000000 0.00000000 0.00000000 0.00000000
51.16130118 -166.72426154 31.90000000 177.29091383
47.94143719 -167.23423790 31.90000000 176.87080518
44.72157320 -167.74421425 31.90000000 176.50991622
41.50170921 -168.25419061 31.90000000 176.20861081
51.16130118 -166.72426154 28.64000000 176.73343692
47.94143719 -167.23423790 28.64000000 176.31199995
44.72157320 -167.74421425 28.64000000 175.94996483
41.50170921 -168.25419061 28.64000000 175.64769889
28.62225325 -170.29409603 35.16000000 176.22581572
31.84211724 -169.78411968 35.16000000 176.28611212
35.06198123 -169.27414332 35.16000000 176.40664309
38.28184522 -168.76416697 35.16000000 176.58728529
28.62225325 -170.29409603 38.42000000 176.90508451
31.84211724 -169.78411968 38.42000000 176.96514946
35.06198123 -169.27414332 38.42000000 177.08521826
38.28184522 -168.76416697 38.42000000 177.26516896
0.00000000 0.00000000 0.00000000 0.00000000
0.00000000 0.00000000 0.00000000 0.00000000
41.50170921 -168.25419061 35.16000000 176.82785449
44.72157320 -167.74421425 35.16000000 177.12810654
47.94143719 -167.23423790 35.16000000 177.48773852
51.16130118 -166.72426154 35.16000000 177.90639034
41.50170921 -168.25419061 38.42000000 177.50481944
44.72157320 -167.74421425 38.42000000 177.80392832
47.94143719 -167.23423790 38.42000000 178.16219612
51.16130118 -166.72426154 38.42000000 178.57926678
38.28184522 -168.76416697 44.94000000 178.79163103
35.06198123 -169.27414332 44.94000000 178.61321823
31.84211724 -169.78411968 44.94000000 178.49417729
28.62225325 -170.29409603 44.94000000 178.43462703
38.28184522 -168.76416697 41.68000000 178.00018574
35.06198123 -169.27414332 41.68000000 177.82097887
31.84211724 -169.78411968 41.68000000 177.70140721
28.62225325 -170.29409603 41.68000000 177.64159120
0.00000000 0.00000000 0.00000000 0.00000000
0.00000000 0.00000000 0.00000000 0.00000000
51.16130118 -166.72426154 44.94000000 180.09459105
47.94143719 -167.23423790 44.94000000 179.68103774
44.72157320 -167.74421425 44.94000000 179.32580440
41.50170921 -168.25419061 44.94000000 179.02923818
51.16130118 -166.72426154 41.68000000 179.30889695
47.94143719 -167.23423790 41.68000000 178.89352734
44.72157320 -167.74421425 41.68000000 178.53672710
41.50170921 -168.25419061 41.68000000 178.23884797
28.62225325 -170.29409603 48.20000000 179.28344186
31.84211724 -169.78411968 48.20000000 179.34271026
35.06198123 -169.27414332 48.20000000 179.46118835
38.28184522 -168.76416697 48.20000000 179.63875897
28.62225325 -170.29409603 51.46000000 180.18724740
31.84211724 -169.78411968 51.46000000 180.24621861
35.06198123 -169.27414332 51.46000000 180.36410321
38.28184522 -168.76416697 51.46000000 180.54078577
0.00000000 0.00000000 0.00000000 0.00000000
0.00000000 0.00000000 0.00000000 0.00000000
41.50170921 -168.25419061 48.20000000 179.87524712
44.72157320 -167.74421425 48.20000000 180.17042078
47.94143719 -167.23423790 48.20000000 180.52399210
51.16130118 -166.72426154 48.20000000 180.93561873
41.50170921 -168.25419061 51.46000000 180.77609390
44.72157320 -167.74421425 51.46000000 181.06979904
47.94143719 -167.23423790 51.46000000 181.42161758
51.16130118 -166.72426154 51.46000000 181.83121219
15.74279728 -172.33400146 74.90000000 188.56525058
18.96266127 -171.82402510 74.90000000 188.39609371
22.18252527 -171.31404875 74.90000000 188.28323804
25.40238926 -170.80407239 74.90000000 188.22678482
15.74279728 -172.33400146 78.16000000 189.88372580
18.96266127 -171.82402510 78.16000000 189.71574454
22.18252527 -171.31404875 78.16000000 189.60367434
25.40238926 -170.80407239 78.16000000 189.54761440
0.00000000 0.00000000 0.00000000 0.00000000
0.00000000 0.00000000 0.00000000 0.00000000
2.86334132 -174.37390688 74.90000000 189.80112783
6.08320531 -173.86393053 74.90000000 189.40876887
9.30306930 -173.35395417 74.90000000 189.07181314
12.52293329 -172.84397781 74.90000000 188.79055730
2.86334132 -174.37390688 78.16000000 191.11107693
6.08320531 -173.86393053 78.16000000 190.72141286
9.30306930 -173.35395417 78.16000000 190.38678033
12.52293329 -172.84397781 78.16000000 190.10746993
25.40238926 -170.80407239 71.64000000 186.95347583
22.18252527 -171.31404875 71.64000000 187.01031342
18.96266127 -171.82402510 71.64000000 187.12393680
15.74279728 -172.33400146 71.64000000 187.29424264
25.40238926 -170.80407239 68.38000000 185.72866479
22.18252527 -171.31404875 68.38000000 185.78587709
18.96266127 -171.82402510 68.38000000 185.90024886
15.74279728 -172.33400146 68.38000000 186.07167470
0.00000000 0.00000000 0.00000000 0.00000000
0.00000000 0.00000000 0.00000000 0.00000000
12.52293329 -172.84397781 71.64000000 187.52107648
9.30306930 -173.35395417 71.64000000 187.80423351
6.08320531 -173.86393053 71.64000000 188.14345943
2.86334132 -174.37390688 71.64000000 188.53845158
12.52293329 -172.84397781 68.38000000 186.29999711
9.30306930 -173.35395417 68.38000000 186.58500724
6.08320531 -173.86393053 68.38000000 186.92644576
2.86334132 -174.37390688 68.38000000 187.32400413
15.74279728 -172.33400146 61.86000000 183.77568752
18.96266127 -171.82402510 61.86000000 183.60211798
22.18252527 -171.31404875 61.86000000 183.48631373
25.40238926 -170.80407239 61.86000000 183.42838419
15.74279728 -172.33400146 65.12000000 184.89850763
18.96266127 -171.82402510 65.12000000 184.72599310
22.18252527 -171.31404875 65.12000000 184.61089384
25.40238926 -170.80407239 65.12000000 184.55331730
0.00000000 0.00000000 0.00000000 0.00000000
0.00000000 0.00000000 0.00000000 0.00000000
2.86334132 -174.37390688 61.86000000 185.04355629
6.08320531 -173.86393053 61.86000000 184.64108786
9.30306930 -173.35395417 61.86000000 184.29541537
12.52293329 -172.84397781 61.86000000 184.00685891
2.86334132 -174.37390688 65.12000000 186.15872938
6.08320531 -173.86393053 65.12000000 185.75867712
9.30306930 -173.35395417 65.12000000 185.41508818
12.52293329 -172.84397781 65.12000000 185.12827695
25.40238926 -170.80407239 58.60000000 182.35479847
22.18252527 -171.31404875 58.60000000 182.41306895
18.96266127 -171.82402510 58.60000000 182.52955411
15.74279728 -172.33400146 58.60000000 182.70414260
25.40238926 -170.80407239 55.34000000 181.33347216
22.18252527 -171.31404875 55.34000000 181.39207073
18.96266127 -171.82402510 55.34000000 181.50921113
15.74279728 -172.33400146 55.34000000 181.68478011
0.00000000 0.00000000 0.00000000 0.00000000
0.00000000 0.00000000 0.00000000 0.00000000
12.52293329 -172.84397781 58.60000000 182.93666807
9.30306930 -173.35395417 58.60000000 183.22690994
6.08320531 -173.86393053 58.60000000 183.57459444
2.86334132 -174.37390688 58.60000000 183.97939593
12.52293329 -172.84397781 55.34000000 181.91860852
9.30306930 -173.35395417 55.34000000 182.21047205
6.08320531 -173.86393053 55.34000000 182.56009237
2.86334132 -174.37390688 55.34000000 182.96713837
38.28184522 -168.76416697 58.60000000 182.70414260
35.06198123 -169.27414332 58.60000000 182.52955411
31.84211724 -169.78411968 58.60000000 182.41306895
28.62225325 -170.29409603 58.60000000 182.35479847
38.28184522 -168.76416697 55.34000000 181.68478011
35.06198123 -169.27414332 55.34000000 181.50921113
31.84211724 -169.78411968 55.34000000 181.39207073
28.62225325 -170.29409603 55.34000000 181.33347216
0.00000000 0.00000000 0.00000000 0.00000000
0.00000000 0.00000000 0.00000000 0.00000000
51.16130118 -166.72426154 58.60000000 183.97939593
47.94143719 -167.23423790 58.60000000 183.57459444
44.72157320 -167.74421425 58.60000000 183.22690994
41.50170921 -168.25419061 58.60000000 182.93666807
51.16130118 -166.72426154 55.34000000 182.96713837
47.94143719 -167.23423790 55.34000000 182.56009237
44.72157320 -167.74421425 55.34000000 182.21047205
41.50170921 -168.25419061 55.34000000 181.91860852
28.62225325 -170.29409603 61.86000000 183.42838419
31.84211724 -169.78411968 61.86000000 183.48631373
35.06198123 -169.27414332 61.86000000 183.60211798
38.28184522 -168.76416697 61.86000000 183.77568752
28.62225325 -170.29409603 65.12000000 184.55331730
31.84211724 -169.78411968 65.12000000 184.61089384
35.06198123 -169.27414332 65.12000000 184.72599310
38.28184522 -168.76416697 65.12000000 184.89850763
0.00000000 0.00000000 0.00000000 0.00000000
0.00000000 0.00000000 0.00000000 0.00000000
41.50170921 -168.25419061 61.86000000 184.00685891
44.72157320 -167.74421425 61.86000000 184.29541537
47.94143719 -167.23423790 61.86000000 184.64108786
51.16130118 -166.72426154 61.86000000 185.04355629
41.50170921 -168.25419061 65.12000000 185.12827695
44.72157320 -167.74421425 65.12000000 185.41508818
47.94143719 -167.23423790 65.12000000 185.75867712
51.16130118 -166.72426154 65.12000000 186.15872938
38.28184522 -168.76416697 71.64000000 187.29424264
35.06198123 -169.27414332 71.64000000 187.12393680
31.84211724 -169.78411968 71.64000000 187.01031342
28.62225325 -170.29409603 71.64000000 186.95347583
38.28184522 -168.76416697 68.38000000 186.07167470
35.06198123 -169.27414332 68.38000000 185.90024886
31.84211724 -169.78411968 68.38000000 185.78587709
28.62225325 -170.29409603 68.38000000 185.72866479
0.00000000 0.00000000 0.00000000 0.00000000
0.00000000 0.00000000 0.00000000 0.00000000
51.16130118 -166.72426154 71.64000000 188.53845158
47.94143719 -167.23423790 71.64000000 188.14345943
44.72157320 -167.74421425 71.64000000 187.80423351
41.50170921 -168.25419061 71.64000000 187.52107648
51.16130118 -166.72426154 68.38000000 187.32400413
47.94143719 -167.23423790 68.38000000 186.92644576
44.72157320 -167.74421425 68.38000000 186.58500724
41.50170921 -168.25419061 68.38000000 186.29999711
28.62225325 -170.29409603 74.90000000 188.22678482
31.84211724 -169.78411968 74.90000000 188.28323804
35.06198123 -169.27414332 74.90000000 188.39609371
38.28184522 -168.76416697 74.90000000 188.56525058
28.62225325 -170.29409603 78.16000000 189.54761440
31.84211724 -169.78411968 78.16000000 189.60367434
35.06198123 -169.27414332 78.16000000 189.71574454
38.28184522 -168.76416697 78.16000000 189.88372580
0.00000000 0.00000000 0.00000000 0.00000000
0.00000000 0.00000000 0.00000000 0.00000000
41.50170921 -168.25419061 74.90000000 188.79055730
44.72157320 -167.74421425 74.90000000 189.07181314
47.94143719 -167.23423790 74.90000000 189.40876887
51.16130118 -166.72426154 74.90000000 189.80112783
41.50170921 -168.25419061 78.16000000 190.10746993
44.72157320 -167.74421425 78.16000000 190.38678033
47.94143719 -167.23423790 78.16000000 190.72141286
51.16130118 -166.72426154 78.16000000 191.11107693
-51.40491900 -165.24036440 -58.60000000 182.70414260
-48.23499306 -166.00139629 -58.60000000 182.52955411
-45.06506711 -166.76242818 -58.60000000 182.41306895
-41.89514117 -167.52346006 -58.60000000 182.35479847
-51.40491900 -165.24036440 -55.34000000 181.68478011
-48.23499306 -166.00139629 -55.34000000 181.50921113
-45.06506711 -166.76242818 -55.34000000 181.39207073
-41.89514117 -167.52346006 -55.34000000 181.33347216
0.00000000 0.00000000 0.00000000 0.00000000
0.00000000 0.00000000 0.00000000 0.00000000
-64.08462276 -162.19623686 -58.60000000 183.97939593
-60.91469682 -162.95726874 -58.60000000 183.57459444
-57.74477088 -163.71830063 -58.60000000 183.22690994
-54.57484494 -164.47933252 -58.60000000 182.93666807
-64.08462276 -162.19623686 -55.34000000 182.96713837
-60.91469682 -162.95726874 -55.34000000 182.56009237
-57.74477088 -163.71830063 -55.34000000 182.21047205
-54.57484494 -164.47933252 -55.34000000 181.91860852
-41.89514117 -167.52346006 -61.86000000 183.42838419
-45.06506711 -166.76242818 -61.86000000 183.48631373
-48.23499306 -166.00139629 -61.86000000 183.60211798
-51.40491900 -165.24036440 -61.86000000 183.77568752
-41.89514117 -167.52346006 -65.12000000 184.55331730
-45.06506711 -166.76242818 -65.12000000 184.61089384
-48.23499306 -166.00139629 -65.12000000 184.72599310
-51.40491900 -165.24036440 -65.12000000 184.89850763
0.00000000 0.00000000 0.00000000 0.00000000
0.00000000 0.00000000 0.00000000 0.00000000
-54.57484494 -164.47933252 -61.86000000 184.00685891
-57.74477088 -163.71830063 -61.86000000 184.29541537
-60.91469682 -162.95726874 -61.86000000 184.64108786
-64.08462276 -162.19623686 -61.86000000 185.04355629
-54.57484494 -164.47933252 -65.12000000 185.12827695
-57.74477088 -163.71830063 -65.12000000 185.41508818
-60.91469682 -162.95726874 -65.12000000 185.75867712
-64.08462276 -162.19623686 -65.12000000 186.15872938
-51.40491900 -165.24036440 -71.64000000 187.29424264
-48.23499306 -166.00139629 -71.64000000 187.12393680
-45.06506711 -166.76242818 -71.64000000 187.01031342
-41.89514117 -167.52346006 -71.64000000 186.95347583
-51.40491900 -165.24036440 -68.38000000 186.07167470
-48.23499306 -166.00139629 -68.38000000 185.90024886
-45.06506711 -166.76242818 -68.38000000 185.78587709
-41.89514117 -167.52346006 -68.38000000 185.72866479
0.00000000 0.00000000 0.00000000 0.00000000
0.00000000 0.00000000 0.00000000 0.00000000
-64.08462276 -162.19623686 -71.64000000 188.53845158
-60.91469682 -162.95726874 -71.64000000 188.14345943
-57.74477088 -163.71830063 -71.64000000 187.80423351
-54.57484494 -164.47933252 -71.64000000 187.52107648
-64.08462276 -162.19623686 -68.38000000 187.32400413
-60.91469682 -162.95726874 -68.38000000 186.92644576
-57.74477088 -163.71830063 -68.38000000 186.58500724
-54.57484494 -164.47933252 -68.38000000 186.29999711
-41.89514117 -167.52346006 -74.90000000 188.22678482
-45.06506711 -166.76242818 -74.90000000 188.28323804
-48.23499306 -166.00139629 -74.90000000 188.39609371
-51.40491900 -165.24036440 -74.90000000 188.56525058
-41.89514117 -167.52346006 -78.16000000 189.54761440
-45.06506711 -166.76242818 -78.16000000 189.60367434
-48.23499306 -166.00139629 -78.16000000 189.71574454
-51.40491900 -165.24036440 -78.16000000 189.88372580
0.00000000 0.00000000 0.00000000 0.00000000
0.00000000 0.00000000 0.00000000 0.00000000
-54.57484494 -164.47933252 -74.90000000 188.79055730
-57.74477088 -163.71830063 -74.90000000 189.07181314
-60.91469682 -162.95726874 -74.90000000 189.40876887
-64.08462276 -162.19623686 -74.90000000 189.80112783
-54.57484494 -164.47933252 -78.16000000 190.10746993
-57.74477088 -163.71830063 -78.16000000 190.38678033
-60.91469682 -162.95726874 -78.16000000 190.72141286
-64.08462276 -162.19623686 -78.16000000 191.11107693
-29.21543741 -170.56758761 -74.90000000 188.56525058
-32.38536335 -169.80655572 -74.90000000 188.39609371
-35.55528929 -169.04552383 -74.90000000 188.28323804
-38.72521523 -168.28449195 -74.90000000 188.22678482
-29.21543741 -170.56758761 -78.16000000 189.88372580
-32.38536335 -169.80655572 -78.16000000 189.71574454
-35.55528929 -169.04552383 -78.16000000 189.60367434
-38.72521523 -168.28449195 -78.16000000 189.54761440
0.00000000 0.00000000 0.00000000 0.00000000
0.00000000 0.00000000 0.00000000 0.00000000
-16.53573365 -173.61171515 -74.90000000 189.80112783
-19.70565959 -172.85068326 -74.90000000 189.40876887
-22.87558553 -172.08965138 -74.90000000 189.07181314
-26.04551147 -171.32861949 -74.90000000 188.79055730
-16.53573365 -173.61171515 -78.16000000 191.11107693
-19.70565959 -172.85068326 -78.16000000 190.72141286
-22.87558553 -172.08965138 -78.16000000 190.38678033
-26.04551147 -171.32861949 -78.16000000 190.10746993
-38.72521523 -168.28449195 -71.64000000 186.95347583
-35.55528929 -169.04552383 -71.64000000 187.01031342
-32.38536335 -169.80655572 -71.64000000 187.12393680
-29.21543741 -170.56758761 -71.64000000 187.29424264
-38.72521523 -168.28449195 -68.38000000 185.72866479
-35.55528929 -169.04552383 -68.38000000 185.78587709
-32.38536335 -169.80655572 -68.38000000 185.90024886
-29.21543741 -170.56758761 -68.38000000 186.07167470
0.00000000 0.00000000 0.00000000 0.00000000
0.00000000 0.00000000 0.00000000 0.00000000
-26.04551147 -171.32861949 -71.64000000 187.52107648
-22.87558553 -172.08965138 -71.64000000 187.80423351
-19.70565959 -172.85068326 -71.64000000 188.14345943
-16.53573365 -173.61171515 -71.64000000 188.53845158
-26.04551147 -171.32861949 -68.38000000 186.29999711
-22.87558553 -172.08965138 -68.38000000 186.58500724
-19.70565959 -172.85068326 -68.38000000 186.92644576
-16.53573365 -173.61171515 -68.38000000 187.32400413
-29.21543741 -170.56758761 -61.86000000 183.77568752
-32.38536335 -169.80655572 -61.86000000 183.60211798
-35.55528929 -169.04552383 -61.86000000 183.48631373
-38.72521523 -168.28449195 -61.86000000 183.42838419
-29.21543741 -170.56758761 -65.12000000 184.89850763
-32.38536335 -169.80655572 -65.12000000 184.72599310
-35.55528929 -169.04552383 -65.12000000 184.61089384
-38.72521523 -168.28449195 -65.12000000 184.55331730
0.00000000 0.00000000 0.00000000 0.00000000
0.00000000 0.00000000 0.00000000 0.00000000
-16.53573365 -173.61171515 -61.86000000 185.04355629
-19.70565959 -172.85068326 -61.86000000 184.64108786
-22.87558553 -172.08965138 -61.86000000 184.29541537
-26.04551147 -171.32861949 -61.86000000 184.00685891
-16.53573365 -173.61171515 -65.12000000 186.15872938
-19.70565959 -172.85068326 -65.12000000 185.75867712
-22.87558553 -172.08965138 -65.12000000 185.41508818
-26.04551147 -171.32861949 -65.12000000 185.12827695
-38.72521523 -168.28449195 -58.60000000 182.35479847
-35.55528929 -169.04552383 -58.60000000 182.41306895
-32.38536335 -169.80655572 -58.60000000 182.52955411
-29.21543741 -170.56758761 -58.60000000 182.70414260
-38.72521523 -168.28449195 -55.34000000 181.33347216
-35.55528929 -169.04552383 -55.34000000 181.39207073
-32.38536335 -169.80655572 -55.34000000 181.50921113
-29.21543741 -170.56758761 -55.34000000 181.68478011
0.00000000 0.00000000 0.00000000 0.00000000
0.00000000 0.00000000 0.00000000 0.00000000
-26.04551147 -171.32861949 -58.60000000 182.93666807
-22.87558553 -172.08965138 -58.60000000 183.22690994
-19.70565959 -172.85068326 -58.60000000 183.57459444
-16.53573365 -173.61171515 -58.60000000 183.97939593
-26.04551147 -171.32861949 -55.34000000 181.91860852
-22.87558553 -172.08965138 -55.34000000 182.21047205
-19.70565959 -172.85068326 -55.34000000 182.56009237
-16.53573365 -173.61171515 -55.34000000 182.96713837
-51.40491900 -165.24036440 -31.90000000 175.96719503
-48.23499306 -166.00139629 -31.90000000 175.78591560
-45.06506711 -166.76242818 -31.90000000 175.66495873
-41.89514117 -167.52346006 -31.90000000 175.60444905
-51.40491900 -165.24036440 -28.64000000 175.40551110
-48.23499306 -166.00139629 -28.64000000 175.22365059
-45.06506711 -166.76242818 -28.64000000 175.10230531
-41.89514117 -167.52346006 -28.64000000 175.04160113
0.00000000 0.00000000 0.00000000 0.00000000
0.00000000 0.00000000 0.00000000 0.00000000
-64.08462276 -162.19623686 -31.90000000 177.29091383
-60.91469682 -162.95726874 -31.90000000 176.87080518
-57.74477088 -163.71830063 -31.90000000 176.50991622
-54.57484494 -164.47933252 -31.90000000 176.20861081
-64.08462276 -162.19623686 -28.64000000 176.73343692
-60.91469682 -162.95726874 -28.64000000 176.31199995
-57.74477088 -163.71830063 -28.64000000 175.94996483
-54.57484494 -164.47933252 -28.64000000 175.64769889
-41.89514117 -167.52346006 -35.16000000 176.22581572
-45.06506711 -166.76242818 -35.16000000 176.28611212
-48.23499306 -166.00139629 -35.16000000 176.40664309
-51.40491900 -165.24036440 -35.16000000 176.58728529
-41.89514117 -167.52346006 -38.42000000 176.90508451
-45.06506711 -166.76242818 -38.42000000 176.96514946
-48.23499306 -166.00139629 -38.42000000 177.08521826
-51.40491900 -165.24036440 -38.42000000 177.26516896
0.00000000 0.00000000 0.00000000 0.00000000
0.00000000 0.00000000 0.00000000 0.00000000
-54.57484494 -164.47933252 -35.16000000 176.82785449
-57.74477088 -163.71830063 -35.16000000 177.12810654
-60.91469682 -162.95726874 -35.16000000 177.48773852
-64.08462276 -162.19623686 -35.16000000 177.90639034
-54.57484494 -164.47933252 -38.42000000 177.50481944
-57.74477088 -163.71830063 -38.42000000 177.80392832
-60.91469682 -162.95726874 -38.42000000 178.16219612
-64.08462276 -162.19623686 -38.42000000 178.57926678
-51.40491900 -165.24036440 -44.94000000 178.79163103
-48.23499306 -166.00139629 -44.94000000 178.61321823
-45.06506711 -166.76242818 -44.94000000 178.49417729
-41.89514117 -167.52346006 -44.94000000 178.43462703
-51.40491900 -165.24036440 -41.68000000 178.00018574
-48.23499306 -166.00139629 -41.68000000 177.82097887
-45.06506711 -166.76242818 -41.68000000 177.70140721
-41.89514117 -167.52346006 -41.68000000 177.64159120
0.00000000 0.00000000 0.00000000 0.00000000
0.00000000 0.00000000 0.00000000 0.00000000
-64.08462276 -162.19623686 -44.94000000 180.09459105
-60.91469682 -162.95726874 -44.94000000 179.68103774
-57.74477088 -163.71830063 -44.94000000 179.32580440
-54.57484494 -164.47933252 -44.94000000 179.02923818
-64.08462276 -162.19623686 -41.68000000 179.30889695
-60.91469682 -162.95726874 -41.68000000 178.89352734
-57.74477088 -163.71830063 -41.68000000 178.53672710
-54.57484494 -164.47933252 -41.68000000 178.23884797
-41.89514117 -167.52346006 -48.20000000 179.28344186
-45.06506711 -166.76242818 -48.20000000 179.34271026
-48.23499306 -166.00139629 -48.20000000 179.46118835
-51.40491900 -165.24036440 -48.20000000 179.63875897
-41.89514117 -167.52346006 -51.46000000 180.18724740
-45.06506711 -166.76242818 -51.46000000 180.24621861
-48.23499306 -166.00139629 -51.46000000 180.36410321
-51.40491900 -165.24036440 -51.46000000 180.54078577
0.00000000 0.00000000 0.00000000 0.00000000
0.00000000 0.00000000 0.00000000 0.00000000
-54.57484494 -164.47933252 -48.20000000 179.87524712
-57.74477088 -163.71830063 -48.20000000 180.17042078
-60.91469682 -162.95726874 -48.20000000 180.52399210
-64.08462276 -162.19623686 -48.20000000 180.93561873
-54.57484494 -164.47933252 -51.46000000 180.77609390
-57.74477088 -163.71830063 -51.46000000 181.06979904
-60.91469682 -162.95726874 -51.46000000 181.42161758
-64.08462276 -162.19623686 -51.46000000 181.83121219
-29.21543741 -170.56758761 -48.20000000 179.63875897
-32.38536335 -169.80655572 -48.20000000 179.46118835
-35.55528929 -169.04552383 -48.20000000 179.34271026
-38.72521523 -168.28449195 -48.20000000 179.28344186
-29.21543741 -170.56758761 -51.46000000 180.54078577
-32.38536335 -169.80655572 -51.46000000 180.36410321
-35.55528929 -169.04552383 -51.46000000 180.24621861
-38.72521523 -168.28449195 -51.46000000 180.18724740
0.00000000 0.00000000 0.00000000 0.00000000
0.00000000 0.00000000 0.00000000 0.00000000
-16.53573365 -173.61171515 -48.20000000 180.93561873
-19.70565959 -172.85068326 -48.20000000 180.52399210
-22.87558553 -172.08965138 -48.20000000 180.17042078
-26.04551147 -171.32861949 -48.20000000 179.87524712
-16.53573365 -173.61171515 -51.46000000 181.83121219
-19.70565959 -172.85068326 -51.46000000 181.42161758
-22.87558553 -172.08965138 -51.46000000 181.06979904
-26.04551147 -171.32861949 -51.46000000 180.77609390
-38.72521523 -168.28449195 -44.94000000 178.43462703
-35.55528929 -169.04552383 -44.94000000 178.49417729
-32.38536335 -169.80655572 -44.94000000 178.61321823
-29.21543741 -170.56758761 -44.94000000 178.79163103
-38.72521523 -168.28449195 -41.68000000 177.64159120
-35.55528929 -169.04552383 -41.68000000 177.70140721
-32.38536335 -169.80655572 -41.68000000 177.82097887
-29.21543741 -170.56758761 -41.68000000 178.00018574
0.00000000 0.00000000 0.00000000 0.00000000
0.00000000 0.00000000 0.00000000 0.00000000
-26.04551147 -171.32861949 -44.94000000 179.02923818
-22.87558553 -172.08965138 -44.94000000 179.32580440
-19.70565959 -172.85068326 -44.94000000 179.68103774
-16.53573365 -173.61171515 -44.94000000 180.09459105
-26.04551147 -171.32861949 -41.68000000 178.23884797
-22.87558553 -172.08965138 -41.68000000 178.53672710
-19.70565959 -172.85068326 -41.68000000 178.89352734
-16.53573365 -173.61171515 -41.68000000 179.30889695
-29.21543741 -170.56758761 -35.16000000 176.58728529
-32.38536335 -169.80655572 -35.16000000 176.40664309
-35.55528929 -169.04552383 -35.16000000 176.28611212
-38.72521523 -168.28449195 -35.16000000 176.22581572
-29.21543741 -170.56758761 -38.42000000 177.26516896
-32.38536335 -169.80655572 -38.42000000 177.08521826
-35.55528929 -169.04552383 -38.42000000 176.96514946
-38.72521523 -168.28449195 -38.42000000 176.90508451
0.00000000 0.00000000 0.00000000 0.00000000
0.00000000 0.00000000 0.00000000 0.00000000
-16.53573365 -173.61171515 -35.16000000 177.90639034
-19.70565959 -172.85068326 -35.16000000 177.48773852
-22.87558553 -172.08965138 -35.16000000 177.12810654
-26.04551147 -171.32861949 -35.16000000 176.82785449
-16.53573365 -173.61171515 -38.42000000 178.57926678
-19.70565959 -172.85068326 -38.42000000 178.16219612
-22.87558553 -172.08965138 -38.42000000 177.80392832
-26.04551147 -171.32861949 -38.42000000 177.50481944
-38.72521523 -168.28449195 -31.90000000 175.60444905
-35.55528929 -169.04552383 -31.90000000 175.66495873
-32.38536335 -169.80655572 -31.90000000 175.78591560
-29.21543741 -170.56758761 -31.90000000 175.96719503
-38.72521523 -168.28449195 -28.64000000 175.04160113
-35.55528929 -169.04552383 -28.64000000 175.10230531
-32.38536335 -169.80655572 -28.64000000 175.22365059
-29.21543741 -170.56758761 -28.64000000 175.40551110
0.00000000 0.00000000 0.00000000 0.00000000
0.00000000 0.00000000 0.00000000 0.00000000
-26.04551147 -171.32861949 -31.90000000 176.20861081
-22.87558553 -172.08965138 -31.90000000 176.50991622
-19.70565959 -172.85068326 -31.90000000 176.87080518
-16.53573365 -173.61171515 -31.90000000 177.29091383
-26.04551147 -171.32861949 -28.64000000 175.64769889
-22.87558553 -172.08965138 -28.64000000 175.94996483
-19.70565959 -172.85068326 -28.64000000 176.31199995
-16.53573365 -173.61171515 -28.64000000 176.73343692
-51.40491900 -165.24036440 -5.20000000 173.12967315
-48.23499306 -166.00139629 -5.20000000 172.94541950
-45.06506711 -166.76242818 -5.20000000 172.82247459
-41.89514117 -167.52346006 -5.20000000 172.76096933
-51.40491900 -165.24036440 -1.94000000 173.06243765
-48.23499306 -166.00139629 -1.94000000 172.87811234
-45.06506711 -166.76242818 -1.94000000 172.75511953
-41.89514117 -167.52346006 -1.94000000 172.69359028
0.00000000 0.00000000 0.00000000 0.00000000
0.00000000 0.00000000 0.00000000 0.00000000
-64.08462276 -162.19623686 -5.20000000 174.47492119
-60.91469682 -162.95726874 -5.20000000 174.04801557
-57.74477088 -163.71830063 -5.20000000 173.68126129
-54.57484494 -164.47933252 -5.20000000 173.37504009
-64.08462276 -162.19623686 -1.94000000 174.40820429
-60.91469682 -162.95726874 -1.94000000 173.98113497
-57.74477088 -163.71830063 -1.94000000 173.61423941
-54.57484494 -164.47933252 -1.94000000 173.30789978
-41.89514117 -167.52346006 -8.46000000 172.88980342
-45.06506711 -166.76242818 -8.46000000 172.95126286
-48.23499306 -166.00139629 -8.46000000 173.07411628
-51.40491900 -165.24036440 -8.46000000 173.25823307
-41.89514117 -167.52346006 -11.72000000 173.07995530
-45.06506711 -166.76242818 -11.72000000 173.14134724
-48.23499306 -166.00139629 -11.72000000 173.26406588
-51.40491900 -165.24036440 -11.72000000 173.44798103
0.00000000 0.00000000 0.00000000 0.00000000
0.00000000 0.00000000 0.00000000 0.00000000
-54.57484494 -164.47933252 -8.46000000 173.50341819
-57.74477088 -163.71830063 -8.46000000 173.80941322
-60.91469682 -162.95726874 -8.46000000 174.17589766
-64.08462276 -162.19623686 -8.46000000 174.60249060
-54.57484494 -164.47933252 -11.72000000 173.69289831
-57.74477088 -163.71830063 -11.72000000 173.99856012
-60.91469682 -162.95726874 -11.72000000 174.36464700
-64.08462276 -162.19623686 -11.72000000 174.79077929
-51.40491900 -165.24036440 -18.24000000 174.01017592
-48.23499306 -166.00139629 -18.24000000 173.82685559
-45.06506711 -166.76242818 -18.24000000 173.70453456
-41.89514117 -167.52346006 -18.24000000 173.64334172
-51.40491900 -165.24036440 -14.98000000 173.69871653
-48.23499306 -166.00139629 -14.98000000 173.51506714
-45.06506711 -166.76242818 -14.98000000 173.39252615
-41.89514117 -167.52346006 -14.98000000 173.33122317
0.00000000 0.00000000 0.00000000 0.00000000
0.00000000 0.00000000 0.00000000 0.00000000
-64.08462276 -162.19623686 -18.24000000 175.34866901
-60.91469682 -162.95726874 -18.24000000 174.92389581
-57.74477088 -163.71830063 -18.24000000 174.55898179
-54.57484494 -164.47933252 -18.24000000 174.25430303
-64.08462276 -162.19623686 -14.98000000 175.03959131
-60.91469682 -162.95726874 -14.98000000 174.61406623
-57.74477088 -163.71830063 -14.98000000 174.24850337
-54.57484494 -164.47933252 -14.98000000 173.94328077
-41.89514117 -167.52346006 -21.50000000 174.01598353
-45.06506711 -166.76242818 -21.50000000 174.07704537
-48.23499306 -166.00139629 -21.50000000 174.19910483
-51.40491900 -165.24036440 -21.50000000 174.38203384
-41.89514117 -167.52346006 -24.76000000 174.44876074
-45.06506711 -166.76242818 -24.76000000 174.50967115
-48.23499306 -166.00139629 -24.76000000 174.63142823
-51.40491900 -165.24036440 -24.76000000 174.81390484
0.00000000 0.00000000 0.00000000 0.00000000
0.00000000 0.00000000 0.00000000 0.00000000
-54.57484494 -164.47933252 -21.50000000 174.62564109
-57.74477088 -163.71830063 -21.50000000 174.92967308
-60.91469682 -162.95726874 -21.50000000 175.29381542
-64.08462276 -162.19623686 -21.50000000 175.71769440
-54.57484494 -164.47933252 -24.76000000 175.05691110
-57.74477088 -163.71830063 -24.76000000 175.36019538
-60.91469682 -162.95726874 -24.76000000 175.72344558
-64.08462276 -162.19623686 -24.76000000 176.14629069
-29.21543741 -170.56758761 -21.50000000 174.38203384
-32.38536335 -169.80655572 -21.50000000 174.19910483
-35.55528929 -169.04552383 -21.50000000 174.07704537
-38.72521523 -168.28449195 -21.50000000 174.01598353
-29.21543741 -170.56758761 -24.76000000 174.81390484
-32.38536335 -169.80655572 -24.76000000 174.63142823
-35.55528929 -169.04552383 -24.76000000 174.50967115
-38.72521523 -168.28449195 -24.76000000 174.44876074
0.00000000 0.00000000 0.00000000 0.00000000
0.00000000 0.00000000 0.00000000 0.00000000
-16.53573365 -173.61171515 -21.50000000 175.71769440
-19.70565959 -172.85068326 -21.50000000 175.29381542
-22.87558553 -172.08965138 -21.50000000 174.92967308
-26.04551147 -171.32861949 -21.50000000 174.62564109
-16.53573365 -173.61171515 -24.76000000 176.14629069
-19.70565959 -172.85068326 -24.76000000 175.72344558
-22.87558553 -172.08965138 -24.76000000 175.36019538
-26.04551147 -171.32861949 -24.76000000 175.05691110
-38.72521523 -168.28449195 -18.24000000 173.64334172
-35.55528929 -169.04552383 -18.24000000 173.70453456
-32.38536335 -169.80655572 -18.24000000 173.82685559
-29.21543741 -170.56758761 -18.24000000 174.01017592
-38.72521523 -168.28449195 -14.98000000 173.33122317
-35.55528929 -169.04552383 -14.98000000 173.39252615
-32.38536335 -169.80655572 -14.98000000 173.51506714
-29.21543741 -170.56758761 -14.98000000 173.69871653
0.00000000 0.00000000 0.00000000 0.00000000
0.00000000 0.00000000 0.00000000 0.00000000
-26.04551147 -171.32861949 -18.24000000 174.25430303
-22.87558553 -172.08965138 -18.24000000 174.55898179
-19.70565959 -172.85068326 -18.24000000 174.92389581
-16.53573365 -173.61171515 -18.24000000 175.34866901
-26.04551147 -171.32861949 -14.98000000 173.94328077
-22.87558553 -172.08965138 -14.98000000 174.24850337
-19.70565959 -172.85068326 -14.98000000 174.61406623
-16.53573365 -173.61171515 -14.98000000 175.03959131
-29.21543741 -170.56758761 -8.46000000 173.25823307
-32.38536335 -169.80655572 -8.46000000 173.07411628
-35.55528929 -169.04552383 -8.46000000 172.95126286
-38.72521523 -168.28449195 -8.46000000 172.88980342
-29.21543741 -170.56758761 -11.72000000 173.44798103
-32.38536335 -169.80655572 -11.72000000 173.26406588
-35.55528929 -169.04552383 -11.72000000 173.14134724
-38.72521523 -168.28449195 -11.72000000 173.07995530
0.00000000 0.00000000 0.00000000 0.00000000
0.00000000 0.00000000 0.00000000 0.00000000
-16.53573365 -173.61171515 -8.46000000 174.60249060
-19.70565959 -172.85068326 -8.46000000 174.17589766
-22.87558553 -172.08965138 -8.46000000 173.80941322
-26.04551147 -171.32861949 -8.46000000 173.50341819
-16.53573365 -173.61171515 -11.72000000 174.79077929
-19.70565959 -172.85068326 -11.72000000 174.36464700
-22.87558553 -172.08965138 -11.72000000 173.99856012
-26.04551147 -171.32861949 -11.72000000 173.69289831
-38.72521523 -168.28449195 -5.20000000 172.76096933
-35.55528929 -169.04552383 -5.20000000 172.82247459
-32.38536335 -169.80655572 -5.20000000 172.94541950
-29.21543741 -170.56758761 -5.20000000 173.12967315
-38.72521523 -168.28449195 -1.94000000 172.69359028
-35.55528929 -169.04552383 -1.94000000 172.75511953
-32.38536335 -169.80655572 -1.94000000 172.87811234
-29.21543741 -170.56758761 -1.94000000 173.06243765
0.00000000 0.00000000 0.00000000 0.00000000
0.00000000 0.00000000 0.00000000 0.00000000
-26.04551147 -171.32861949 -5.20000000 173.37504009
-22.87558553 -172.08965138 -5.20000000 173.68126129
-19.70565959 -172.85068326 -5.20000000 174.04801557
-16.53573365 -173.61171515 -5.20000000 174.47492119
-26.04551147 -171.32861949 -1.94000000 173.30789978
-22.87558553 -172.08965138 -1.94000000 173.61423941
-19.70565959 -172.85068326 -1.94000000 173.98113497
-16.53573365 -173.61171515 -1.94000000 174.40820429
-51.40491900 -165.24036440 21.50000000 174.38203384
-48.23499306 -166.00139629 21.50000000 174.19910483
-45.06506711 -166.76242818 21.50000000 174.07704537
-41.89514117 -167.52346006 21.50000000 174.01598353
-51.40491900 -165.24036440 24.76000000 174.81390484
-48.23499306 -166.00139629 24.76000000 174.63142823
-45.06506711 -166.76242818 24.76000000 174.50967115
-41.89514117 -167.52346006 24.76000000 174.44876074
0.00000000 0.00000000 0.00000000 0.00000000
0.00000000 0.00000000 0.00000000 0.00000000
-64.08462276 -162.19623686 21.50000000 175.71769440
-60.91469682 -162.95726874 21.50000000 175.29381542
-57.74477088 -163.71830063 21.50000000 174.92967308
-54.57484494 -164.47933252 21.50000000 174.62564109
-64.08462276 -162.19623686 24.76000000 176.14629069
-60.91469682 -162.95726874 24.76000000 175.72344558
-57.74477088 -163.71830063 24.76000000 175.36019538
-54.57484494 -164.47933252 24.76000000 175.05691110
-41.89514117 -167.52346006 18.24000000 173.64334172
-45.06506711 -166.76242818 18.24000000 173.70453456
-48.23499306 -166.00139629 18.24000000 173.82685559
-51.40491900 -165.24036440 18.24000000 174.01017592
-41.89514117 -167.52346006 14.98000000 173.33122317
-45.06506711 -166.76242818 14.98000000 173.39252615
-48.23499306 -166.00139629 14.98000000 173.51506714
-51.40491900 -165.24036440 14.98000000 173.69871653
0.00000000 0.00000000 0.00000000 0.00000000
0.00000000 0.00000000 0.00000000 0.00000000
-54.57484494 -164.47933252 18.24000000 174.25430303
-57.74477088 -163.71830063 18.24000000 174.55898179
-60.91469682 -162.95726874 18.24000000 174.92389581
-64.08462276 -162.19623686 18.24000000 175.34866901
-54.57484494 -164.47933252 14.98000000 173.94328077
-57.74477088 -163.71830063 14.98000000 174.24850337
-60.91469682 -162.95726874 14.98000000 174.61406623
-64.08462276 -162.19623686 14.98000000 175.03959131
-51.40491900 -165.24036440 8.46000000 173.25823307
-48.23499306 -166.00139629 8.46000000 173.07411628
-45.06506711 -166.76242818 8.46000000 172.95126286
-41.89514117 -167.52346006 8.46000000 172.88980342
-51.40491900 -165.24036440 11.72000000 173.44798103
-48.23499306 -166.00139629 11.72000000 173.26406588
-45.06506711 -166.76242818 11.72000000 173.14134724
-41.89514117 -167.52346006 11.72000000 173.07995530
0.00000000 0.00000000 0.00000000 0.00000000
0.00000000 0.00000000 0.00000000 0.00000000
-64.08462276 -162.19623686 8.46000000 174.60249060
-60.91469682 -162.95726874 8.46000000 174.17589766
-57.74477088 -163.71830063 8.46000000 173.80941322
-54.57484494 -164.47933252 8.46000000 173.50341819
-64.08462276 -162.19623686 11.72000000 174.79077929
-60.91469682 -162.95726874 11.72000000 174.36464700
-57.74477088 -163.71830063 11.72000000 173.99856012
-54.57484494 -164.47933252 11.72000000 173.69289831
-41.89514117 -167.52346006 5.20000000 172.76096933
-45.06506711 -166.76242818 5.20000000 172.82247459
-48.23499306 -166.00139629 5.20000000 172.94541950
-51.40491900 -165.24036440 5.20000000 173.12967315
-41.89514117 -167.52346006 1.94000000 172.69359028
-45.06506711 -166.76242818 1.94000000 172.75511953
-48.23499306 -166.00139629 1.94000000 172.87811234
-51.40491900 -165.24036440 1.94000000 173.06243765
0.00000000 0.00000000 0.00000000 0.00000000
0.00000000 0.00000000 0.00000000 0.00000000
-54.57484494 -164.47933252 5.20000000 173.37504009
-57.74477088 -163.71830063 5.20000000 173.68126129
-60.91469682 -162.95726874 5.20000000 174.04801557
-64.08462276 -162.19623686 5.20000000 174.47492119
-54.57484494 -164.47933252 1.94000000 173.30789978
-57.74477088 -163.71830063 1.94000000 173.61423941
-60.91469682 -162.95726874 1.94000000 173.98113497
-64.08462276 -162.19623686 1.94000000 174.40820429
-29.21543741 -170.56758761 5.20000000 173.12967315
-32.38536335 -169.80655572 5.20000000 172.94541950
-35.55528929 -169.04552383 5.20000000 172.82247459
-38.72521523 -168.28449195 5.20000000 172.76096933
-29.21543741 -170.56758761 1.94000000 173.06243765
-32.38536335 -169.80655572 1.94000000 172.87811234
-35.55528929 -169.04552383 1.94000000 172.75511953
-38.72521523 -168.28449195 1.94000000 172.69359028
0.00000000 0.00000000 0.00000000 0.00000000
0.00000000 0.00000000 0.00000000 0.00000000
-16.53573365 -173.61171515 5.20000000 174.47492119
-19.70565959 -172.85068326 5.20000000 174.04801557
-22.87558553 -172.08965138 5.20000000 173.68126129
-26.04551147 -171.32861949 5.20000000 173.37504009
-16.53573365 -173.61171515 1.94000000 174.40820429
-19.70565959 -172.85068326 1.94000000 173.98113497
-22.87558553 -172.08965138 1.94000000 173.61423941
-26.04551147 -171.32861949 1.94000000 173.30789978
-38.72521523 -168.28449195 8.46000000 172.88980342
-35.55528929 -169.04552383 8.46000000 172.95126286
-32.38536335 -169.80655572 8.46000000 173.07411628
-29.21543741 -170.56758761 8.46000000 173.25823307
-38.72521523 -168.28449195 11.72000000 173.07995530
-35.55528929 -169.04552383 11.72000000 173.14134724
-32.38536335 -169.80655572 11.72000000 173.26406588
-29.21543741 -170.56758761 11.72000000 173.44798103
0.00000000 0.00000000 0.00000000 0.00000000
0.00000000 0.00000000 0.00000000 0.00000000
-26.04551147 -171.32861949 8.46000000 173.50341819
-22.87558553 -172.08965138 8.46000000 173.80941322
-19.70565959 -172.85068326 8.46000000 174.17589766
-16.53573365 -173.61171515 8.46000000 174.60249060
-26.04551147 -171.32861949 11.72000000 173.69289831
-22.87558553 -172.08965138 11.72000000 173.99856012
-19.70565959 -172.85068326 11.72000000 174.36464700
-16.53573365 -173.61171515 11.72000000 174.79077929
-29.21543741 -170.56758761 18.24000000 174.01017592
-32.38536335 -169.80655572 18.24000000 173.82685559
-35.55528929 -169.04552383 18.24000000 173.70453456
-38.72521523 -168.28449195 18.24000000 173.64334172
-29.21543741 -170.56758761 14.98000000 173.69871653
-32.38536335 -169.80655572 14.98000000 173.51506714
-35.55528929 -169.04552383 14.98000000 173.39252615
-38.72521523 -168.28449195 14.98000000 173.33122317
0.00000000 0.00000000 0.00000000 0.00000000
0.00000000 0.00000000 0.00000000 0.00000000
-16.53573365 -173.61171515 18.24000000 175.34866901
-19.70565959 -172.85068326 18.24000000 174.92389581
-22.87558553 -172.08965138 18.24000000 174.55898179
-26.04551147 -171.32861949 18.24000000 174.25430303
-16.53573365 -173.61171515 14.98000000 175.03959131
-19.70565959 -172.85068326 14.98000000 174.61406623
-22.87558553 -172.08965138 14.98000000 174.24850337
-26.04551147 -171.32861949 14.98000000 173.94328077
-38.72521523 -168.28449195 21.50000000 174.01598353
-35.55528929 -169.04552383 21.50000000 174.07704537
-32.38536335 -169.80655572 21.50000000 174.19910483
-29.21543741 -170.56758761 21.50000000 174.38203384
-38.72521523 -168.28449195 24.76000000 174.44876074
-35.55528929 -169.04552383 24.76000000 174.50967115
-32.38536335 -169.80655572 24.76000000 174.63142823
-29.21543741 -170.56758761 24.76000000 174.81390484
0.00000000 0.00000000 0.00000000 0.00000000
0.00000000 0.00000000 0.00000000 0.00000000
-26.04551147 -171.32861949 21.50000000 174.62564109
-22.87558553 -172.08965138 21.50000000 174.92967308
-19.70565959 -172.85068326 21.50000000 175.29381542
-16.53573365 -173.61171515 21.50000000 175.71769440
-26.04551147 -171.32861949 24.76000000 175.05691110
-22.87558553 -172.08965138 24.76000000 175.36019538
-19.70565959 -172.85068326 24.76000000 175.72344558
-16.53573365 -173.61171515 24.76000000 176.14629069
-51.40491900 -165.24036440 48.20000000 179.63875897
-48.23499306 -166.00139629 48.20000000 179.46118835
-45.06506711 -166.76242818 48.20000000 179.34271026
-41.89514117 -167.52346006 48.20000000 179.28344186
-51.40491900 -165.24036440 51.46000000 180.54078577
-48.23499306 -166.00139629 51.46000000 180.36410321
-45.06506711 -166.76242818 51.46000000 180.24621861
-41.89514117 -167.52346006 51.46000000 180.18724740
0.00000000 0.00000000 0.00000000 0.00000000
0.00000000 0.00000000 0.00000000 0.00000000
-64.08462276 -162.19623686 48.20000000 180.93561873
-60.91469682 -162.95726874 48.20000000 180.52399210
-57.74477088 -163.71830063 48.20000000 180.17042078
-54.57484494 -164.47933252 48.20000000 179.87524712
-64.08462276 -162.19623686 51.46000000 181.83121219
-60.91469682 -162.95726874 51.46000000 181.42161758
-57.74477088 -163.71830063 51.46000000 181.06979904
-54.57484494 -164.47933252 51.46000000 180.77609390
-41.89514117 -167.52346006 44.94000000 178.43462703
-45.06506711 -166.76242818 44.94000000 178.49417729
-48.23499306 -166.00139629 44.94000000 178.61321823
-51.40491900 -165.24036440 44.94000000 178.79163103
-41.89514117 -167.52346006 41.68000000 177.64159120
-45.06506711 -166.76242818 41.68000000 177.70140721
-48.23499306 -166.00139629 41.68000000 177.82097887
-51.40491900 -165.24036440 41.68000000 178.00018574
0.00000000 0.00000000 0.00000000 0.00000000
0.00000000 0.00000000 0.00000000 0.00000000
-54.57484494 -164.47933252 44.94000000 179.02923818
-57.74477088 -163.71830063 44.94000000 179.32580440
-60.91469682 -162.95726874 44.94000000 179.68103774
-64.08462276 -162.19623686 44.94000000 180.09459105
-54.57484494 -164.47933252 41.68000000 178.23884797
-57.74477088 -163.71830063 41.68000000 178.53672710
-60.91469682 -162.95726874 41.68000000 178.89352734
-64.08462276 -162.19623686 41.68000000 179.30889695
-51.40491900 -165.24036440 35.16000000 176.58728529
-48.23499306 -166.00139629 35.16000000 176.40664309
-45.06506711 -166.76242818 35.16000000 176.28611212
-41.89514117 -167.52346006 35.16000000 176.22581572
-51.40491900 -165.24036440 38.42000000 177.26516896
-48.23499306 -166.00139629 38.42000000 177.08521826
-45.06506711 -166.76242818 38.42000000 176.96514946
-41.89514117 -167.52346006 38.42000000 176.90508451
0.00000000 0.00000000 0.00000000 0.00000000
0.00000000 0.00000000 0.00000000 0.00000000
-64.08462276 -162.19623686 35.16000000 177.90639034
-60.91469682 -162.95726874 35.16000000 177.48773852
-57.74477088 -163.71830063 35.16000000 177.12810654
-54.57484494 -164.47933252 35.16000000 176.82785449
-64.08462276 -162.19623686 38.42000000 178.57926678
-60.91469682 -162.95726874 38.42000000 178.16219612
-57.74477088 -163.71830063 38.42000000 177.80392832
-54.57484494 -164.47933252 38.42000000 177.50481944
-41.89514117 -167.52346006 31.90000000 175.60444905
-45.06506711 -166.76242818 31.90000000 175.66495873
-48.23499306 -166.00139629 31.90000000 175.78591560
-51.40491900 -165.24036440 31.90000000 175.96719503
-41.89514117 -167.52346006 28.64000000 175.04160113
-45.06506711 -166.76242818 28.64000000 175.10230531
-48.23499306 -166.00139629 28.64000000 175.22365059
-51.40491900 -165.24036440 28.64000000 175.40551110
0.00000000 0.00000000 0.00000000 0.00000000
0.00000000 0.00000000 0.00000000 0.00000000
-54.57484494 -164.47933252 31.90000000 176.20861081
-57.74477088 -163.71830063 31.90000000 176.50991622
-60.91469682 -162.95726874 31.90000000 176.87080518
-64.08462276 -162.19623686 31.90000000 177.29091383
-54.57484494 -164.47933252 28.64000000 175.64769889
-57.74477088 -163.71830063 28.64000000 175.94996483
-60.91469682 -162.95726874 28.64000000 176.31199995
-64.08462276 -162.19623686 28.64000000 176.73343692
-29.21543741 -170.56758761 31.90000000 175.96719503
-32.38536335 -169.80655572 31.90000000 175.78591560
-35.55528929 -169.04552383 31.90000000 175.66495873
-38.72521523 -168.28449195 31.90000000 175.60444905
-29.21543741 -170.56758761 28.64000000 175.40551110
-32.38536335 -169.80655572 28.64000000 175.22365059
-35.55528929 -169.04552383 28.64000000 175.10230531
-38.72521523 -168.28449195 28.64000000 175.04160113
0.00000000 0.00000000 0.00000000 0.00000000
0.00000000 0.00000000 0.00000000 0.00000000
-16.53573365 -173.61171515 31.90000000 177.29091383
-19.70565959 -172.85068326 31.90000000 176.87080518
-22.87558553 -172.08965138 31.90000000 176.50991622
-26.04551147 -171.32861949 31.90000000 176.20861081
-16.53573365 -173.61171515 28.64000000 176.73343692
-19.70565959 -172.85068326 28.64000000 176.31199995
-22.87558553 -172.08965138 28.64000000 175.94996483
-26.04551147 -171.32861949 28.64000000 175.64769889
-38.72521523 -168.28449195 35.16000000 176.22581572
-35.55528929 -169.04552383 35.16000000 176.28611212
-32.38536335 -169.80655572 35.16000000 176.40664309
-29.21543741 -170.56758761 35.16000000 176.58728529
-38.72521523 -168.28449195 38.42000000 176.90508451
-35.55528929 -169.04552383 38.42000000 176.96514946
-32.38536335 -169.80655572 38.42000000 177.08521826
-29.21543741 -170.56758761 38.42000000 177.26516896
0.00000000 0.00000000 0.00000000 0.00000000
0.00000000 0.00000000 0.00000000 0.00000000
-26.04551147 -171.32861949 35.16000000 176.82785449
-22.87558553 -172.08965138 35.16000000 177.12810654
-19.70565959 -172.85068326 35.16000000 177.48773852
-16.53573365 -173.61171515 35.16000000 177.90639034
-26.04551147 -171.32861949 38.42000000 177.50481944
-22.87558553 -172.08965138 38.42000000 177.80392832
-19.70565959 -172.85068326 38.42000000 178.16219612
-16.53573365 -173.61171515 38.42000000 178.57926678
-29.21543741 -170.56758761 44.94000000 178.79163103
-32.38536335 -169.80655572 44.94000000 178.61321823
-35.55528929 -169.04552383 44.94000000 178.49417729
-38.72521523 -168.28449195 44.94000000 178.43462703
-29.21543741 -170.56758761 41.68000000 178.00018574
-32.38536335 -169.80655572 41.68000000 177.82097887
-35.55528929 -169.04552383 41.68000000 177.70140721
-38.72521523 -168.28449195 41.68000000 177.64159120
0.00000000 0.00000000 0.00000000 0.00000000
0.00000000 0.00000000 0.00000000 0.00000000
-16.53573365 -173.61171515 44.94000000 180.09459105
-19.70565959 -172.85068326 44.94000000 179.68103774
-22.87558553 -172.08965138 44.94000000 179.32580440
-26.04551147 -171.32861949 44.94000000 179.02923818
-16.53573365 -173.61171515 41.68000000 179.30889695
-19.70565959 -172.85068326 41.68000000 178.89352734
-22.87558553 -172.08965138 41.68000000 178.53672710
-26.04551147 -171.32861949 41.68000000 178.23884797
-38.72521523 -168.28449195 48.20000000 179.28344186
-35.55528929 -169.04552383 48.20000000 179.34271026
-32.38536335 -169.80655572 48.20000000 179.46118835
-29.21543741 -170.56758761 48.20000000 179.63875897
-38.72521523 -168.28449195 51.46000000 180.18724740
-35.55528929 -169.04552383 51.46000000 180.24621861
-32.38536335 -169.80655572 51.46000000 180.36410321
-29.21543741 -170.56758761 51.46000000 180.54078577
0.00000000 0.00000000 0.00000000 0.00000000
0.00000000 0.00000000 0.00000000 0.00000000
-26.04551147 -171.32861949 48.20000000 179.87524712
-22.87558553 -172.08965138 48.20000000 180.17042078
-19.70565959 -172.85068326 48.20000000 180.52399210
-16.53573365 -173.61171515 48.20000000 180.93561873
-26.04551147 -171.32861949 51.46000000 180.77609390
-22.87558553 -172.08965138 51.46000000 181.06979904
-19.70565959 -172.85068326 51.46000000 181.42161758
-16.53573365 -173.61171515 51.46000000 181.83121219
-51.40491900 -165.24036440 74.90000000 188.56525058
-48.23499306 -166.00139629 74.90000000 188.39609371
-45.06506711 -166.76242818 74.90000000 188.28323804
-41.89514117 -167.52346006 74.90000000 188.22678482
-51.40491900 -165.24036440 78.16000000 189.88372580
-48.23499306 -166.00139629 78.16000000 189.71574454
-45.06506711 -166.76242818 78.16000000 189.60367434
-41.89514117 -167.52346006 78.16000000 189.54761440
0.00000000 0.00000000 0.00000000 0.00000000
0.00000000 0.00000000 0.00000000 0.00000000
-64.08462276 -162.19623686 74.90000000 189.80112783
-60.91469682 -162.95726874 74.90000000 189.40876887
-57.74477088 -163.71830063 74.90000000 189.07181314
-54.57484494 -164.47933252 74.90000000 188.79055730
-64.08462276 -162.19623686 78.16000000 191.11107693
-60.91469682 -162.95726874 78.16000000 190.72141286
-57.74477088 -163.71830063 78.16000000 190.38678033
-54.57484494 -164.47933252 78.16000000 190.10746993
-41.89514117 -167.52346006 71.64000000 186.95347583
-45.06506711 -166.76242818 71.64000000 187.01031342
-48.23499306 -166.00139629 71.64000000 187.12393680
-51.40491900 -165.24036440 71.64000000 187.29424264
-41.89514117 -167.52346006 68.38000000 185.72866479
-45.06506711 -166.76242818 68.38000000 185.78587709
-48.23499306 -166.00139629 68.38000000 185.90024886
-51.40491900 -165.24036440 68.38000000 186.07167470
0.00000000 0.00000000 0.00000000 0.00000000
0.00000000 0.00000000 0.00000000 0.00000000
-54.57484494 -164.47933252 71.64000000 187.52107648
-57.74477088 -163.71830063 71.64000000 187.80423351
-60.91469682 -162.95726874 71.64000000 188.14345943
-64.08462276 -162.19623686 71.64000000 188.53845158
-54.57484494 -164.47933252 68.38000000 186.29999711
-57.74477088 -163.71830063 68.38000000 186.58500724
-60.91469682 -162.95726874 68.38000000 186.92644576
-64.08462276 -162.19623686 68.38000000 187.32400413
-51.40491900 -165.24036440 61.86000000 183.77568752
-48.23499306 -166.00139629 61.86000000 183.60211798
-45.06506711 -166.76242818 61.86000000 183.48631373
-41.89514117 -167.52346006 61.86000000 183.42838419
-51.40491900 -165.24036440 65.12000000 184.89850763
-48.23499306 -166.00139629 65.12000000 184.72599310
-45.06506711 -166.76242818 65.12000000 184.61089384
-41.89514117 -167.52346006 65.12000000 184.55331730
0.00000000 0.00000000 0.00000000 0.00000000
0.00000000 0.00000000 0.00000000 0.00000000
-64.08462276 -162.19623686 61.86000000 185.04355629
-60.91469682 -162.95726874 61.86000000 184.64108786
-57.74477088 -163.71830063 61.86000000 184.29541537
-54.57484494 -164.47933252 61.86000000 184.00685891
-64.08462276 -162.19623686 65.12000000 186.15872938
-60.91469682 -162.95726874 65.12000000 185.75867712
-57.74477088 -163.71830063 65.12000000 185.41508818
-54.57484494 -164.47933252 65.12000000 185.12827695
-41.89514117 -167.52346006 58.60000000 182.35479847
-45.06506711 -166.76242818 58.60000000 182.41306895
-48.23499306 -166.00139629 58.60000000 182.52955411
-51.40491900 -165.24036440 58.60000000 182.70414260
-41.89514117 -167.52346006 55.34000000 181.33347216
-45.06506711 -166.76242818 55.34000000 181.39207073
-48.23499306 -166.00139629 55.34000000 181.50921113
-51.40491900 -165.24036440 55.34000000 181.68478011
0.00000000 0.00000000 0.00000000 0.00000000
0.00000000 0.00000000 0.00000000 0.00000000
-54.57484494 -164.47933252 58.60000000 182.93666807
-57.74477088 -163.71830063 58.60000000 183.22690994
-60.91469682 -162.95726874 58.60000000 183.57459444
-64.08462276 -162.19623686 58.60000000 183.97939593
-54.57484494 -164.47933252 55.34000000 181.91860852
-57.74477088 -163.71830063 55.34000000 182.21047205
-60.91469682 -162.95726874 55.34000000 182.56009237
-64.08462276 -162.19623686 55.34000000 182.96713837
-29.21543741 -170.56758761 58.60000000 182.70414260
-32.38536335 -169.80655572 58.60000000 182.52955411
-35.55528929 -169.04552383 58.60000000 182.41306895
-38.72521523 -168.28449195 58.60000000 182.35479847
-29.21543741 -170.56758761 55.34000000 181.68478011
-32.38536335 -169.80655572 55.34000000 181.50921113
-35.55528929 -169.04552383 55.34000000 181.39207073
-38.72521523 -168.28449195 55.34000000 181.33347216
0.00000000 0.00000000 0.00000000 0.00000000
0.00000000 0.00000000 0.00000000 0.00000000
-16.53573365 -173.61171515 58.60000000 183.97939593
-19.70565959 -172.85068326 58.60000000 183.57459444
-22.87558553 -172.08965138 58.60000000 183.22690994
-26.04551147 -171.32861949 58.60000000 182.93666807
-16.53573365 -173.61171515 55.34000000 182.96713837
-19.70565959 -172.85068326 55.34000000 182.56009237
-22.87558553 -172.08965138 55.34000000 182.21047205
-26.04551147 -171.32861949 55.34000000 181.91860852
-38.72521523 -168.28449195 61.86000000 183.42838419
-35.55528929 -169.04552383 61.86000000 183.48631373
-32.38536335 -169.80655572 61.86000000 183.60211798
-29.21543741 -170.56758761 61.86000000 183.77568752
-38.72521523 -168.28449195 65.12000000 184.55331730
-35.55528929 -169.04552383 65.12000000 184.61089384
-32.38536335 -169.80655572 65.12000000 184.72599310
-29.21543741 -170.56758761 65.12000000 184.89850763
0.00000000 0.00000000 0.00000000 0.00000000
0.00000000 0.00000000 0.00000000 0.00000000
-26.04551147 -171.32861949 61.86000000 184.00685891
-22.87558553 -172.08965138 61.86000000 184.29541537
-19.70565959 -172.85068326 61.86000000 184.64108786
-16.53573365 -173.61171515 61.86000000 185.04355629
-26.04551147 -171.32861949 65.12000000 185.12827695
-22.87558553 -172.08965138 65.12000000 185.41508818
-19.70565959 -172.85068326 65.12000000 185.75867712
-16.53573365 -173.61171515 65.12000000 186.15872938
-29.21543741 -170.56758761 71.64000000 187.29424264
-32.38536335 -169.80655572 71.64000000 187.12393680
-35.55528929 -169.04552383 71.64000000 187.01031342
-38.72521523 -168.28449195 71.64000000 186.95347583
-29.21543741 -170.56758761 68.38000000 186.07167470
-32.38536335 -169.80655572 68.38000000 185.90024886
-35.55528929 -169.04552383 68.38000000 185.78587709
-38.72521523 -168.28449195 68.38000000 185.72866479
0.00000000 0.00000000 0.00000000 0.00000000
0.00000000 0.00000000 0.00000000 0.00000000
-16.53573365 -173.61171515 71.64000000 188.53845158
-19.70565959 -172.85068326 71.64000000 188.14345943
-22.87558553 -172.08965138 71.64000000 187.80423351
-26.04551147 -171.32861949 71.64000000 187.52107648
-16.53573365 -173.61171515 68.38000000 187.32400413
-19.70565959 -172.85068326 68.38000000 186.92644576
-22.87558553 -172.08965138 68.38000000 186.58500724
-26.04551147 -171.32861949 68.38000000 186.29999711
-38.72521523 -168.28449195 74.90000000 188.22678482
-35.55528929 -169.04552383 74.90000000 188.28323804
-32.38536335 -169.80655572 74.90000000 188.39609371
-29.21543741 -170.56758761 74.90000000 188.56525058
-38.72521523 -168.28449195 78.16000000 189.54761440
-35.55528929 -169.04552383 78.16000000 189.60367434
-32.38536335 -169.80655572 78.16000000 189.71574454
-29.21543741 -170.56758761 78.16000000 189.88372580
0.00000000 0.00000000 0.00000000 0.00000000
0.00000000 0.00000000 0.00000000 0.00000000
-26.04551147 -171.32861949 74.90000000 188.79055730
-22.87558553 -172.08965138 74.90000000 189.07181314
-19.70565959 -172.85068326 74.90000000 189.40876887
-16.53573365 -173.61171515 74.90000000 189.80112783
-26.04551147 -171.32861949 78.16000000 190.10746993
-22.87558553 -172.08965138 78.16000000 190.38678033
-19.70565959 -172.85068326 78.16000000 190.72141286
-16.53573365 -173.61171515 78.16000000 191.11107693
-110.72670235 -132.99037978 -58.60000000 182.70414260
-108.08930694 -134.90655970 -58.60000000 182.52955411
-105.45191154 -136.82273962 -58.60000000 182.41306895
-102.81451614 -138.73891954 -58.60000000 182.35479847
-110.72670235 -132.99037978 -55.34000000 181.68478011
-108.08930694 -134.90655970 -55.34000000 181.50921113
-105.45191154 -136.82273962 -55.34000000 181.39207073
-102.81451614 -138.73891954 -55.34000000 181.33347216
0.00000000 0.00000000 0.00000000 0.00000000
0.00000000 0.00000000 0.00000000 0.00000000
-121.27628395 -125.32566009 -58.60000000 183.97939593
-118.63888855 -127.24184001 -58.60000000 183.57459444
-116.00149315 -129.15801993 -58.60000000 183.22690994
-113.36409775 -131.07419985 -58.60000000 182.93666807
-121.27628395 -125.32566009 -55.34000000 182.96713837
-118.63888855 -127.24184001 -55.34000000 182.56009237
-116.00149315 -129.15801993 -55.34000000 182.21047205
-113.36409775 -131.07419985 -55.34000000 181.91860852
-102.81451614 -138.73891954 -61.86000000 183.42838419
-105.45191154 -136.82273962 -61.86000000 183.48631373
-108.08930694 -134.90655970 -61.86000000 183.60211798
-110.72670235 -132.99037978 -61.86000000 183.77568752
-102.81451614 -138.73891954 -65.12000000 184.55331730
-105.45191154 -136.82273962 -65.12000000 184.61089384
-108.08930694 -134.90655970 -65.12000000 184.72599310
-110.72670235 -132.99037978 -65.12000000 184.89850763
0.00000000 0.00000000 0.00000000 0.00000000
0.00000000 0.00000000 0.00000000 0.00000000
-113.36409775 -131.07419985 -61.86000000 184.00685891
-116.00149315 -129.15801993 -61.86000000 184.29541537
-118.63888855 -127.24184001 -61.86000000 184.64108786
-121.27628395 -125.32566009 -61.86000000 185.04355629
-113.36409775 -131.07419985 -65.12000000 185.12827695
-116.00149315 -129.15801993 -65.12000000 185.41508818
-118.63888855 -127.24184001 -65.12000000 185.75867712
-121.27628395 -125.32566009 -65.12000000 186.15872938
-110.72670235 -132.99037978 -71.64000000 187.29424264
-108.08930694 -134.90655970 -71.64000000 187.12393680
-105.45191154 -136.82273962 -71.64000000 187.01031342
-102.81451614 -138.73891954 -71.64000000 186.95347583
-110.72670235 -132.99037978 -68.38000000 186.07167470
-108.08930694 -134.90655970 -68.38000000 185.90024886
-105.45191154 -136.82273962 -68.38000000 185.78587709
-102.81451614 -138.73891954 -68.38000000 185.72866479
0.00000000 0.00000000 0.00000000 0.00000000
0.00000000 0.00000000 0.00000000 0.00000000
-121.27628395 -125.32566009 -71.64000000 188.53845158
-118.63888855 -127.24184001 -71.64000000 188.14345943
-116.00149315 -129.15801993 -71.64000000 187.80423351
-113.36409775 -131.07419985 -71.64000000 187.52107648
-121.27628395 -125.32566009 -68.38000000 187.32400413
-118.63888855 -127.24184001 -68.38000000 186.92644576
-116.00149315 -129.15801993 -68.38000000 186.58500724
-113.36409775 -131.07419985 -68.38000000 186.29999711
-102.81451614 -138.73891954 -74.90000000 188.22678482
-105.45191154 -136.82273962 -74.90000000 188.28323804
-108.08930694 -134.90655970 -74.90000000 188.39609371
-110.72670235 -132.99037978 -74.90000000 188.56525058
-102.81451614 -138.73891954 -78.16000000 189.54761440
-105.45191154 -136.82273962 -78.16000000 189.60367434
-108.08930694 -134.90655970 -78.16000000 189.71574454
-110.72670235 -132.99037978 -78.16000000 189.88372580
0.00000000 0.00000000 0.00000000 0.00000000
0.00000000 0.00000000 0.00000000 0.00000000
-113.36409775 -131.07419985 -74.90000000 188.79055730
-116.00149315 -129.15801993 -74.90000000 189.07181314
-118.63888855 -127.24184001 -74.90000000 189.40876887
-121.27628395 -125.32566009 -74.90000000 189.80112783
-113.36409775 -131.07419985 -78.16000000 190.10746993
-116.00149315 -129.15801993 -78.16000000 190.38678033
-118.63888855 -127.24184001 -78.16000000 190.72141286
-121.27628395 -125.32566009 -78.16000000 191.11107693
-92.26493453 -146.40363923 -74.90000000 188.56525058
-94.90232994 -144.48745931 -74.90000000 188.39609371
-97.53972534 -142.57127939 -74.90000000 188.28323804
-100.17712074 -140.65509946 -74.90000000 188.22678482
-92.26493453 -146.40363923 -78.16000000 189.88372580
-94.90232994 -144.48745931 -78.16000000 189.71574454
-97.53972534 -142.57127939 -78.16000000 189.60367434
-100.17712074 -140.65509946 -78.16000000 189.54761440
0.00000000 0.00000000 0.00000000 0.00000000
0.00000000 0.00000000 0.00000000 0.00000000
-81.71535293 -154.06835892 -74.90000000 189.80112783
-84.35274833 -152.15217900 -74.90000000 189.40876887
-86.99014373 -150.23599908 -74.90000000 189.07181314
-89.62753913 -148.31981915 -74.90000000 188.79055730
-81.71535293 -154.06835892 -78.16000000 191.11107693
-84.35274833 -152.15217900 -78.16000000 190.72141286
-86.99014373 -150.23599908 -78.16000000 190.38678033
-89.62753913 -148.31981915 -78.16000000 190.10746993
-100.17712074 -140.65509946 -71.64000000 186.95347583
-97.53972534 -142.57127939 -71.64000000 187.01031342
-94.90232994 -144.48745931 -71.64000000 187.12393680
-92.26493453 -146.40363923 -71.64000000 187.29424264
-100.17712074 -140.65509946 -68.38000000 185.72866479
-97.53972534 -142.57127939 -68.38000000 185.78587709
-94.90232994 -144.48745931 -68.38000000 185.90024886
-92.26493453 -146.40363923 -68.38000000 186.07167470
0.00000000 0.00000000 0.00000000 0.00000000
0.00000000 0.00000000 0.00000000 0.00000000
-89.62753913 -148.31981915 -71.64000000 187.52107648
-86.99014373 -150.23599908 -71.64000000 187.80423351
-84.35274833 -152.15217900 -71.64000000 188.14345943
-81.71535293 -154.06835892 -71.64000000 188.53845158
-89.62753913 -148.31981915 -68.38000000 186.29999711
-86.99014373 -150.23599908 -68.38000000 186.58500724
-84.35274833 -152.15217900 -68.38000000 186.92644576
-81.71535293 -154.06835892 -68.38000000 187.32400413
-92.26493453 -146.40363923 -61.86000000 183.77568752
-94.90232994 -144.48745931 -61.86000000 183.60211798
-97.53972534 -142.57127939 -61.86000000 183.48631373
-100.17712074 -140.65509946 -61.86000000 183.42838419
-92.26493453 -146.40363923 -65.12000000 184.89850763
-94.90232994 -144.48745931 -65.12000000 184.72599310
-97.53972534 -142.57127939 -65.12000000 184.61089384
-100.17712074 -140.65509946 -65.12000000 184.55331730
0.00000000 0.00000000 0.00000000 0.00000000
0.00000000 0.00000000 0.00000000 0.00000000
-81.71535293 -154.06835892 -61.86000000 185.04355629
-84.35274833 -152.15217900 -61.86000000 184.64108786
-86.99014373 -150.23599908 -61.86000000 184.29541537
-89.62753913 -148.31981915 -61.86000000 184.00685891
-81.71535293 -154.06835892 -65.12000000 186.15872938
-84.35274833 -152.15217900 -65.12000000 185.75867712
-86.99014373 -150.23599908 -65.12000000 185.41508818
-89.62753913 -148.31981915 -65.12000000 185.12827695
-100.17712074 -140.65509946 -58.60000000 182.35479847
-97.53972534 -142.57127939 -58.60000000 182.41306895
-94.90232994 -144.48745931 -58.60000000 182.52955411
-92.26493453 -146.40363923 -58.60000000 182.70414260
-100.17712074 -140.65509946 -55.34000000 181.33347216
-97.53972534 -142.57127939 -55.34000000 181.39207073
-94.90232994 -144.48745931 -55.34000000 181.50921113
-92.26493453 -146.40363923 -55.34000000 181.68478011
0.00000000 0.00000000 0.00000000 0.00000000
0.00000000 0.00000000 0.00000000 0.00000000
-89.62753913 -148.31981915 -58.60000000 182.93666807
-86.99014373 -150.23599908 -58.60000000 183.22690994
-84.35274833 -152.15217900 -58.60000000 183.57459444
-81.71535293 -154.06835892 -58.60000000 183.97939593
-89.62753913 -148.31981915 -55.34000000 181.91860852
-86.99014373 -150.23599908 -55.34000000 182.21047205
-84.35274833 -152.15217900 -55.34000000 182.56009237
-81.71535293 -154.06835892 -55.34000000 182.96713837
-110.72670235 -132.99037978 -31.90000000 175.96719503
-108.08930694 -134.90655970 -31.90000000 175.78591560
-105.45191154 -136.82273962 -31.90000000 175.66495873
-102.81451614 -138.73891954 -31.90000000 175.60444905
-110.72670235 -132.99037978 -28.64000000 175.40551110
-108.08930694 -134.90655970 -28.64000000 175.22365059
-105.45191154 -136.82273962 -28.64000000 175.10230531
-102.81451614 -138.73891954 -28.64000000 175.04160113
0.00000000 0.00000000 0.00000000 0.00000000
0.00000000 0.00000000 0.00000000 0.00000000
-121.27628395 -125.32566009 -31.90000000 177.29091383
-118.63888855 -127.24184001 -31.90000000 176.87080518
-116.00149315 -129.15801993 -31.90000000 176.50991622
-113.36409775 -131.07419985 -31.90000000 176.20861081
-121.27628395 -125.32566009 -28.64000000 176.73343692
-118.63888855 -127.24184001 -28.64000000 176.31199995
-116.00149315 -129.15801993 -28.64000000 175.94996483
-113.36409775 -131.07419985 -28.64000000 175.64769889
-102.81451614 -138.73891954 -35.16000000 176.22581572
-105.45191154 -136.82273962 -35.16000000 176.28611212
-108.08930694 -134.90655970 -35.16000000 176.40664309
-110.72670235 -132.99037978 -35.16000000 176.58728529
-102.81451614 -138.73891954 -38.42000000 176.90508451
-105.45191154 -136.82273962 -38.42000000 176.96514946
-108.08930694 -134.90655970 -38.42000000 177.08521826
-110.72670235 -132.99037978 -38.42000000 177.26516896
0.00000000 0.00000000 0.00000000 0.00000000
0.00000000 0.00000000 0.00000000 0.00000000
-113.36409775 -131.07419985 -35.16000000 176.82785449
-116.00149315 -129.15801993 -35.16000000 177.12810654
-118.63888855 -127.24184001 -35.16000000 177.48773852
-121.27628395 -125.32566009 -35.16000000 177.90639034
-113.36409775 -131.07419985 -38.42000000 177.50481944
-116.00149315 -129.15801993 -38.42000000 177.80392832
-118.63888855 -127.24184001 -38.42000000 178.16219612
-121.27628395 -125.32566009 -38.42000000 178.57926678
-110.72670235 -132.99037978 -44.94000000 178.79163103
-108.08930694 -134.90655970 -44.94000000 178.61321823
-105.45191154 -136.82273962 -44.94000000 178.49417729
-102.81451614 -138.73891954 -44.94000000 178.43462703
-110.72670235 -132.99037978 -41.68000000 178.00018574
-108.08930694 -134.90655970 -41.68000000 177.82097887
-105.45191154 -136.82273962 -41.68000000 177.70140721
-102.81451614 -138.73891954 -41.68000000 177.64159120
0.00000000 0.00000000 0.00000000 0.00000000
0.00000000 0.00000000 0.00000000 0.00000000
-121.27628395 -125.32566009 -44.94000000 180.09459105
-118.63888855 -127.24184001 -44.94000000 179.68103774
-116.00149315 -129.15801993 -44.94000000 179.32580440
-113.36409775 -131.07419985 -44.94000000 179.02923818
-121.27628395 -125.32566009 -41.68000000 179.30889695
-118.63888855 -127.24184001 -41.68000000 178.89352734
-116.00149315 -129.15801993 -41.68000000 178.53672710
-113.36409775 -131.07419985 -41.68000000 178.23884797
-102.81451614 -138.73891954 -48.20000000 179.28344186
-105.45191154 -136.82273962 -48.20000000 179.34271026
-108.08930694 -134.90655970 -48.20000000 179.46118835
-110.72670235 -132.99037978 -48.20000000 179.63875897
-102.81451614 -138.73891954 -51.46000000 180.18724740
-105.45191154 -136.82273962 -51.46000000 180.24621861
-108.08930694 -134.90655970 -51.46000000 180.36410321
-110.72670235 -132.99037978 -51.46000000 180.54078577
0.00000000 0.00000000 0.00000000 0.00000000
0.00000000 0.00000000 0.00000000 0.00000000
-113.36409775 -131.07419985 -48.20000000 179.87524712
-116.00149315 -129.15801993 -48.20000000 180.17042078
-118.63888855 -127.24184001 -48.20000000 180.52399210
-121.27628395 -125.32566009 -48.20000000 180.93561873
-113.36409775 -131.07419985 -51.46000000 180.77609390
-116.00149315 -129.15801993 -51.46000000 181.06979904
-118.63888855 -127.24184001 -51.46000000 181.42161758
-121.27628395 -125.32566009 -51.46000000 181.83121219
-92.26493453 -146.40363923 -48.20000000 179.63875897
-94.90232994 -144.48745931 -48.20000000 179.46118835
-97.53972534 -142.57127939 -48.20000000 179.34271026
-100.17712074 -140.65509946 -48.20000000 179.28344186
-92.26493453 -146.40363923 -51.46000000 180.54078577
-94.90232994 -144.48745931 -51.46000000 180.36410321
-97.53972534 -142.57127939 -51.46000000 180.24621861
-100.17712074 -140.65509946 -51.46000000 180.18724740
0.00000000 0.00000000 0.00000000 0.00000000
0.00000000 0.00000000 0.00000000 0.00000000
-81.71535293 -154.06835892 -48.20000000 180.93561873
-84.35274833 -152.15217900 -48.20000000 180.52399210
-86.99014373 -150.23599908 -48.20000000 180.17042078
-89.62753913 -148.31981915 -48.20000000 179.87524712
-81.71535293 -154.06835892 -51.46000000 181.83121219
-84.35274833 -152.15217900 -51.46000000 181.42161758
-86.99014373 -150.23599908 -51.46000000 181.06979904
-89.62753913 -148.31981915 -51.46000000 180.77609390
-100.17712074 -140.65509946 -44.94000000 178.43462703
-97.53972534 -142.57127939 -44.94000000 178.49417729
-94.90232994 -144.48745931 -44.94000000 178.61321823
-92.26493453 -146.40363923 -44.94000000 178.79163103
-100.17712074 -140.65509946 -41.68000000 177.64159120
-97.53972534 -142.57127939 -41.68000000 177.70140721
-94.90232994 -144.48745931 -41.68000000 177.82097887
-92.26493453 -146.40363923 -41.68000000 178.00018574
0.00000000 0.00000000 0.00000000 0.00000000
0.00000000 0.00000000 0.00000000 0.00000000
-89.62753913 -148.31981915 -44.94000000 179.02923818
-86.99014373 -150.23599908 -44.94000000 179.32580440
-84.35274833 -152.15217900 -44.94000000 179.68103774
-81.71535293 -154.06835892 -44.94000000 180.09459105
-89.62753913 -148.31981915 -41.68000000 178.23884797
-86.99014373 -150.23599908 -41.68000000 178.53672710
-84.35274833 -152.15217900 -41.68000000 178.89352734
-81.71535293 -154.06835892 -41.68000000 179.30889695
-92.26493453 -146.40363923 -35.16000000 176.58728529
-94.90232994 -144.48745931 -35.16000000 176.40664309
-97.53972534 -142.57127939 -35.16000000 176.28611212
-100.17712074 -140.65509946 -35.16000000 176.22581572
-92.26493453 -146.40363923 -38.42000000 177.26516896
-94.90232994 -144.48745931 -38.42000000 177.08521826
-97.53972534 -142.57127939 -38.42000000 176.96514946
-100.17712074 -140.65509946 -38.42000000 176.90508451
0.00000000 0.00000000 0.00000000 0.00000000
0.00000000 0.00000000 0.00000000 0.00000000
-81.71535293 -154.06835892 -35.16000000 177.90639034
-84.35274833 -152.15217900 -35.16000000 177.48773852
-86.99014373 -150.23599908 -35.16000000 177.12810654
-89.62753913 -148.31981915 -35.16000000 176.82785449
-81.71535293 -154.06835892 -38.42000000 178.57926678
-84.35274833 -152.15217900 -38.42000000 178.16219612
-86.99014373 -150.23599908 -38.42000000 177.80392832
-89.62753913 -148.31981915 -38.42000000 177.50481944
-100.17712074 -140.65509946 -31.90000000 175.60444905
-97.53972534 -142.57127939 -31.90000000 175.66495873
-94.90232994 -144.48745931 -31.90000000 175.78591560
-92.26493453 -146.40363923 -31.90000000 175.96719503
-100.17712074 -140.65509946 -28.64000000 175.04160113
-97.53972534 -142.57127939 -28.64000000 175.10230531
-94.90232994 -144.48745931 -28.64000000 175.22365059
-92.26493453 -146.40363923 -28.64000000 175.40551110
0.00000000 0.00000000 0.00000000 0.00000000
0.00000000 0.00000000 0.00000000 0.00000000
-89.62753913 -148.31981915 -31.90000000 176.20861081
-86.99014373 -150.23599908 -31.90000000 176.50991622
-84.35274833 -152.15217900 -31.90000000 176.87080518
-81.71535293 -154.06835892 -31.90000000 177.29091383
-89.62753913 -148.31981915 -28.64000000 175.64769889
-86.99014373 -150.23599908 -28.64000000 175.94996483
-84.35274833 -152.15217900 -28.64000000 176.31199995
-81.71535293 -154.06835892 -28.64000000 176.73343692
-110.72670235 -132.99037978 -5.20000000 173.12967315
-108.08930694 -134.90655970 -5.20000000 172.94541950
-105.45191154 -136.82273962 -5.20000000 172.82247459
-102.81451614 -138.73891954 -5.20000000 172.76096933
-110.72670235 -132.99037978 -1.94000000 173.06243765
-108.08930694 -134.90655970 -1.94000000 172.87811234
-105.45191154 -136.82273962 -1.94000000 172.75511953
-102.81451614 -138.73891954 -1.94000000 172.69359028
0.00000000 0.00000000 0.00000000 0.00000000
0.00000000 0.00000000 0.00000000 0.00000000
-121.27628395 -125.32566009 -5.20000000 174.47492119
-118.63888855 -127.24184001 -5.20000000 174.04801557
-116.00149315 -129.15801993 -5.20000000 173.68126129
-113.36409775 -131.07419985 -5.20000000 173.37504009
-121.27628395 -125.32566009 -1.94000000 174.40820429
-118.63888855 -127.24184001 -1.94000000 173.98113497
-116.00149315 -129.15801993 -1.94000000 173.61423941
-113.36409775 -131.07419985 -1.94000000 173.30789978
-102.81451614 -138.73891954 -8.46000000 172.88980342
-105.45191154 -136.82273962 -8.46000000 172.95126286
-108.08930694 -134.90655970 -8.46000000 173.07411628
-110.72670235 -132.99037978 -8.46000000 173.25823307
-102.81451614 -138.73891954 -11.72000000 173.07995530
-105.45191154 -136.82273962 -11.72000000 173.14134724
-108.08930694 -134.90655970 -11.72000000 173.26406588
-110.72670235 -132.99037978 -11.72000000 173.44798103
0.00000000 0.00000000 0.00000000 0.00000000
0.00000000 0.00000000 0.00000000 0.00000000
-113.36409775 -131.07419985 -8.46000000 173.50341819
-116.00149315 -129.15801993 -8.46000000 173.80941322
-118.63888855 -127.24184001 -8.46000000 174.17589766
-121.27628395 -125.32566009 -8.46000000 174.60249060
-113.36409775 -131.07419985 -11.72000000 173.69289831
-116.00149315 -129.15801993 -11.72000000 173.99856012
-118.63888855 -127.24184001 -11.72000000 174.36464700
-121.27628395 -125.32566009 -11.72000000 174.79077929
-110.72670235 -132.99037978 -18.24000000 174.01017592
-108.08930694 -134.90655970 -18.24000000 173.82685559
-105.45191154 -136.82273962 -18.24000000 173.70453456
-102.81451614 -138.73891954 -18.24000000 173.64334172
-110.72670235 -132.99037978 -14.98000000 173.69871653
-108.08930694 -134.90655970 -14.98000000 173.51506714
-105.45191154 -136.82273962 -14.98000000 173.39252615
-102.81451614 -138.73891954 -14.98000000 173.33122317
0.00000000 0.00000000 0.00000000 0.00000000
0.00000000 0.00000000 0.00000000 0.00000000
-121.27628395 -125.32566009 -18.24000000 175.34866901
-118.63888855 -127.24184001 -18.24000000 174.92389581
-116.00149315 -129.15801993 -18.24000000 174.55898179
-113.36409775 -131.07419985 -18.24000000 174.25430303
-121.27628395 -125.32566009 -14.98000000 175.03959131
-118.63888855 -127.24184001 -14.98000000 174.61406623
-116.00149315 -129.15801993 -14.98000000 174.24850337
-113.36409775 -131.07419985 -14.98000000 173.94328077
-102.81451614 -138.73891954 -21.50000000 174.01598353
-105.45191154 -136.82273962 -21.50000000 174.07704537
-108.08930694 -134.90655970 -21.50000000 174.19910483
-110.72670235 -132.99037978 -21.50000000 174.38203384
-102.81451614 -138.73891954 -24.76000000 174.44876074
-105.45191154 -136.82273962 -24.76000000 174.50967115
-108.08930694 -134.90655970 -24.76000000 174.63142823
-110.72670235 -132.99037978 -24.76000000 174.81390484
0.00000000 0.00000000 0.00000000 0.00000000
0.00000000 0.00000000 0.00000000 0.00000000
-113.36409775 -131.07419985 -21.50000000 174.62564109
-116.00149315 -129.15801993 -21.50000000 174.92967308
-118.63888855 -127.24184001 -21.50000000 175.29381542
-121.27628395 -125.32566009 -21.50000000 175.71769440
-113.36409775 -131.07419985 -24.76000000 175.05691110
-116.00149315 -129.15801993 -24.76000000 175.36019538
-118.63888855 -127.24184001 -24.76000000 175.72344558
-121.27628395 -125.32566009 -24.76000000 176.14629069
-92.26493453 -146.40363923 -21.50000000 174.38203384
-94.90232994 -144.48745931 -21.50000000 174.19910483
-97.53972534 -142.57127939 -21.50000000 174.07704537
-100.17712074 -140.65509946 -21.50000000 174.01598353
-92.26493453 -146.40363923 -24.76000000 174.81390484
-94.90232994 -144.48745931 -24.76000000 174.63142823
-97.53972534 -142.57127939 -24.76000000 174.50967115
-100.17712074 -140.65509946 -24.76000000 174.44876074
0.00000000 0.00000000 0.00000000 0.00000000
0.00000000 0.00000000 0.00000000 0.00000000
-81.71535293 -154.06835892 -21.50000000 175.71769440
-84.35274833 -152.15217900 -21.50000000 175.29381542
-86.99014373 -150.23599908 -21.50000000 174.92967308
-89.62753913 -148.31981915 -21.50000000 174.62564109
-81.71535293 -154.06835892 -24.76000000 176.14629069
-84.35274833 -152.15217900 -24.76000000 175.72344558
-86.99014373 -150.23599908 -24.76000000 175.36019538
-89.62753913 -148.31981915 -24.76000000 175.05691110
-100.17712074 -140.65509946 -18.24000000 173.64334172
-97.53972534 -142.57127939 -18.24000000 173.70453456
-94.90232994 -144.48745931 -18.24000000 173.82685559
-92.26493453 -146.40363923 -18.24000000 174.01017592
-100.17712074 -140.65509946 -14.98000000 173.33122317
-97.53972534 -142.57127939 -14.98000000 173.39252615
-94.90232994 -144.48745931 -14.98000000 173.51506714
-92.26493453 -146.40363923 -14.98000000 173.69871653
0.00000000 0.00000000 0.00000000 0.00000000
0.00000000 0.00000000 0.00000000 0.00000000
-89.62753913 -148.31981915 -18.24000000 174.25430303
-86.99014373 -150.23599908 -18.24000000 174.55898179
-84.35274833 -152.15217900 -18.24000000 174.92389581
-81.71535293 -154.06835892 -18.24000000 175.34866901
-89.62753913 -148.31981915 -14.98000000 173.94328077
-86.99014373 -150.23599908 -14.98000000 174.24850337
-84.35274833 -152.15217900 -14.98000000 174.61406623
-81.71535293 -154.06835892 -14.98000000 175.03959131
-92.26493453 -146.40363923 -8.46000000 173.25823307
-94.90232994 -144.48745931 -8.46000000 173.07411628
-97.53972534 -142.57127939 -8.46000000 172.95126286
-100.17712074 -140.65509946 -8.46000000 172.88980342
-92.26493453 -146.40363923 -11.72000000 173.44798103
-94.90232994 -144.48745931 -11.72000000 173.26406588
-97.53972534 -142.57127939 -11.72000000 173.14134724
-100.17712074 -140.65509946 -11.72000000 173.07995530
0.00000000 0.00000000 0.00000000 0.00000000
0.00000000 0.00000000 0.00000000 0.00000000
-81.71535293 -154.06835892 -8.46000000 174.60249060
-84.35274833 -152.15217900 -8.46000000 174.17589766
-86.99014373 -150.23599908 -8.46000000 173.80941322
-89.62753913 -148.31981915 -8.46000000 173.50341819
-81.71535293 -154.06835892 -11.72000000 174.79077929
-84.35274833 -152.15217900 -11.72000000 174.36464700
-86.99014373 -150.23599908 -11.72000000 173.99856012
-89.62753913 -148.31981915 -11.72000000 173.69289831
-100.17712074 -140.65509946 -5.20000000 172.76096933
-97.53972534 -142.57127939 -5.20000000 172.82247459
-94.90232994 -144.48745931 -5.20000000 172.94541950
-92.26493453 -146.40363923 -5.20000000 173.12967315
-100.17712074 -140.65509946 -1.94000000 172.69359028
-97.53972534 -142.57127939 -1.94000000 172.75511953
-94.90232994 -144.48745931 -1.94000000 172.87811234
-92.26493453 -146.40363923 -1.94000000 173.06243765
0.00000000 0.00000000 0.00000000 0.00000000
0.00000000 0.00000000 0.00000000 0.00000000
-89.62753913 -148.31981915 -5.20000000 173.37504009
-86.99014373 -150.23599908 -5.20000000 173.68126129
-84.35274833 -152.15217900 -5.20000000 174.04801557
-81.71535293 -154.06835892 -5.20000000 174.47492119
-89.62753913 -148.31981915 -1.94000000 173.30789978
-86.99014373 -150.23599908 -1.94000000 173.61423941
-84.35274833 -152.15217900 -1.94000000 173.98113497
-81.71535293 -154.06835892 -1.94000000 174.40820429
-102.81451614 -138.73891954 24.76000000 174.44876074
-102.81451614 -138.73891954 21.50000000 174.01598353
-105.45191154 -136.82273962 24.76000000 174.50967115
-105.45191154 -136.82273962 21.50000000 174.07704537
-108.08930694 -134.90655970 24.76000000 174.63142823
-108.08930694 -134.90655970 21.50000000 174.19910483
-110.72670235 -132.99037978 24.76000000 174.81390484
-110.72670235 -132.99037978 21.50000000 174.38203384
0.00000000 0.00000000 0.00000000 0.00000000
0.00000000 0.00000000 0.00000000 0.00000000
-113.36409775 -131.07419985 24.76000000 175.05691110
-113.36409775 -131.07419985 21.50000000 174.62564109
-116.00149315 -129.15801993 24.76000000 175.36019538
-116.00149315 -129.15801993 21.50000000 174.92967308
-118.63888855 -127.24184001 24.76000000 175.72344558
-118.63888855 -127.24184001 21.50000000 175.29381542
-121.27628395 -125.32566009 24.76000000 176.14629069
-121.27628395 -125.32566009 21.50000000 175.71769440
-102.81451614 -138.73891954 18.24000000 173.64334172
-102.81451614 -138.73891954 14.98000000 173.33122317
-105.45191154 -136.82273962 18.24000000 173.70453456
-105.45191154 -136.82273962 14.98000000 173.39252615
-108.08930694 -134.90655970 18.24000000 173.82685559
-108.08930694 -134.90655970 14.98000000 173.51506714
-110.72670235 -132.99037978 18.24000000 174.01017592
-110.72670235 -132.99037978 14.98000000 173.69871653
0.00000000 0.00000000 0.00000000 0.00000000
0.00000000 0.00000000 0.00000000 0.00000000
-113.36409775 -131.07419985 18.24000000 174.25430303
-113.36409775 -131.07419985 14.98000000 173.94328077
-116.00149315 -129.15801993 18.24000000 174.55898179
-116.00149315 -129.15801993 14.98000000 174.24850337
-118.63888855 -127.24184001 18.24000000 174.92389581
-118.63888855 -127.24184001 14.98000000 174.61406623
-121.27628395 -125.32566009 18.24000000 175.34866901
-121.27628395 -125.32566009 14.98000000 175.03959131
-102.81451614 -138.73891954 11.72000000 173.07995530
-102.81451614 -138.73891954 8.46000000 172.88980342
-105.45191154 -136.82273962 11.72000000 173.14134724
-105.45191154 -136.82273962 8.46000000 172.95126286
-108.08930694 -134.90655970 11.72000000 173.26406588
-108.08930694 -134.90655970 8.46000000 173.07411628
-110.72670235 -132.99037978 11.72000000 173.44798103
-110.72670235 -132.99037978 8.46000000 173.25823307
0.00000000 0.00000000 0.00000000 0.00000000
0.00000000 0.00000000 0.00000000 0.00000000
-113.36409775 -131.07419985 11.72000000 173.69289831
-113.36409775 -131.07419985 8.46000000 173.50341819
-116.00149315 -129.15801993 11.72000000 173.99856012
-116.00149315 -129.15801993 8.46000000 173.80941322
-118.63888855 -127.24184001 11.72000000 174.36464700
-118.63888855 -127.24184001 8.46000000 174.17589766
-121.27628395 -125.32566009 11.72000000 174.79077929
-121.27628395 -125.32566009 8.46000000 174.60249060
-102.81451614 -138.73891954 5.20000000 172.76096933
-102.81451614 -138.73891954 1.94000000 172.69359028
-105.45191154 -136.82273962 5.20000000 172.82247459
-105.45191154 -136.82273962 1.94000000 172.75511953
-108.08930694 -134.90655970 5.20000000 172.94541950
-108.08930694 -134.90655970 1.94000000 172.87811234
-110.72670235 -132.99037978 5.20000000 173.12967315
-110.72670235 -132.99037978 1.94000000 173.06243765
0.00000000 0.00000000 0.00000000 0.00000000
0.00000000 0.00000000 0.00000000 0.00000000
-113.36409775 -131.07419985 5.20000000 173.37504009
-113.36409775 -131.07419985 1.94000000 173.30789978
-116.00149315 -129.15801993 5.20000000 173.68126129
-116.00149315 -129.15801993 1.94000000 173.61423941
-118.63888855 -127.24184001 5.20000000 174.04801557
-118.63888855 -127.24184001 1.94000000 173.98113497
-121.27628395 -125.32566009 5.20000000 174.47492119
-121.27628395 -125.32566009 1.94000000 174.40820429
-100.17712074 -140.65509946 1.94000000 172.69359028
-100.17712074 -140.65509946 5.20000000 172.76096933
-97.53972534 -142.57127939 1.94000000 172.75511953
-97.53972534 -142.57127939 5.20000000 172.82247459
-94.90232994 -144.48745931 1.94000000 172.87811234
-94.90232994 -144.48745931 5.20000000 172.94541950
-92.26493453 -146.40363923 1.94000000 173.06243765
-92.26493453 -146.40363923 5.20000000 173.12967315
0.00000000 0.00000000 0.00000000 0.00000000
0.00000000 0.00000000 0.00000000 0.00000000
-89.62753913 -148.31981915 1.94000000 173.30789978
-89.62753913 -148.31981915 5.20000000 173.37504009
-86.99014373 -150.23599908 1.94000000 173.61423941
-86.99014373 -150.23599908 5.20000000 173.68126129
-84.35274833 -152.15217900 1.94000000 173.98113497
-84.35274833 -152.15217900 5.20000000 174.04801557
-81.71535293 -154.06835892 1.94000000 174.40820429
-81.71535293 -154.06835892 5.20000000 174.47492119
-100.17712074 -140.65509946 8.46000000 172.88980342
-100.17712074 -140.65509946 11.72000000 173.07995530
-97.53972534 -142.57127939 8.46000000 172.95126286
-97.53972534 -142.57127939 11.72000000 173.14134724
-94.90232994 -144.48745931 8.46000000 173.07411628
-94.90232994 -144.48745931 11.72000000 173.26406588
-92.26493453 -146.40363923 8.46000000 173.25823307
-92.26493453 -146.40363923 11.72000000 173.44798103
0.00000000 0.00000000 0.00000000 0.00000000
0.00000000 0.00000000 0.00000000 0.00000000
-89.62753913 -148.31981915 8.46000000 173.50341819
-89.62753913 -148.31981915 11.72000000 173.69289831
-86.99014373 -150.23599908 8.46000000 173.80941322
-86.99014373 -150.23599908 11.72000000 173.99856012
-84.35274833 -152.15217900 8.46000000 174.17589766
-84.35274833 -152.15217900 11.72000000 174.36464700
-81.71535293 -154.06835892 8.46000000 174.60249060
-81.71535293 -154.06835892 11.72000000 174.79077929
-100.17712074 -140.65509946 14.98000000 173.33122317
-100.17712074 -140.65509946 18.24000000 173.64334172
-97.53972534 -142.57127939 14.98000000 173.39252615
-97.53972534 -142.57127939 18.24000000 173.70453456
-94.90232994 -144.48745931 14.98000000 173.51506714
-94.90232994 -144.48745931 18.24000000 173.82685559
-92.26493453 -146.40363923 14.98000000 173.69871653
-92.26493453 -146.40363923 18.24000000 174.01017592
0.00000000 0.00000000 0.00000000 0.00000000
0.00000000 0.00000000 0.00000000 0.00000000
-89.62753913 -148.31981915 14.98000000 173.94328077
-89.62753913 -148.31981915 18.24000000 174.25430303
-86.99014373 -150.23599908 14.98000000 174.24850337
-86.99014373 -150.23599908 18.24000000 174.55898179
-84.35274833 -152.15217900 14.98000000 174.61406623
-84.35274833 -152.15217900 18.24000000 174.92389581
-81.71535293 -154.06835892 14.98000000 175.03959131
-81.71535293 -154.06835892 18.24000000 175.34866901
-100.17712074 -140.65509946 21.50000000 174.01598353
-100.17712074 -140.65509946 24.76000000 174.44876074
-97.53972534 -142.57127939 21.50000000 174.07704537
-97.53972534 -142.57127939 24.76000000 174.50967115
-94.90232994 -144.48745931 21.50000000 174.19910483
-94.90232994 -144.48745931 24.76000000 174.63142823
-92.26493453 -146.40363923 21.50000000 174.38203384
-92.26493453 -146.40363923 24.76000000 174.81390484
0.00000000 0.00000000 0.00000000 0.00000000
0.00000000 0.00000000 0.00000000 0.00000000
-89.62753913 -148.31981915 21.50000000 174.62564109
-89.62753913 -148.31981915 24.76000000 175.05691110
-86.99014373 -150.23599908 21.50000000 174.92967308
-86.99014373 -150.23599908 24.76000000 175.36019538
-84.35274833 -152.15217900 21.50000000 175.29381542
-84.35274833 -152.15217900 24.76000000 175.72344558
-81.71535293 -154.06835892 21.50000000 175.71769440
-81.71535293 -154.06835892 24.76000000 176.14629069
-110.72670235 -132.99037978 48.20000000 179.63875897
-108.08930694 -134.90655970 48.20000000 179.46118835
-105.45191154 -136.82273962 48.20000000 179.34271026
-102.81451614 -138.73891954 48.20000000 179.28344186
-110.72670235 -132.99037978 51.46000000 180.54078577
-108.08930694 -134.90655970 51.46000000 180.36410321
-105.45191154 -136.82273962 51.46000000 180.24621861
-102.81451614 -138.73891954 51.46000000 180.18724740
0.00000000 0.00000000 0.00000000 0.00000000
0.00000000 0.00000000 0.00000000 0.00000000
-121.27628395 -125.32566009 48.20000000 180.93561873
-118.63888855 -127.24184001 48.20000000 180.52399210
-116.00149315 -129.15801993 48.20000000 180.17042078
-113.36409775 -131.07419985 48.20000000 179.87524712
-121.27628395 -125.32566009 51.46000000 181.83121219
-118.63888855 -127.24184001 51.46000000 181.42161758
-116.00149315 -129.15801993 51.46000000 181.06979904
-113.36409775 -131.07419985 51.46000000 180.77609390
-102.81451614 -138.73891954 44.94000000 178.43462703
-105.45191154 -136.82273962 44.94000000 178.49417729
-108.08930694 -134.90655970 44.94000000 178.61321823
-110.72670235 -132.99037978 44.94000000 178.79163103
-102.81451614 -138.73891954 41.68000000 177.64159120
-105.45191154 -136.82273962 41.68000000 177.70140721
-108.08930694 -134.90655970 41.68000000 177.82097887
-110.72670235 -132.99037978 41.68000000 178.00018574
0.00000000 0.00000000 0.00000000 0.00000000
0.00000000 0.00000000 0.00000000 0.00000000
-113.36409775 -131.07419985 44.94000000 179.02923818
-116.00149315 -129.15801993 44.94000000 179.32580440
-118.63888855 -127.24184001 44.94000000 179.68103774
-121.27628395 -125.32566009 44.94000000 180.09459105
-113.36409775 -131.07419985 41.68000000 178.23884797
-116.00149315 -129.15801993 41.68000000 178.53672710
-118.63888855 -127.24184001 41.68000000 178.89352734
-121.27628395 -125.32566009 41.68000000 179.30889695
-110.72670235 -132.99037978 35.16000000 176.58728529
-108.08930694 -134.90655970 35.16000000 176.40664309
-105.45191154 -136.82273962 35.16000000 176.28611212
-102.81451614 -138.73891954 35.16000000 176.22581572
-110.72670235 -132.99037978 38.42000000 177.26516896
-108.08930694 -134.90655970 38.42000000 177.08521826
-105.45191154 -136.82273962 38.42000000 176.96514946
-102.81451614 -138.73891954 38.42000000 176.90508451
0.00000000 0.00000000 0.00000000 0.00000000
0.00000000 0.00000000 0.00000000 0.00000000
-121.27628395 -125.32566009 35.16000000 177.90639034
-118.63888855 -127.24184001 35.16000000 177.48773852
-116.00149315 -129.15801993 35.16000000 177.12810654
-113.36409775 -131.07419985 35.16000000 176.82785449
-121.27628395 -125.32566009 38.42000000 178.57926678
-118.63888855 -127.24184001 38.42000000 178.16219612
-116.00149315 -129.15801993 38.42000000 177.80392832
-113.36409775 -131.07419985 38.42000000 177.50481944
-102.81451614 -138.73891954 31.90000000 175.60444905
-105.45191154 -136.82273962 31.90000000 175.66495873
-108.08930694 -134.90655970 31.90000000 175.78591560
-110.72670235 -132.99037978 31.90000000 175.96719503
-102.81451614 -138.73891954 28.64000000 175.04160113
-105.45191154 -136.82273962 28.64000000 175.10230531
-108.08930694 -134.90655970 28.64000000 175.22365059
-110.72670235 -132.99037978 28.64000000 175.40551110
0.00000000 0.00000000 0.00000000 0.00000000
0.00000000 0.00000000 0.00000000 0.00000000
-113.36409775 -131.07419985 31.90000000 176.20861081
-116.00149315 -129.15801993 31.90000000 176.50991622
-118.63888855 -127.24184001 31.90000000 176.87080518
-121.27628395 -125.32566009 31.90000000 177.29091383
-113.36409775 -131.07419985 28.64000000 175.64769889
-116.00149315 -129.15801993 28.64000000 175.94996483
-118.63888855 -127.24184001 28.64000000 176.31199995
-121.27628395 -125.32566009 28.64000000 176.73343692
-92.26493453 -146.40363923 31.90000000 175.96719503
-94.90232994 -144.48745931 31.90000000 175.78591560
-97.53972534 -142.57127939 31.90000000 175.66495873
-100.17712074 -140.65509946 31.90000000 175.60444905
-92.26493453 -146.40363923 28.64000000 175.40551110
-94.90232994 -144.48745931 28.64000000 175.22365059
-97.53972534 -142.57127939 28.64000000 175.10230531
-100.17712074 -140.65509946 28.64000000 175.04160113
0.00000000 0.00000000 0.00000000 0.00000000
0.00000000 0.00000000 0.00000000 0.00000000
-81.71535293 -154.06835892 31.90000000 177.29091383
-84.35274833 -152.15217900 31.90000000 176.87080518
-86.99014373 -150.23599908 31.90000000 176.50991622
-89.62753913 -148.31981915 31.90000000 176.20861081
-81.71535293 -154.06835892 28.64000000 176.73343692
-84.35274833 -152.15217900 28.64000000 176.31199995
-86.99014373 -150.23599908 28.64000000 175.94996483
-89.62753913 -148.31981915 28.64000000 175.64769889
-100.17712074 -140.65509946 35.16000000 176.22581572
-97.53972534 -142.57127939 35.16000000 176.28611212
-94.90232994 -144.48745931 35.16000000 176.40664309
-92.26493453 -146.40363923 35.16000000 176.58728529
-100.17712074 -140.65509946 38.42000000 176.90508451
-97.53972534 -142.57127939 38.42000000 176.96514946
-94.90232994 -144.48745931 38.42000000 177.08521826
-92.26493453 -146.40363923 38.42000000 177.26516896
0.00000000 0.00000000 0.00000000 0.00000000
0.00000000 0.00000000 0.00000000 0.00000000
-89.62753913 -148.31981915 35.16000000 176.82785449
-86.99014373 -150.23599908 35.16000000 177.12810654
-84.35274833 -152.15217900 35.16000000 177.48773852
-81.71535293 -154.06835892 35.16000000 177.90639034
-89.62753913 -148.31981915 38.42000000 177.50481944
-86.99014373 -150.23599908 38.42000000 177.80392832
-84.35274833 -152.15217900 38.42000000 178.16219612
-81.71535293 -154.06835892 38.42000000 178.57926678
-92.26493453 -146.40363923 44.94000000 178.79163103
-94.90232994 -144.48745931 44.94000000 178.61321823
-97.53972534 -142.57127939 44.94000000 178.49417729
-100.17712074 -140.65509946 44.94000000 178.43462703
-92.26493453 -146.40363923 41.68000000 178.00018574
-94.90232994 -144.48745931 41.68000000 177.82097887
-97.53972534 -142.57127939 41.68000000 177.70140721
-100.17712074 -140.65509946 41.68000000 177.64159120
0.00000000 0.00000000 0.00000000 0.00000000
0.00000000 0.00000000 0.00000000 0.00000000
-81.71535293 -154.06835892 44.94000000 180.09459105
-84.35274833 -152.15217900 44.94000000 179.68103774
-86.99014373 -150.23599908 44.94000000 179.32580440
-89.62753913 -148.31981915 44.94000000 179.02923818
-81.71535293 -154.06835892 41.68000000 179.30889695
-84.35274833 -152.15217900 41.68000000 178.89352734
-86.99014373 -150.23599908 41.68000000 178.53672710
-89.62753913 -148.31981915 41.68000000 178.23884797
-100.17712074 -140.65509946 48.20000000 179.28344186
-97.53972534 -142.57127939 48.20000000 179.34271026
-94.90232994 -144.48745931 48.20000000 179.46118835
-92.26493453 -146.40363923 48.20000000 179.63875897
-100.17712074 -140.65509946 51.46000000 180.18724740
-97.53972534 -142.57127939 51.46000000 180.24621861
-94.90232994 -144.48745931 51.46000000 180.36410321
-92.26493453 -146.40363923 51.46000000 180.54078577
0.00000000 0.00000000 0.00000000 0.00000000
0.00000000 0.00000000 0.00000000 0.00000000
-89.62753913 -148.31981915 48.20000000 179.87524712
-86.99014373 -150.23599908 48.20000000 180.17042078
-84.35274833 -152.15217900 48.20000000 180.52399210
-81.71535293 -154.06835892 48.20000000 180.93561873
-89.62753913 -148.31981915 51.46000000 180.77609390
-86.99014373 -150.23599908 51.46000000 181.06979904
-84.35274833 -152.15217900 51.46000000 181.42161758
-81.71535293 -154.06835892 51.46000000 181.83121219
-110.72670235 -132.99037978 74.90000000 188.56525058
-108.08930694 -134.90655970 74.90000000 188.39609371
-105.45191154 -136.82273962 74.90000000 188.28323804
-102.81451614 -138.73891954 74.90000000 188.22678482
-110.72670235 -132.99037978 78.16000000 189.88372580
-108.08930694 -134.90655970 78.16000000 189.71574454
-105.45191154 -136.82273962 78.16000000 189.60367434
-102.81451614 -138.73891954 78.16000000 189.54761440
0.00000000 0.00000000 0.00000000 0.00000000
0.00000000 0.00000000 0.00000000 0.00000000
-121.27628395 -125.32566009 74.90000000 189.80112783
-118.63888855 -127.24184001 74.90000000 189.40876887
-116.00149315 -129.15801993 74.90000000 189.07181314
-113.36409775 -131.07419985 74.90000000 188.79055730
-121.27628395 -125.32566009 78.16000000 191.11107693
-118.63888855 -127.24184001 78.16000000 190.72141286
-116.00149315 -129.15801993 78.16000000 190.38678033
-113.36409775 -131.07419985 78.16000000 190.10746993
-102.81451614 -138.73891954 71.64000000 186.95347583
-105.45191154 -136.82273962 71.64000000 187.01031342
-108.08930694 -134.90655970 71.64000000 187.12393680
-110.72670235 -132.99037978 71.64000000 187.29424264
-102.81451614 -138.73891954 68.38000000 185.72866479
-105.45191154 -136.82273962 68.38000000 185.78587709
-108.08930694 -134.90655970 68.38000000 185.90024886
-110.72670235 -132.99037978 68.38000000 186.07167470
0.00000000 0.00000000 0.00000000 0.00000000
0.00000000 0.00000000 0.00000000 0.00000000
-113.36409775 -131.07419985 71.64000000 187.52107648
-116.00149315 -129.15801993 71.64000000 187.80423351
-118.63888855 -127.24184001 71.64000000 188.14345943
-121.27628395 -125.32566009 71.64000000 188.53845158
-113.36409775 -131.07419985 68.38000000 186.29999711
-116.00149315 -129.15801993 68.38000000 186.58500724
-118.63888855 -127.24184001 68.38000000 186.92644576
-121.27628395 -125.32566009 68.38000000 187.32400413
-110.72670235 -132.99037978 61.86000000 183.77568752
-108.08930694 -134.90655970 61.86000000 183.60211798
-105.45191154 -136.82273962 61.86000000 183.48631373
-102.81451614 -138.73891954 61.86000000 183.42838419
-110.72670235 -132.99037978 65.12000000 184.89850763
-108.08930694 -134.90655970 65.12000000 184.72599310
-105.45191154 -136.82273962 65.12000000 184.61089384
-102.81451614 -138.73891954 65.12000000 184.55331730
0.00000000 0.00000000 0.00000000 0.00000000
0.00000000 0.00000000 0.00000000 0.00000000
-121.27628395 -125.32566009 61.86000000 185.04355629
-118.63888855 -127.24184001 61.86000000 184.64108786
-116.00149315 -129.15801993 61.86000000 184.29541537
-113.36409775 -131.07419985 61.86000000 184.00685891
-121.27628395 -125.32566009 65.12000000 186.15872938
-118.63888855 -127.24184001 65.12000000 185.75867712
-116.00149315 -129.15801993 65.12000000 185.41508818
-113.36409775 -131.07419985 65.12000000 185.12827695
-102.81451614 -138.73891954 58.60000000 182.35479847
-105.45191154 -136.82273962 58.60000000 182.41306895
-108.08930694 -134.90655970 58.60000000 182.52955411
-110.72670235 -132.99037978 58.60000000 182.70414260
-102.81451614 -138.73891954 55.34000000 181.33347216
-105.45191154 -136.82273962 55.34000000 181.39207073
-108.08930694 -134.90655970 55.34000000 181.50921113
-110.72670235 -132.99037978 55.34000000 181.68478011
0.00000000 0.00000000 0.00000000 0.00000000
0.00000000 0.00000000 0.00000000 0.00000000
-113.36409775 -131.07419985 58.60000000 182.93666807
-116.00149315 -129.15801993 58.60000000 183.22690994
-118.63888855 -127.24184001 58.60000000 183.57459444
-121.27628395 -125.32566009 58.60000000 183.97939593
-113.36409775 -131.07419985 55.34000000 181.91860852
-116.00149315 -129.15801993 55.34000000 182.21047205
-118.63888855 -127.24184001 55.34000000 182.56009237
-121.27628395 -125.32566009 55.34000000 182.96713837
-92.26493453 -146.40363923 58.60000000 182.70414260
-94.90232994 -144.48745931 58.60000000 182.52955411
-97.53972534 -142.57127939 58.60000000 182.41306895
-100.17712074 -140.65509946 58.60000000 182.35479847
-92.26493453 -146.40363923 55.34000000 181.68478011
-94.90232994 -144.48745931 55.34000000 181.50921113
-97.53972534 -142.57127939 55.34000000 181.39207073
-100.17712074 -140.65509946 55.34000000 181.33347216
0.00000000 0.00000000 0.00000000 0.00000000
0.00000000 0.00000000 0.00000000 0.00000000
-81.71535293 -154.06835892 58.60000000 183.97939593
-84.35274833 -152.15217900 58.60000000 183.57459444
-86.99014373 -150.23599908 58.60000000 183.22690994
-89.62753913 -148.31981915 58.60000000 182.93666807
-81.71535293 -154.06835892 55.34000000 182.96713837
-84.35274833 -152.15217900 55.34000000 182.56009237
-86.99014373 -150.23599908 55.34000000 182.21047205
-89.62753913 -148.31981915 55.34000000 181.91860852
-100.17712074 -140.65509946 61.86000000 183.42838419
-97.53972534 -142.57127939 61.86000000 183.48631373
-94.90232994 -144.48745931 61.86000000 183.60211798
-92.26493453 -146.40363923 61.86000000 183.77568752
-100.17712074 -140.65509946 65.12000000 184.55331730
-97.53972534 -142.57127939 65.12000000 184.61089384
-94.90232994 -144.48745931 65.12000000 184.72599310
-92.26493453 -146.40363923 65.12000000 184.89850763
0.00000000 0.00000000 0.00000000 0.00000000
0.00000000 0.00000000 0.00000000 0.00000000
-89.62753913 -148.31981915 61.86000000 184.00685891
-86.99014373 -150.23599908 61.86000000 184.29541537
-84.35274833 -152.15217900 61.86000000 184.64108786
-81.71535293 -154.06835892 61.86000000 185.04355629
-89.62753913 -148.31981915 65.12000000 185.12827695
-86.99014373 -150.23599908 65.12000000 185.41508818
-84.35274833 -152.15217900 65.12000000 185.75867712
-81.71535293 -154.06835892 65.12000000 186.15872938
-92.26493453 -146.40363923 71.64000000 187.29424264
-94.90232994 -144.48745931 71.64000000 187.12393680
-97.53972534 -142.57127939 71.64000000 187.01031342
-100.17712074 -140.65509946 71.64000000 186.95347583
-92.26493453 -146.40363923 68.38000000 186.07167470
-94.90232994 -144.48745931 68.38000000 185.90024886
-97.53972534 -142.57127939 68.38000000 185.78587709
-100.17712074 -140.65509946 68.38000000 185.72866479
0.00000000 0.00000000 0.00000000 0.00000000
0.00000000 0.00000000 0.00000000 0.00000000
-81.71535293 -154.06835892 71.64000000 188.53845158
-84.35274833 -152.15217900 71.64000000 188.14345943
-86.99014373 -150.23599908 71.64000000 187.80423351
-89.62753913 -148.31981915 71.64000000 187.52107648
-81.71535293 -154.06835892 68.38000000 187.32400413
-84.35274833 -152.15217900 68.38000000 186.92644576
-86.99014373 -150.23599908 68.38000000 186.58500724
-89.62753913 -148.31981915 68.38000000 186.29999711
-100.17712074 -140.65509946 74.90000000 188.22678482
-97.53972534 -142.57127939 74.90000000 188.28323804
-94.90232994 -144.48745931 74.90000000 188.39609371
-92.26493453 -146.40363923 74.90000000 188.56525058
-100.17712074 -140.65509946 78.16000000 189.54761440
-97.53972534 -142.57127939 78.16000000 189.60367434
-94.90232994 -144.48745931 78.16000000 189.71574454
-92.26493453 -146.40363923 78.16000000 189.88372580
0.00000000 0.00000000 0.00000000 0.00000000
0.00000000 0.00000000 0.00000000 0.00000000
-89.62753913 -148.31981915 74.90000000 188.79055730
-86.99014373 -150.23599908 74.90000000 189.07181314
-84.35274833 -152.15217900 74.90000000 189.40876887
-81.71535293 -154.06835892 74.90000000 189.80112783
-89.62753913 -148.31981915 78.16000000 190.10746993
-86.99014373 -150.23599908 78.16000000 190.38678033
-84.35274833 -152.15217900 78.16000000 190.72141286
-81.71535293 -154.06835892 78.16000000 191.11107693
-153.19134900 -80.49381539 -58.60000000 182.70414260
-151.48800368 -83.27342232 -58.60000000 182.52955411
-149.78465836 -86.05302926 -58.60000000 182.41306895
-148.08131304 -88.83263619 -58.60000000 182.35479847
-153.19134900 -80.49381539 -55.34000000 181.68478011
-151.48800368 -83.27342232 -55.34000000 181.50921113
-149.78465836 -86.05302926 -55.34000000 181.39207073
-148.08131304 -88.83263619 -55.34000000 181.33347216
0.00000000 0.00000000 0.00000000 0.00000000
0.00000000 0.00000000 0.00000000 0.00000000
-160.00473029 -69.37538764 -58.60000000 183.97939593
-158.30138497 -72.15499458 -58.60000000 183.57459444
-156.59803965 -74.93460152 -58.60000000 183.22690994
-154.89469432 -77.71420845 -58.60000000 182.93666807
-160.00473029 -69.37538764 -55.34000000 182.96713837
-158.30138497 -72.15499458 -55.34000000 182.56009237
-156.59803965 -74.93460152 -55.34000000 182.21047205
-154.89469432 -77.71420845 -55.34000000 181.91860852
-148.08131304 -88.83263619 -61.86000000 183.42838419
-149.78465836 -86.05302926 -61.86000000 183.48631373
-151.48800368 -83.27342232 -61.86000000 183.60211798
-153.19134900 -80.49381539 -61.86000000 183.77568752
-148.08131304 -88.83263619 -65.12000000 184.55331730
-149.78465836 -86.05302926 -65.12000000 184.61089384
-151.48800368 -83.27342232 -65.12000000 184.72599310
-153.19134900 -80.49381539 -65.12000000 184.89850763
0.00000000 0.00000000 0.00000000 0.00000000
0.00000000 0.00000000 0.00000000 0.00000000
-154.89469432 -77.71420845 -61.86000000 184.00685891
-156.59803965 -74.93460152 -61.86000000 184.29541537
-158.30138497 -72.15499458 -61.86000000 184.64108786
-160.00473029 -69.37538764 -61.86000000 185.04355629
-154.89469432 -77.71420845 -65.12000000 185.12827695
-156.59803965 -74.93460152 -65.12000000 185.41508818
-158.30138497 -72.15499458 -65.12000000 185.75867712
-160.00473029 -69.37538764 -65.12000000 186.15872938
-153.19134900 -80.49381539 -71.64000000 187.29424264
-151.48800368 -83.27342232 -71.64000000 187.12393680
-149.78465836 -86.05302926 -71.64000000 187.01031342
-148.08131304 -88.83263619 -71.64000000 186.95347583
-153.19134900 -80.49381539 -68.38000000 186.07167470
-151.48800368 -83.27342232 -68.38000000 185.90024886
-149.78465836 -86.05302926 -68.38000000 185.78587709
-148.08131304 -88.83263619 -68.38000000 185.72866479
0.00000000 0.00000000 0.00000000 0.00000000
0.00000000 0.00000000 0.00000000 0.00000000
-160.00473029 -69.37538764 -71.64000000 188.53845158
-158.30138497 -72.15499458 -71.64000000 188.14345943
-156.59803965 -74.93460152 -71.64000000 187.80423351
-154.89469432 -77.71420845 -71.64000000 187.52107648
-160.00473029 -69.37538764 -68.38000000 187.32400413
-158.30138497 -72.15499458 -68.38000000 186.92644576
-156.59803965 -74.93460152 -68.38000000 186.58500724
-154.89469432 -77.71420845 -68.38000000 186.29999711
-148.08131304 -88.83263619 -74.90000000 188.22678482
-149.78465836 -86.05302926 -74.90000000 188.28323804
-151.48800368 -83.27342232 -74.90000000 188.39609371
-153.19134900 -80.49381539 -74.90000000 188.56525058
-148.08131304 -88.83263619 -78.16000000 189.54761440
-149.78465836 -86.05302926 -78.16000000 189.60367434
-151.48800368 -83.27342232 -78.16000000 189.71574454
-153.19134900 -80.49381539 -78.16000000 189.88372580
0.00000000 0.00000000 0.00000000 0.00000000
0.00000000 0.00000000 0.00000000 0.00000000
-154.89469432 -77.71420845 -74.90000000 188.79055730
-156.59803965 -74.93460152 -74.90000000 189.07181314
-158.30138497 -72.15499458 -74.90000000 189.40876887
-160.00473029 -69.37538764 -74.90000000 189.80112783
-154.89469432 -77.71420845 -78.16000000 190.10746993
-156.59803965 -74.93460152 -78.16000000 190.38678033
-158.30138497 -72.15499458 -78.16000000 190.72141286
-160.00473029 -69.37538764 -78.16000000 191.11107693
-141.26793176 -99.95106394 -74.90000000 188.56525058
-142.97127708 -97.17145700 -74.90000000 188.39609371
-144.67462240 -94.39185007 -74.90000000 188.28323804
-146.37796772 -91.61224313 -74.90000000 188.22678482
-141.26793176 -99.95106394 -78.16000000 189.88372580
-142.97127708 -97.17145700 -78.16000000 189.71574454
-144.67462240 -94.39185007 -78.16000000 189.60367434
-146.37796772 -91.61224313 -78.16000000 189.54761440
0.00000000 0.00000000 0.00000000 0.00000000
0.00000000 0.00000000 0.00000000 0.00000000
-134.45455047 -111.06949168 -74.90000000 189.80112783
-136.15789579 -108.28988474 -74.90000000 189.40876887
-137.86124111 -105.51027781 -74.90000000 189.07181314
-139.56458644 -102.73067087 -74.90000000 188.79055730
-134.45455047 -111.06949168 -78.16000000 191.11107693
-136.15789579 -108.28988474 -78.16000000 190.72141286
-137.86124111 -105.51027781 -78.16000000 190.38678033
-139.56458644 -102.73067087 -78.16000000 190.10746993
-146.37796772 -91.61224313 -71.64000000 186.95347583
-144.67462240 -94.39185007 -71.64000000 187.01031342
-142.97127708 -97.17145700 -71.64000000 187.12393680
-141.26793176 -99.95106394 -71.64000000 187.29424264
-146.37796772 -91.61224313 -68.38000000 185.72866479
-144.67462240 -94.39185007 -68.38000000 185.78587709
-142.97127708 -97.17145700 -68.38000000 185.90024886
-141.26793176 -99.95106394 -68.38000000 186.07167470
0.00000000 0.00000000 0.00000000 0.00000000
0.00000000 0.00000000 0.00000000 0.00000000
-139.56458644 -102.73067087 -71.64000000 187.52107648
-137.86124111 -105.51027781 -71.64000000 187.80423351
-136.15789579 -108.28988474 -71.64000000 188.14345943
-134.45455047 -111.06949168 -71.64000000 188.53845158
-139.56458644 -102.73067087 -68.38000000 186.29999711
-137.86124111 -105.51027781 -68.38000000 186.58500724
-136.15789579 -108.28988474 -68.38000000 186.92644576
-134.45455047 -111.06949168 -68.38000000 187.32400413
-141.26793176 -99.95106394 -61.86000000 183.77568752
-142.97127708 -97.17145700 -61.86000000 183.60211798
-144.67462240 -94.39185007 -61.86000000 183.48631373
-146.37796772 -91.61224313 -61.86000000 183.42838419
-141.26793176 -99.95106394 -65.12000000 184.89850763
-142.97127708 -97.17145700 -65.12000000 184.72599310
-144.67462240 -94.39185007 -65.12000000 184.61089384
-146.37796772 -91.61224313 -65.12000000 184.55331730
0.00000000 0.00000000 0.00000000 0.00000000
0.00000000 0.00000000 0.00000000 0.00000000
-134.45455047 -111.06949168 -61.86000000 185.04355629
-136.15789579 -108.28988474 -61.86000000 184.64108786
-137.86124111 -105.51027781 -61.86000000 184.29541537
-139.56458644 -102.73067087 -61.86000000 184.00685891
-134.45455047 -111.06949168 -65.12000000 186.15872938
-136.15789579 -108.28988474 -65.12000000 185.75867712
-137.86124111 -105.51027781 -65.12000000 185.41508818
-139.56458644 -102.73067087 -65.12000000 185.12827695
-146.37796772 -91.61224313 -58.60000000 182.35479847
-144.67462240 -94.39185007 -58.60000000 182.41306895
-142.97127708 -97.17145700 -58.60000000 182.52955411
-141.26793176 -99.95106394 -58.60000000 182.70414260
-146.37796772 -91.61224313 -55.34000000 181.33347216
-144.67462240 -94.39185007 -55.34000000 181.39207073
-142.97127708 -97.17145700 -55.34000000 181.50921113
-141.26793176 -99.95106394 -55.34000000 181.68478011
0.00000000 0.00000000 0.00000000 0.00000000
0.00000000 0.00000000 0.00000000 0.00000000
-139.56458644 -102.73067087 -58.60000000 182.93666807
-137.86124111 -105.51027781 -58.60000000 183.22690994
-136.15789579 -108.28988474 -58.60000000 183.57459444
-134.45455047 -111.06949168 -58.60000000 183.97939593
-139.56458644 -102.73067087 -55.34000000 181.91860852
-137.86124111 -105.51027781 -55.34000000 182.21047205
-136.15789579 -108.28988474 -55.34000000 182.56009237
-134.45455047 -111.06949168 -55.34000000 182.96713837
-153.19134900 -80.49381539 -31.90000000 175.96719503
-151.48800368 -83.27342232 -31.90000000 175.78591560
-149.78465836 -86.05302926 -31.90000000 175.66495873
-148.08131304 -88.83263619 -31.90000000 175.60444905
-153.19134900 -80.49381539 -28.64000000 175.40551110
-151.48800368 -83.27342232 -28.64000000 175.22365059
-149.78465836 -86.05302926 -28.64000000 175.10230531
-148.08131304 -88.83263619 -28.64000000 175.04160113
0.00000000 0.00000000 0.00000000 0.00000000
0.00000000 0.00000000 0.00000000 0.00000000
-160.00473029 -69.37538764 -31.90000000 177.29091383
-158.30138497 -72.15499458 -31.90000000 176.87080518
-156.59803965 -74.93460152 -31.90000000 176.50991622
-154.89469432 -77.71420845 -31.90000000 176.20861081
-160.00473029 -69.37538764 -28.64000000 176.73343692
-158.30138497 -72.15499458 -28.64000000 176.31199995
-156.59803965 -74.93460152 -28.64000000 175.94996483
-154.89469432 -77.71420845 -28.64000000 175.64769889
-148.08131304 -88.83263619 -35.16000000 176.22581572
-149.78465836 -86.05302926 -35.16000000 176.28611212
-151.48800368 -83.27342232 -35.16000000 176.40664309
-153.19134900 -80.49381539 -35.16000000 176.58728529
-148.08131304 -88.83263619 -38.42000000 176.90508451
-149.78465836 -86.05302926 -38.42000000 176.96514946
-151.48800368 -83.27342232 -38.42000000 177.08521826
-153.19134900 -80.49381539 -38.42000000 177.26516896
0.00000000 0.00000000 0.00000000 0.00000000
0.00000000 0.00000000 0.00000000 0.00000000
-154.89469432 -77.71420845 -35.16000000 176.82785449
-156.59803965 -74.93460152 -35.16000000 177.12810654
-158.30138497 -72.15499458 -35.16000000 177.48773852
-160.00473029 -69.37538764 -35.16000000 177.90639034
-154.89469432 -77.71420845 -38.42000000 177.50481944
-156.59803965 -74.93460152 -38.42000000 177.80392832
-158.30138497 -72.15499458 -38.42000000 178.16219612
-160.00473029 -69.37538764 -38.42000000 178.57926678
-153.19134900 -80.49381539 -44.94000000 178.79163103
-151.48800368 -83.27342232 -44.94000000 178.61321823
-149.78465836 -86.05302926 -44.94000000 178.49417729
-148.08131304 -88.83263619 -44.94000000 178.43462703
-153.19134900 -80.49381539 -41.68000000 178.00018574
-151.48800368 -83.27342232 -41.68000000 177.82097887
-149.78465836 -86.05302926 -41.68000000 177.70140721
-148.08131304 -88.83263619 -41.68000000 177.64159120
0.00000000 0.00000000 0.00000000 0.00000000
0.00000000 0.00000000 0.00000000 0.00000000
-160.00473029 -69.37538764 -44.94000000 180.09459105
-158.30138497 -72.15499458 -44.94000000 179.68103774
-156.59803965 -74.93460152 -44.94000000 179.32580440
-154.89469432 -77.71420845 -44.94000000 179.02923818
-160.00473029 -69.37538764 -41.68000000 179.30889695
-158.30138497 -72.15499458 -41.68000000 178.89352734
-156.59803965 -74.93460152 -41.68000000 178.53672710
-154.89469432 -77.71420845 -41.68000000 178.23884797
-148.08131304 -88.83263619 -48.20000000 179.28344186
-149.78465836 -86.05302926 -48.20000000 179.34271026
-151.48800368 -83.27342232 -48.20000000 179.46118835
-153.19134900 -80.49381539 -48.20000000 179.63875897
-148.08131304 -88.83263619 -51.46000000 180.18724740
-149.78465836 -86.05302926 -51.46000000 180.24621861
-151.48800368 -83.27342232 -51.46000000 180.36410321
-153.19134900 -80.49381539 -51.46000000 180.54078577
0.00000000 0.00000000 0.00000000 0.00000000
0.00000000 0.00000000 0.00000000 0.00000000
-154.89469432 -77.71420845 -48.20000000 179.87524712
-156.59803965 -74.93460152 -48.20000000 180.17042078
-158.30138497 -72.15499458 -48.20000000 180.52399210
-160.00473029 -69.37538764 -48.20000000 180.93561873
-154.89469432 -77.71420845 -51.46000000 180.77609390
-156.59803965 -74.93460152 -51.46000000 181.06979904
-158.30138497 -72.15499458 -51.46000000 181.42161758
-160.00473029 -69.37538764 -51.46000000 181.83121219
-141.26793176 -99.95106394 -48.20000000 179.63875897
-142.97127708 -97.17145700 -48.20000000 179.46118835
-144.67462240 -94.39185007 -48.20000000 179.34271026
-146.37796772 -91.61224313 -48.20000000 179.28344186
-141.26793176 -99.95106394 -51.46000000 180.54078577
-142.97127708 -97.17145700 -51.46000000 180.36410321
-144.67462240 -94.39185007 -51.46000000 180.24621861
-146.37796772 -91.61224313 -51.46000000 180.18724740
0.00000000 0.00000000 0.00000000 0.00000000
0.00000000 0.00000000 0.00000000 0.00000000
-134.45455047 -111.06949168 -48.20000000 180.93561873
-136.15789579 -108.28988474 -48.20000000 180.52399210
-137.86124111 -105.51027781 -48.20000000 180.17042078
-139.56458644 -102.73067087 -48.20000000 179.87524712
-134.45455047 -111.06949168 -51.46000000 181.83121219
-136.15789579 -108.28988474 -51.46000000 181.42161758
-137.86124111 -105.51027781 -51.46000000 181.06979904
-139.56458644 -102.73067087 -51.46000000 180.77609390
-146.37796772 -91.61224313 -44.94000000 178.43462703
-144.67462240 -94.39185007 -44.94000000 178.49417729
-142.97127708 -97.17145700 -44.94000000 178.61321823
-141.26793176 -99.95106394 -44.94000000 178.79163103
-146.37796772 -91.61224313 -41.68000000 177.64159120
-144.67462240 -94.39185007 -41.68000000 177.70140721
-142.97127708 -97.17145700 -41.68000000 177.82097887
-141.26793176 -99.95106394 -41.68000000 178.00018574
0.00000000 0.00000000 0.00000000 0.00000000
0.00000000 0.00000000 0.00000000 0.00000000
-139.56458644 -102.73067087 -44.94000000 179.02923818
-137.86124111 -105.51027781 -44.94000000 179.32580440
-136.15789579 -108.28988474 -44.94000000 179.68103774
-134.45455047 -111.06949168 -44.94000000 180.09459105
-139.56458644 -102.73067087 -41.68000000 178.23884797
-137.86124111 -105.51027781 -41.68000000 178.53672710
-136.15789579 -108.28988474 -41.68000000 178.89352734
-134.45455047 -111.06949168 -41.68000000 179.30889695
-141.26793176 -99.95106394 -35.16000000 176.58728529
-142.97127708 -97.17145700 -35.16000000 176.40664309
-144.67462240 -94.39185007 -35.16000000 176.28611212
-146.37796772 -91.61224313 -35.16000000 176.22581572
-141.26793176 -99.95106394 -38.42000000 177.26516896
-142.97127708 -97.17145700 -38.42000000 177.08521826
-144.67462240 -94.39185007 -38.42000000 176.96514946
-146.37796772 -91.61224313 -38.42000000 176.90508451
0.00000000 0.00000000 0.00000000 0.00000000
0.00000000 0.00000000 0.00000000 0.00000000
-134.45455047 -111.06949168 -35.16000000 177.90639034
-136.15789579 -108.28988474 -35.16000000 177.48773852
-137.86124111 -105.51027781 -35.16000000 177.12810654
-139.56458644 -102.73067087 -35.16000000 176.82785449
-134.45455047 -111.06949168 -38.42000000 178.57926678
-136.15789579 -108.28988474 -38.42000000 178.16219612
-137.86124111 -105.51027781 -38.42000000 177.80392832
-139.56458644 -102.73067087 -38.42000000 177.50481944
-146.37796772 -91.61224313 -31.90000000 175.60444905
-144.67462240 -94.39185007 -31.90000000 175.66495873
-142.97127708 -97.17145700 -31.90000000 175.78591560
-141.26793176 -99.95106394 -31.90000000 175.96719503
-146.37796772 -91.61224313 -28.64000000 175.04160113
-144.67462240 -94.39185007 -28.64000000 175.10230531
-142.97127708 -97.17145700 -28.64000000 175.22365059
-141.26793176 -99.95106394 -28.64000000 175.40551110
0.00000000 0.00000000 0.00000000 0.00000000
0.00000000 0.00000000 0.00000000 0.00000000
-139.56458644 -102.73067087 -31.90000000 176.20861081
-137.86124111 -105.51027781 -31.90000000 176.50991622
-136.15789579 -108.28988474 -31.90000000 176.87080518
-134.45455047 -111.06949168 -31.90000000 177.29091383
-139.56458644 -102.73067087 -28.64000000 175.64769889
-137.86124111 -105.51027781 -28.64000000 175.94996483
-136.15789579 -108.28988474 -28.64000000 176.31199995
-134.45455047 -111.06949168 -28.64000000 176.73343692
-153.19134900 -80.49381539 -5.20000000 173.12967315
-151.48800368 -83.27342232 -5.20000000 172.94541950
-149.78465836 -86.05302926 -5.20000000 172.82247459
-148.08131304 -88.83263619 -5.20000000 172.76096933
-153.19134900 -80.49381539 -1.94000000 173.06243765
-151.48800368 -83.27342232 -1.94000000 172.87811234
-149.78465836 -86.05302926 -1.94000000 172.75511953
-148.08131304 -88.83263619 -1.94000000 172.69359028
0.00000000 0.00000000 0.00000000 0.00000000
0.00000000 0.00000000 0.00000000 0.00000000
-160.00473029 -69.37538764 -5.20000000 174.47492119
-158.30138497 -72.15499458 -5.20000000 174.04801557
-156.59803965 -74.93460152 -5.20000000 173.68126129
-154.89469432 -77.71420845 -5.20000000 173.37504009
-160.00473029 -69.37538764 -1.94000000 174.40820429
-158.30138497 -72.15499458 -1.94000000 173.98113497
-156.59803965 -74.93460152 -1.94000000 173.61423941
-154.89469432 -77.71420845 -1.94000000 173.30789978
-148.08131304 -88.83263619 -8.46000000 172.88980342
-149.78465836 -86.05302926 -8.46000000 172.95126286
-151.48800368 -83.27342232 -8.46000000 173.07411628
-153.19134900 -80.49381539 -8.46000000 173.25823307
-148.08131304 -88.83263619 -11.72000000 173.07995530
-149.78465836 -86.05302926 -11.72000000 173.14134724
-151.48800368 -83.27342232 -11.72000000 173.26406588
-153.19134900 -80.49381539 -11.72000000 173.44798103
0.00000000 0.00000000 0.00000000 0.00000000
0.00000000 0.00000000 0.00000000 0.00000000
-154.89469432 -77.71420845 -8.46000000 173.50341819
-156.59803965 -74.93460152 -8.46000000 173.80941322
-158.30138497 -72.15499458 -8.46000000 174.17589766
-160.00473029 -69.37538764 -8.46000000 174.60249060
-154.89469432 -77.71420845 -11.72000000 173.69289831
-156.59803965 -74.93460152 -11.72000000 173.99856012
-158.30138497 -72.15499458 -11.72000000 174.36464700
-160.00473029 -69.37538764 -11.72000000 174.79077929
-153.19134900 -80.49381539 -18.24000000 174.01017592
-151.48800368 -83.27342232 -18.24000000 173.82685559
-149.78465836 -86.05302926 -18.24000000 173.70453456
-148.08131304 -88.83263619 -18.24000000 173.64334172
-153.19134900 -80.49381539 -14.98000000 173.69871653
-151.48800368 -83.27342232 -14.98000000 173.51506714
-149.78465836 -86.05302926 -14.98000000 173.39252615
-148.08131304 -88.83263619 -14.98000000 173.33122317
0.00000000 0.00000000 0.00000000 0.00000000
0.00000000 0.00000000 0.00000000 0.00000000
-160.00473029 -69.37538764 -18.24000000 175.34866901
-158.30138497 -72.15499458 -18.24000000 174.92389581
-156.59803965 -74.93460152 -18.24000000 174.55898179
-154.89469432 -77.71420845 -18.24000000 174.25430303
-160.00473029 -69.37538764 -14.98000000 175.03959131
-158.30138497 -72.15499458 -14.98000000 174.61406623
-156.59803965 -74.93460152 -14.98000000 174.24850337
-154.89469432 -77.71420845 -14.98000000 173.94328077
-148.08131304 -88.83263619 -21.50000000 174.01598353
-149.78465836 -86.05302926 -21.50000000 174.07704537
-151.48800368 -83.27342232 -21.50000000 174.19910483
-153.19134900 -80.49381539 -21.50000000 174.38203384
-148.08131304 -88.83263619 -24.76000000 174.44876074
-149.78465836 -86.05302926 -24.76000000 174.50967115
-151.48800368 -83.27342232 -24.76000000 174.63142823
-153.19134900 -80.49381539 -24.76000000 174.81390484
0.00000000 0.00000000 0.00000000 0.00000000
0.00000000 0.00000000 0.00000000 0.00000000
-154.89469432 -77.71420845 -21.50000000 174.62564109
-156.59803965 -74.93460152 -21.50000000 174.92967308
-158.30138497 -72.15499458 -21.50000000 175.29381542
-160.00473029 -69.37538764 -21.50000000 175.71769440
-154.89469432 -77.71420845 -24.76000000 175.05691110
-156.59803965 -74.93460152 -24.76000000 175.36019538
-158.30138497 -72.15499458 -24.76000000 175.72344558
-160.00473029 -69.37538764 -24.76000000 176.14629069
-141.26793176 -99.95106394 -21.50000000 174.38203384
-142.97127708 -97.17145700 -21.50000000 174.19910483
-144.67462240 -94.39185007 -21.50000000 174.07704537
-146.37796772 -91.61224313 -21.50000000 174.01598353
-141.26793176 -99.95106394 -24.76000000 174.81390484
-142.97127708 -97.17145700 -24.76000000 174.63142823
-144.67462240 -94.39185007 -24.76000000 174.50967115
-146.37796772 -91.61224313 -24.76000000 174.44876074
0.00000000 0.00000000 0.00000000 0.00000000
0.00000000 0.00000000 0.00000000 0.00000000
-134.45455047 -111.06949168 -21.50000000 175.71769440
-136.15789579 -108.28988474 -21.50000000 175.29381542
-137.86124111 -105.51027781 -21.50000000 174.92967308
-139.56458644 -102.73067087 -21.50000000 174.62564109
-134.45455047 -111.06949168 -24.76000000 176.14629069
-136.15789579 -108.28988474 -24.76000000 175.72344558
-137.86124111 -105.51027781 -24.76000000 175.36019538
-139.56458644 -102.73067087 -24.76000000 175.05691110
-146.37796772 -91.61224313 -18.24000000 173.64334172
-144.67462240 -94.39185007 -18.24000000 173.70453456
-142.97127708 -97.17145700 -18.24000000 173.82685559
-141.26793176 -99.95106394 -18.24000000 174.01017592
-146.37796772 -91.61224313 -14.98000000 173.33122317
-144.67462240 -94.39185007 -14.98000000 173.39252615
-142.97127708 -97.17145700 -14.98000000 173.51506714
-141.26793176 -99.95106394 -14.98000000 173.69871653
0.00000000 0.00000000 0.00000000 0.00000000
0.00000000 0.00000000 0.00000000 0.00000000
-139.56458644 -102.73067087 -18.24000000 174.25430303
-137.86124111 -105.51027781 -18.24000000 174.55898179
-136.15789579 -108.28988474 -18.24000000 174.92389581
-134.45455047 -111.06949168 -18.24000000 175.34866901
-139.56458644 -102.73067087 -14.98000000 173.94328077
-137.86124111 -105.51027781 -14.98000000 174.24850337
-136.15789579 -108.28988474 -14.98000000 174.61406623
-134.45455047 -111.06949168 -14.98000000 175.03959131
-141.26793176 -99.95106394 -8.46000000 173.25823307
-142.97127708 -97.17145700 -8.46000000 173.07411628
-144.67462240 -94.39185007 -8.46000000 172.95126286
-146.37796772 -91.61224313 -8.46000000 172.88980342
-141.26793176 -99.95106394 -11.72000000 173.44798103
-142.97127708 -97.17145700 -11.72000000 173.26406588
-144.67462240 -94.39185007 -11.72000000 173.14134724
-146.37796772 -91.61224313 -11.72000000 173.07995530
0.00000000 0.00000000 0.00000000 0.00000000
0.00000000 0.00000000 0.00000000 0.00000000
-134.45455047 -111.06949168 -8.46000000 174.60249060
-136.15789579 -108.28988474 -8.46000000 174.17589766
-137.86124111 -105.51027781 -8.46000000 173.80941322
-139.56458644 -102.73067087 -8.46000000 173.50341819
-134.45455047 -111.06949168 -11.72000000 174.79077929
-136.15789579 -108.28988474 -11.72000000 174.36464700
-137.86124111 -105.51027781 -11.72000000 173.99856012
-139.56458644 -102.73067087 -11.72000000 173.69289831
-146.37796772 -91.61224313 -5.20000000 172.76096933
-144.67462240 -94.39185007 -5.20000000 172.82247459
-142.97127708 -97.17145700 -5.20000000 172.94541950
-141.26793176 -99.95106394 -5.20000000 173.12967315
-146.37796772 -91.61224313 -1.94000000 172.69359028
-144.67462240 -94.39185007 -1.94000000 172.75511953
-142.97127708 -97.17145700 -1.94000000 172.87811234
-141.26793176 -99.95106394 -1.94000000 173.06243765
0.00000000 0.00000000 0.00000000 0.00000000
0.00000000 0.00000000 0.00000000 0.00000000
-139.56458644 -102.73067087 -5.20000000 173.37504009
-137.86124111 -105.51027781 -5.20000000 173.68126129
-136.15789579 -108.28988474 -5.20000000 174.04801557
-134.45455047 -111.06949168 -5.20000000 174.47492119
-139.56458644 -102.73067087 -1.94000000 173.30789978
-137.86124111 -105.51027781 -1.94000000 173.61423941
-136.15789579 -108.28988474 -1.94000000 173.98113497
-134.45455047 -111.06949168 -1.94000000 174.40820429
-153.19134900 -80.49381539 21.50000000 174.38203384
-151.48800368 -83.27342232 21.50000000 174.19910483
-149.78465836 -86.05302926 21.50000000 174.07704537
-148.08131304 -88.83263619 21.50000000 174.01598353
-153.19134900 -80.49381539 24.76000000 174.81390484
-151.48800368 -83.27342232 24.76000000 174.63142823
-149.78465836 -86.05302926 24.76000000 174.50967115
-148.08131304 -88.83263619 24.76000000 174.44876074
0.00000000 0.00000000 0.00000000 0.00000000
0.00000000 0.00000000 0.00000000 0.00000000
-160.00473029 -69.37538764 21.50000000 175.71769440
-158.30138497 -72.15499458 21.50000000 175.29381542
-156.59803965 -74.93460152 21.50000000 174.92967308
-154.89469432 -77.71420845 21.50000000 174.62564109
-160.00473029 -69.37538764 24.76000000 176.14629069
-158.30138497 -72.15499458 24.76000000 175.72344558
-156.59803965 -74.93460152 24.76000000 175.36019538
-154.89469432 -77.71420845 24.76000000 175.05691110
-148.08131304 -88.83263619 18.24000000 173.64334172
-149.78465836 -86.05302926 18.24000000 173.70453456
-151.48800368 -83.27342232 18.24000000 173.82685559
-153.19134900 -80.49381539 18.24000000 174.01017592
-148.08131304 -88.83263619 14.98000000 173.33122317
-149.78465836 -86.05302926 14.98000000 173.39252615
-151.48800368 -83.27342232 14.98000000 173.51506714
-153.19134900 -80.49381539 14.98000000 173.69871653
0.00000000 0.00000000 0.00000000 0.00000000
0.00000000 0.00000000 0.00000000 0.00000000
-154.89469432 -77.71420845 18.24000000 174.25430303
-156.59803965 -74.93460152 18.24000000 174.55898179
-158.30138497 -72.15499458 18.24000000 174.92389581
-160.00473029 -69.37538764 18.24000000 175.34866901
-154.89469432 -77.71420845 14.98000000 173.94328077
-156.59803965 -74.93460152 14.98000000 174.24850337
-158.30138497 -72.15499458 14.98000000 174.61406623
-160.00473029 -69.37538764 14.98000000 175.03959131
-153.19134900 -80.49381539 8.46000000 173.25823307
-151.48800368 -83.27342232 8.46000000 173.07411628
-149.78465836 -86.05302926 8.46000000 172.95126286
-148.08131304 -88.83263619 8.46000000 172.88980342
-153.19134900 -80.49381539 11.72000000 173.44798103
-151.48800368 -83.27342232 11.72000000 173.26406588
-149.78465836 -86.05302926 11.72000000 173.14134724
-148.08131304 -88.83263619 11.72000000 173.07995530
0.00000000 0.00000000 0.00000000 0.00000000
0.00000000 0.00000000 0.00000000 0.00000000
-160.00473029 -69.37538764 8.46000000 174.60249060
-158.30138497 -72.15499458 8.46000000 174.17589766
-156.59803965 -74.93460152 8.46000000 173.80941322
-154.89469432 -77.71420845 8.46000000 173.50341819
-160.00473029 -69.37538764 11.72000000 174.79077929
-158.30138497 -72.15499458 11.72000000 174.36464700
-156.59803965 -74.93460152 11.72000000 173.99856012
-154.89469432 -77.71420845 11.72000000 173.69289831
-148.08131304 -88.83263619 5.20000000 172.76096933
-149.78465836 -86.05302926 5.20000000 172.82247459
-151.48800368 -83.27342232 5.20000000 172.94541950
-153.19134900 -80.49381539 5.20000000 173.12967315
-148.08131304 -88.83263619 1.94000000 172.69359028
-149.78465836 -86.05302926 1.94000000 172.75511953
-151.48800368 -83.27342232 1.94000000 172.87811234
-153.19134900 -80.49381539 1.94000000 173.06243765
0.00000000 0.00000000 0.00000000 0.00000000
0.00000000 0.00000000 0.00000000 0.00000000
-154.89469432 -77.71420845 5.20000000 173.37504009
-156.59803965 -74.93460152 5.20000000 173.68126129
-158.30138497 -72.15499458 5.20000000 174.04801557
-160.00473029 -69.37538764 5.20000000 174.47492119
-154.89469432 -77.71420845 1.94000000 173.30789978
-156.59803965 -74.93460152 1.94000000 173.61423941
-158.30138497 -72.15499458 1.94000000 173.98113497
-160.00473029 -69.37538764 1.94000000 174.40820429
-141.26793176 -99.95106394 5.20000000 173.12967315
-142.97127708 -97.17145700 5.20000000 172.94541950
-144.67462240 -94.39185007 5.20000000 172.82247459
-146.37796772 -91.61224313 5.20000000 172.76096933
-141.26793176 -99.95106394 1.94000000 173.06243765
-142.97127708 -97.17145700 1.94000000 172.87811234
-144.67462240 -94.39185007 1.94000000 172.75511953
-146.37796772 -91.61224313 1.94000000 172.69359028
0.00000000 0.00000000 0.00000000 0.00000000
0.00000000 0.00000000 0.00000000 0.00000000
-134.45455047 -111.06949168 5.20000000 174.47492119
-136.15789579 -108.28988474 5.20000000 174.04801557
-137.86124111 -105.51027781 5.20000000 173.68126129
-139.56458644 -102.73067087 5.20000000 173.37504009
-134.45455047 -111.06949168 1.94000000 174.40820429
-136.15789579 -108.28988474 1.94000000 173.98113497
-137.86124111 -105.51027781 1.94000000 173.61423941
-139.56458644 -102.73067087 1.94000000 173.30789978
-146.37796772 -91.61224313 8.46000000 172.88980342
-144.67462240 -94.39185007 8.46000000 172.95126286
-142.97127708 -97.17145700 8.46000000 173.07411628
-141.26793176 -99.95106394 8.46000000 173.25823307
-146.37796772 -91.61224313 11.72000000 173.07995530
-144.67462240 -94.39185007 11.72000000 173.14134724
-142.97127708 -97.17145700 11.72000000 173.26406588
-141.26793176 -99.95106394 11.72000000 173.44798103
0.00000000 0.00000000 0.00000000 0.00000000
0.00000000 0.00000000 0.00000000 0.00000000
-139.56458644 -102.73067087 8.46000000 173.50341819
-137.86124111 -105.51027781 8.46000000 173.80941322
-136.15789579 -108.28988474 8.46000000 174.17589766
-134.45455047 -111.06949168 8.46000000 174.60249060
-139.56458644 -102.73067087 11.72000000 173.69289831
-137.86124111 -105.51027781 11.72000000 173.99856012
-136.15789579 -108.28988474 11.72000000 174.36464700
-134.45455047 -111.06949168 11.72000000 174.79077929
-141.26793176 -99.95106394 18.24000000 174.01017592
-142.97127708 -97.17145700 18.24000000 173.82685559
-144.67462240 -94.39185007 18.24000000 173.70453456
-146.37796772 -91.61224313 18.24000000 173.64334172
-141.26793176 -99.95106394 14.98000000 173.69871653
-142.97127708 -97.17145700 14.98000000 173.51506714
-144.67462240 -94.39185007 14.98000000 173.39252615
-146.37796772 -91.61224313 14.98000000 173.33122317
0.00000000 0.00000000 0.00000000 0.00000000
0.00000000 0.00000000 0.00000000 0.00000000
-134.45455047 -111.06949168 18.24000000 175.34866901
-136.15789579 -108.28988474 18.24000000 174.92389581
-137.86124111 -105.51027781 18.24000000 174.55898179
-139.56458644 -102.73067087 18.24000000 174.25430303
-134.45455047 -111.06949168 14.98000000 175.03959131
-136.15789579 -108.28988474 14.98000000 174.61406623
-137.86124111 -105.51027781 14.98000000 174.24850337
-139.56458644 -102.73067087 14.98000000 173.94328077
-146.37796772 -91.61224313 21.50000000 174.01598353
-144.67462240 -94.39185007 21.50000000 174.07704537
-142.97127708 -97.17145700 21.50000000 174.19910483
-141.26793176 -99.95106394 21.50000000 174.38203384
-146.37796772 -91.61224313 24.76000000 174.44876074
-144.67462240 -94.39185007 24.76000000 174.50967115
-142.97127708 -97.17145700 24.76000000 174.63142823
-141.26793176 -99.95106394 24.76000000 174.81390484
0.00000000 0.00000000 0.00000000 0.00000000
0.00000000 0.00000000 0.00000000 0.00000000
-139.56458644 -102.73067087 21.50000000 174.62564109
-137.86124111 -105.51027781 21.50000000 174.92967308
-136.15789579 -108.28988474 21.50000000 175.29381542
-134.45455047 -111.06949168 21.50000000 175.71769440
-139.56458644 -102.73067087 24.76000000 175.05691110
-137.86124111 -105.51027781 24.76000000 175.36019538
-136.15789579 -108.28988474 24.76000000 175.72344558
-134.45455047 -111.06949168 24.76000000 176.14629069
-153.19134900 -80.49381539 48.20000000 179.63875897
-151.48800368 -83.27342232 48.20000000 179.46118835
-149.78465836 -86.05302926 48.20000000 179.34271026
-148.08131304 -88.83263619 48.20000000 179.28344186
-153.19134900 -80.49381539 51.46000000 180.54078577
-151.48800368 -83.27342232 51.46000000 180.36410321
-149.78465836 -86.05302926 51.46000000 180.24621861
-148.08131304 -88.83263619 51.46000000 180.18724740
0.00000000 0.00000000 0.00000000 0.00000000
0.00000000 0.00000000 0.00000000 0.00000000
-160.00473029 -69.37538764 48.20000000 180.93561873
-158.30138497 -72.15499458 48.20000000 180.52399210
-156.59803965 -74.93460152 48.20000000 180.17042078
-154.89469432 -77.71420845 48.20000000 179.87524712
-160.00473029 -69.37538764 51.46000000 181.83121219
-158.30138497 -72.15499458 51.46000000 181.42161758
-156.59803965 -74.93460152 51.46000000 181.06979904
-154.89469432 -77.71420845 51.46000000 180.77609390
-148.08131304 -88.83263619 44.94000000 178.43462703
-149.78465836 -86.05302926 44.94000000 178.49417729
-151.48800368 -83.27342232 44.94000000 178.61321823
-153.19134900 -80.49381539 44.94000000 178.79163103
-148.08131304 -88.83263619 41.68000000 177.64159120
-149.78465836 -86.05302926 41.68000000 177.70140721
-151.48800368 -83.27342232 41.68000000 177.82097887
-153.19134900 -80.49381539 41.68000000 178.00018574
0.00000000 0.00000000 0.00000000 0.00000000
0.00000000 0.00000000 0.00000000 0.00000000
-154.89469432 -77.71420845 44.94000000 179.02923818
-156.59803965 -74.93460152 44.94000000 179.32580440
-158.30138497 -72.15499458 44.94000000 179.68103774
-160.00473029 -69.37538764 44.94000000 180.09459105
-154.89469432 -77.71420845 41.68000000 178.23884797
-156.59803965 -74.93460152 41.68000000 178.53672710
-158.30138497 -72.15499458 41.68000000 178.89352734
-160.00473029 -69.37538764 41.68000000 179.30889695
-153.19134900 -80.49381539 35.16000000 176.58728529
-151.48800368 -83.27342232 35.16000000 176.40664309
-149.78465836 -86.05302926 35.16000000 176.28611212
-148.08131304 -88.83263619 35.16000000 176.22581572
-153.19134900 -80.49381539 38.42000000 177.26516896
-151.48800368 -83.27342232 38.42000000 177.08521826
-149.78465836 -86.05302926 38.42000000 176.96514946
-148.08131304 -88.83263619 38.42000000 176.90508451
0.00000000 0.00000000 0.00000000 0.00000000
0.00000000 0.00000000 0.00000000 0.00000000
-160.00473029 -69.37538764 35.16000000 177.90639034
-158.30138497 -72.15499458 35.16000000 177.48773852
-156.59803965 -74.93460152 35.16000000 177.12810654
-154.89469432 -77.71420845 35.16000000 176.82785449
-160.00473029 -69.37538764 38.42000000 178.57926678
-158.30138497 -72.15499458 38.42000000 178.16219612
-156.59803965 -74.93460152 38.42000000 177.80392832
-154.89469432 -77.71420845 38.42000000 177.50481944
-148.08131304 -88.83263619 31.90000000 175.60444905
-149.78465836 -86.05302926 31.90000000 175.66495873
-151.48800368 -83.27342232 31.90000000 175.78591560
-153.19134900 -80.49381539 31.90000000 175.96719503
-148.08131304 -88.83263619 28.64000000 175.04160113
-149.78465836 -86.05302926 28.64000000 175.10230531
-151.48800368 -83.27342232 28.64000000 175.22365059
-153.19134900 -80.49381539 28.64000000 175.40551110
0.00000000 0.00000000 0.00000000 0.00000000
0.00000000 0.00000000 0.00000000 0.00000000
-154.89469432 -77.71420845 31.90000000 176.20861081
-156.59803965 -74.93460152 31.90000000 176.50991622
-158.30138497 -72.15499458 31.90000000 176.87080518
-160.00473029 -69.37538764 31.90000000 177.29091383
-154.89469432 -77.71420845 28.64000000 175.64769889
-156.59803965 -74.93460152 28.64000000 175.94996483
-158.30138497 -72.15499458 28.64000000 176.31199995
-160.00473029 -69.37538764 28.64000000 176.73343692
-141.26793176 -99.95106394 31.90000000 175.96719503
-142.97127708 -97.17145700 31.90000000 175.78591560
-144.67462240 -94.39185007 31.90000000 175.66495873
-146.37796772 -91.61224313 31.90000000 175.60444905
-141.26793176 -99.95106394 28.64000000 175.40551110
-142.97127708 -97.17145700 28.64000000 175.22365059
-144.67462240 -94.39185007 28.64000000 175.10230531
-146.37796772 -91.61224313 28.64000000 175.04160113
0.00000000 0.00000000 0.00000000 0.00000000
0.00000000 0.00000000 0.00000000 0.00000000
-134.45455047 -111.06949168 31.90000000 177.29091383
-136.15789579 -108.28988474 31.90000000 176.87080518
-137.86124111 -105.51027781 31.90000000 176.50991622
-139.56458644 -102.73067087 31.90000000 176.20861081
-134.45455047 -111.06949168 28.64000000 176.73343692
-136.15789579 -108.28988474 28.64000000 176.31199995
-137.86124111 -105.51027781 28.64000000 175.94996483
-139.56458644 -102.73067087 28.64000000 175.64769889
-146.37796772 -91.61224313 35.16000000 176.22581572
-144.67462240 -94.39185007 35.16000000 176.28611212
-142.97127708 -97.17145700 35.16000000 176.40664309
-141.26793176 -99.95106394 35.16000000 176.58728529
-146.37796772 -91.61224313 38.42000000 176.90508451
-144.67462240 -94.39185007 38.42000000 176.96514946
-142.97127708 -97.17145700 38.42000000 177.08521826
-141.26793176 -99.95106394 38.42000000 177.26516896
0.00000000 0.00000000 0.00000000 0.00000000
0.00000000 0.00000000 0.00000000 0.00000000
-139.56458644 -102.73067087 35.16000000 176.82785449
-137.86124111 -105.51027781 35.16000000 177.12810654
-136.15789579 -108.28988474 35.16000000 177.48773852
-134.45455047 -111.06949168 35.16000000 177.90639034
-139.56458644 -102.73067087 38.42000000 177.50481944
-137.86124111 -105.51027781 38.42000000 177.80392832
-136.15789579 -108.28988474 38.42000000 178.16219612
-134.45455047 -111.06949168 38.42000000 178.57926678
-141.26793176 -99.95106394 44.94000000 178.79163103
-142.97127708 -97.17145700 44.94000000 178.61321823
-144.67462240 -94.39185007 44.94000000 178.49417729
-146.37796772 -91.61224313 44.94000000 178.43462703
-141.26793176 -99.95106394 41.68000000 178.00018574
-142.97127708 -97.17145700 41.68000000 177.82097887
-144.67462240 -94.39185007 41.68000000 177.70140721
-146.37796772 -91.61224313 41.68000000 177.64159120
0.00000000 0.00000000 0.00000000 0.00000000
0.00000000 0.00000000 0.00000000 0.00000000
-134.45455047 -111.06949168 44.94000000 180.09459105
-136.15789579 -108.28988474 44.94000000 179.68103774
-137.86124111 -105.51027781 44.94000000 179.32580440
-139.56458644 -102.73067087 44.94000000 179.02923818
-134.45455047 -111.06949168 41.68000000 179.30889695
-136.15789579 -108.28988474 41.68000000 178.89352734
-137.86124111 -105.51027781 41.68000000 178.53672710
-139.56458644 -102.73067087 41.68000000 178.23884797
-146.37796772 -91.61224313 48.20000000 179.28344186
-144.67462240 -94.39185007 48.20000000 179.34271026
-142.97127708 -97.17145700 48.20000000 179.46118835
-141.26793176 -99.95106394 48.20000000 179.63875897
-146.37796772 -91.61224313 51.46000000 180.18724740
-144.67462240 -94.39185007 51.46000000 180.24621861
-142.97127708 -97.17145700 51.46000000 180.36410321
-141.26793176 -99.95106394 51.46000000 180.54078577
0.00000000 0.00000000 0.00000000 0.00000000
0.00000000 0.00000000 0.00000000 0.00000000
-139.56458644 -102.73067087 48.20000000 179.87524712
-137.86124111 -105.51027781 48.20000000 180.17042078
-136.15789579 -108.28988474 48.20000000 180.52399210
-134.45455047 -111.06949168 48.20000000 180.93561873
-139.56458644 -102.73067087 51.46000000 180.77609390
-137.86124111 -105.51027781 51.46000000 181.06979904
-136.15789579 -108.28988474 51.46000000 181.42161758
-134.45455047 -111.06949168 51.46000000 181.83121219
-153.19134900 -80.49381539 74.90000000 188.56525058
-151.48800368 -83.27342232 74.90000000 188.39609371
-149.78465836 -86.05302926 74.90000000 188.28323804
-148.08131304 -88.83263619 74.90000000 188.22678482
-153.19134900 -80.49381539 78.16000000 189.88372580
-151.48800368 -83.27342232 78.16000000 189.71574454
-149.78465836 -86.05302926 78.16000000 189.60367434
-148.08131304 -88.83263619 78.16000000 189.54761440
0.00000000 0.00000000 0.00000000 0.00000000
0.00000000 0.00000000 0.00000000 0.00000000
-160.00473029 -69.37538764 74.90000000 189.80112783
-158.30138497 -72.15499458 74.90000000 189.40876887
-156.59803965 -74.93460152 74.90000000 189.07181314
-154.89469432 -77.71420845 74.90000000 188.79055730
-160.00473029 -69.37538764 78.16000000 191.11107693
-158.30138497 -72.15499458 78.16000000 190.72141286
-156.59803965 -74.93460152 78.16000000 190.38678033
-154.89469432 -77.71420845 78.16000000 190.10746993
-148.08131304 -88.83263619 71.64000000 186.95347583
-149.78465836 -86.05302926 71.64000000 187.01031342
-151.48800368 -83.27342232 71.64000000 187.12393680
-153.19134900 -80.49381539 71.64000000 187.29424264
-148.08131304 -88.83263619 68.38000000 185.72866479
-149.78465836 -86.05302926 68.38000000 185.78587709
-151.48800368 -83.27342232 68.38000000 185.90024886
-153.19134900 -80.49381539 68.38000000 186.07167470
0.00000000 0.00000000 0.00000000 0.00000000
0.00000000 0.00000000 0.00000000 0.00000000
-154.89469432 -77.71420845 71.64000000 187.52107648
-156.59803965 -74.93460152 71.64000000 187.80423351
-158.30138497 -72.15499458 71.64000000 188.14345943
-160.00473029 -69.37538764 71.64000000 188.53845158
-154.89469432 -77.71420845 68.38000000 186.29999711
-156.59803965 -74.93460152 68.38000000 186.58500724
-158.30138497 -72.15499458 68.38000000 186.92644576
-160.00473029 -69.37538764 68.38000000 187.32400413
-153.19134900 -80.49381539 61.86000000 183.77568752
-151.48800368 -83.27342232 61.86000000 183.60211798
-149.78465836 -86.05302926 61.86000000 183.48631373
-148.08131304 -88.83263619 61.86000000 183.42838419
-153.19134900 -80.49381539 65.12000000 184.89850763
-151.48800368 -83.27342232 65.12000000 184.72599310
-149.78465836 -86.05302926 65.12000000 184.61089384
-148.08131304 -88.83263619 65.12000000 184.55331730
0.00000000 0.00000000 0.00000000 0.00000000
0.00000000 0.00000000 0.00000000 0.00000000
-160.00473029 -69.37538764 61.86000000 185.04355629
-158.30138497 -72.15499458 61.86000000 184.64108786
-156.59803965 -74.93460152 61.86000000 184.29541537
-154.89469432 -77.71420845 61.86000000 184.00685891
-160.00473029 -69.37538764 65.12000000 186.15872938
-158.30138497 -72.15499458 65.12000000 185.75867712
-156.59803965 -74.93460152 65.12000000 185.41508818
-154.89469432 -77.71420845 65.12000000 185.12827695
-148.08131304 -88.83263619 58.60000000 182.35479847
-149.78465836 -86.05302926 58.60000000 182.41306895
-151.48800368 -83.27342232 58.60000000 182.52955411
-153.19134900 -80.49381539 58.60000000 182.70414260
-148.08131304 -88.83263619 55.34000000 181.33347216
-149.78465836 -86.05302926 55.34000000 181.39207073
-151.48800368 -83.27342232 55.34000000 181.50921113
-153.19134900 -80.49381539 55.34000000 181.68478011
0.00000000 0.00000000 0.00000000 0.00000000
0.00000000 0.00000000 0.00000000 0.00000000
-154.89469432 -77.71420845 58.60000000 182.93666807
-156.59803965 -74.93460152 58.60000000 183.22690994
-158.30138497 -72.15499458 58.60000000 183.57459444
-160.00473029 -69.37538764 58.60000000 183.97939593
-154.89469432 -77.71420845 55.34000000 181.91860852
-156.59803965 -74.93460152 55.34000000 182.21047205
-158.30138497 -72.15499458 55.34000000 182.56009237
-160.00473029 -69.37538764 55.34000000 182.96713837
-141.26793176 -99.95106394 58.60000000 182.70414260
-142.97127708 -97.17145700 58.60000000 182.52955411
-144.67462240 -94.39185007 58.60000000 182.41306895
-146.37796772 -91.61224313 58.60000000 182.35479847
-141.26793176 -99.95106394 55.34000000 181.68478011
-142.97127708 -97.17145700 55.34000000 181.50921113
-144.67462240 -94.39185007 55.34000000 181.39207073
-146.37796772 -91.61224313 55.34000000 181.33347216
0.00000000 0.00000000 0.00000000 0.00000000
0.00000000 0.00000000 0.00000000 0.00000000
-134.45455047 -111.06949168 58.60000000 183.97939593
-136.15789579 -108.28988474 58.60000000 183.57459444
-137.86124111 -105.51027781 58.60000000 183.22690994
-139.56458644 -102.73067087 58.60000000 182.93666807
-134.45455047 -111.06949168 55.34000000 182.96713837
-136.15789579 -108.28988474 55.34000000 182.56009237
-137.86124111 -105.51027781 55.34000000 182.21047205
-139.56458644 -102.73067087 55.34000000 181.91860852
-146.37796772 -91.61224313 61.86000000 183.42838419
-144.67462240 -94.39185007 61.86000000 183.48631373
-142.97127708 -97.17145700 61.86000000 183.60211798
-141.26793176 -99.95106394 61.86000000 183.77568752
-146.37796772 -91.61224313 65.12000000 184.55331730
-144.67462240 -94.39185007 65.12000000 184.61089384
-142.97127708 -97.17145700 65.12000000 184.72599310
-141.26793176 -99.95106394 65.12000000 184.89850763
0.00000000 0.00000000 0.00000000 0.00000000
0.00000000 0.00000000 0.00000000 0.00000000
-139.56458644 -102.73067087 61.86000000 184.00685891
-137.86124111 -105.51027781 61.86000000 184.29541537
-136.15789579 -108.28988474 61.86000000 184.64108786
-134.45455047 -111.06949168 61.86000000 185.04355629
-139.56458644 -102.73067087 65.12000000 185.12827695
-137.86124111 -105.51027781 65.12000000 185.41508818
-136.15789579 -108.28988474 65.12000000 185.75867712
-134.45455047 -111.06949168 65.12000000 186.15872938
-141.26793176 -99.95106394 71.64000000 187.29424264
-142.97127708 -97.17145700 71.64000000 187.12393680
-144.67462240 -94.39185007 71.64000000 187.01031342
-146.37796772 -91.61224313 71.64000000 186.95347583
-141.26793176 -99.95106394 68.38000000 186.07167470
-142.97127708 -97.17145700 68.38000000 185.90024886
-144.67462240 -94.39185007 68.38000000 185.78587709
-146.37796772 -91.61224313 68.38000000 185.72866479
0.00000000 0.00000000 0.00000000 0.00000000
0.00000000 0.00000000 0.00000000 0.00000000
-134.45455047 -111.06949168 71.64000000 188.53845158
-136.15789579 -108.28988474 71.64000000 188.14345943
-137.86124111 -105.51027781 71.64000000 187.80423351
-139.56458644 -102.73067087 71.64000000 187.52107648
-134.45455047 -111.06949168 68.38000000 187.32400413
-136.15789579 -108.28988474 68.38000000 186.92644576
-137.86124111 -105.51027781 68.38000000 186.58500724
-139.56458644 -102.73067087 68.38000000 186.29999711
-146.37796772 -91.61224313 74.90000000 188.22678482
-144.67462240 -94.39185007 74.90000000 188.28323804
-142.97127708 -97.17145700 74.90000000 188.39609371
-141.26793176 -99.95106394 74.90000000 188.56525058
-146.37796772 -91.61224313 78.16000000 189.54761440
-144.67462240 -94.39185007 78.16000000 189.60367434
-142.97127708 -97.17145700 78.16000000 189.71574454
-141.26793176 -99.95106394 78.16000000 189.88372580
0.00000000 0.00000000 0.00000000 0.00000000
0.00000000 0.00000000 0.00000000 0.00000000
-139.56458644 -102.73067087 74.90000000 188.79055730
-137.86124111 -105.51027781 74.90000000 189.07181314
-136.15789579 -108.28988474 74.90000000 189.40876887
-134.45455047 -111.06949168 74.90000000 189.80112783
-139.56458644 -102.73067087 78.16000000 190.10746993
-137.86124111 -105.51027781 78.16000000 190.38678033
-136.15789579 -108.28988474 78.16000000 190.72141286
-134.45455047 -111.06949168 78.16000000 191.11107693
-172.33400146 -15.74279728 -58.60000000 182.70414260
-171.82402510 -18.96266127 -58.60000000 182.52955411
-171.31404875 -22.18252527 -58.60000000 182.41306895
-170.80407239 -25.40238926 -58.60000000 182.35479847
-172.33400146 -15.74279728 -55.34000000 181.68478011
-171.82402510 -18.96266127 -55.34000000 181.50921113
-171.31404875 -22.18252527 -55.34000000 181.39207073
-170.80407239 -25.40238926 -55.34000000 181.33347216
0.00000000 0.00000000 0.00000000 0.00000000
0.00000000 0.00000000 0.00000000 0.00000000
-174.37390688 -2.86334132 -58.60000000 183.97939593
-173.86393053 -6.08320531 -58.60000000 183.57459444
-173.35395417 -9.30306930 -58.60000000 183.22690994
-172.84397781 -12.52293329 -58.60000000 182.93666807
-174.37390688 -2.86334132 -55.34000000 182.96713837
-173.86393053 -6.08320531 -55.34000000 182.56009237
-173.35395417 -9.30306930 -55.34000000 182.21047205
-172.84397781 -12.52293329 -55.34000000 181.91860852
-170.80407239 -25.40238926 -61.86000000 183.42838419
-171.31404875 -22.18252527 -61.86000000 183.48631373
-171.82402510 -18.96266127 -61.86000000 183.60211798
-172.33400146 -15.74279728 -61.86000000 183.77568752
-170.80407239 -25.40238926 -65.12000000 184.55331730
-171.31404875 -22.18252527 -65.12000000 184.61089384
-171.82402510 -18.96266127 -65.12000000 184.72599310
-172.33400146 -15.74279728 -65.12000000 184.89850763
0.00000000 0.00000000 0.00000000 0.00000000
0.00000000 0.00000000 0.00000000 0.00000000
-172.84397781 -12.52293329 -61.86000000 184.00685891
-173.35395417 -9.30306930 -61.86000000 184.29541537
-173.86393053 -6.08320531 -61.86000000 184.64108786
-174.37390688 -2.86334132 -61.86000000 185.04355629
-172.84397781 -12.52293329 -65.12000000 185.12827695
-173.35395417 -9.30306930 -65.12000000 185.41508818
-173.86393053 -6.08320531 -65.12000000 185.75867712
-174.37390688 -2.86334132 -65.12000000 186.15872938
-172.33400146 -15.74279728 -71.64000000 187.29424264
-171.82402510 -18.96266127 -71.64000000 187.12393680
-171.31404875 -22.18252527 -71.64000000 187.01031342
-170.80407239 -25.40238926 -71.64000000 186.95347583
-172.33400146 -15.74279728 -68.38000000 186.07167470
-171.82402510 -18.96266127 -68.38000000 185.90024886
-171.31404875 -22.18252527 -68.38000000 185.78587709
-170.80407239 -25.40238926 -68.38000000 185.72866479
0.00000000 0.00000000 0.00000000 0.00000000
0.00000000 0.00000000 0.00000000 0.00000000
-174.37390688 -2.86334132 -71.64000000 188.53845158
-173.86393053 -6.08320531 -71.64000000 188.14345943
-173.35395417 -9.30306930 -71.64000000 187.80423351
-172.84397781 -12.52293329 -71.64000000 187.52107648
-174.37390688 -2.86334132 -68.38000000 187.32400413
-173.86393053 -6.08320531 -68.38000000 186.92644576
-173.35395417 -9.30306930 -68.38000000 186.58500724
-172.84397781 -12.52293329 -68.38000000 186.29999711
-170.80407239 -25.40238926 -74.90000000 188.22678482
-171.31404875 -22.18252527 -74.90000000 188.28323804
-171.82402510 -18.96266127 -74.90000000 188.39609371
-172.33400146 -15.74279728 -74.90000000 188.56525058
-170.80407239 -25.40238926 -78.16000000 189.54761440
-171.31404875 -22.18252527 -78.16000000 189.60367434
-171.82402510 -18.96266127 -78.16000000 189.71574454
-172.33400146 -15.74279728 -78.16000000 189.88372580
0.00000000 0.00000000 0.00000000 0.00000000
0.00000000 0.00000000 0.00000000 0.00000000
-172.84397781 -12.52293329 -74.90000000 188.79055730
-173.35395417 -9.30306930 -74.90000000 189.07181314
-173.86393053 -6.08320531 -74.90000000 189.40876887
-174.37390688 -2.86334132 -74.90000000 189.80112783
-172.84397781 -12.52293329 -78.16000000 190.10746993
-173.35395417 -9.30306930 -78.16000000 190.38678033
-173.86393053 -6.08320531 -78.16000000 190.72141286
-174.37390688 -2.86334132 -78.16000000 191.11107693
-168.76416697 -38.28184522 -74.90000000 188.56525058
-169.27414332 -35.06198123 -74.90000000 188.39609371
-169.78411968 -31.84211724 -74.90000000 188.28323804
-170.29409603 -28.62225325 -74.90000000 188.22678482
-168.76416697 -38.28184522 -78.16000000 189.88372580
-169.27414332 -35.06198123 -78.16000000 189.71574454
-169.78411968 -31.84211724 -78.16000000 189.60367434
-170.29409603 -28.62225325 -78.16000000 189.54761440
0.00000000 0.00000000 0.00000000 0.00000000
0.00000000 0.00000000 0.00000000 0.00000000
-166.72426154 -51.16130118 -74.90000000 189.80112783
-167.23423790 -47.94143719 -74.90000000 189.40876887
-167.74421425 -44.72157320 -74.90000000 189.07181314
-168.25419061 -41.50170921 -74.90000000 188.79055730
-166.72426154 -51.16130118 -78.16000000 191.11107693
-167.23423790 -47.94143719 -78.16000000 190.72141286
-167.74421425 -44.72157320 -78.16000000 190.38678033
-168.25419061 -41.50170921 -78.16000000 190.10746993
-170.29409603 -28.62225325 -71.64000000 186.95347583
-169.78411968 -31.84211724 -71.64000000 187.01031342
-169.27414332 -35.06198123 -71.64000000 187.12393680
-168.76416697 -38.28184522 -71.64000000 187.29424264
-170.29409603 -28.62225325 -68.38000000 185.72866479
-169.78411968 -31.84211724 -68.38000000 185.78587709
-169.27414332 -35.06198123 -68.38000000 185.90024886
-168.76416697 -38.28184522 -68.38000000 186.07167470
0.00000000 0.00000000 0.00000000 0.00000000
0.00000000 0.00000000 0.00000000 0.00000000
-168.25419061 -41.50170921 -71.64000000 187.52107648
-167.74421425 -44.72157320 -71.64000000 187.80423351
-167.23423790 -47.94143719 -71.64000000 188.14345943
-166.72426154 -51.16130118 -71.64000000 188.53845158
-168.25419061 -41.50170921 -68.38000000 186.29999711
-167.74421425 -44.72157320 -68.38000000 186.58500724
-167.23423790 -47.94143719 -68.38000000 186.92644576
-166.72426154 -51.16130118 -68.38000000 187.32400413
-168.76416697 -38.28184522 -61.86000000 183.77568752
-169.27414332 -35.06198123 -61.86000000 183.60211798
-169.78411968 -31.84211724 -61.86000000 183.48631373
-170.29409603 -28.62225325 -61.86000000 183.42838419
-168.76416697 -38.28184522 -65.12000000 184.89850763
-169.27414332 -35.06198123 -65.12000000 184.72599310
-169.78411968 -31.84211724 -65.12000000 184.61089384
-170.29409603 -28.62225325 -65.12000000 184.55331730
0.00000000 0.00000000 0.00000000 0.00000000
0.00000000 0.00000000 0.00000000 0.00000000
-166.72426154 -51.16130118 -61.86000000 185.04355629
-167.23423790 -47.94143719 -61.86000000 184.64108786
-167.74421425 -44.72157320 -61.86000000 184.29541537
-168.25419061 -41.50170921 -61.86000000 184.00685891
-166.72426154 -51.16130118 -65.12000000 186.15872938
-167.23423790 -47.94143719 -65.12000000 185.75867712
-167.74421425 -44.72157320 -65.12000000 185.41508818
-168.25419061 -41.50170921 -65.12000000 185.12827695
-170.29409603 -28.62225325 -58.60000000 182.35479847
-169.78411968 -31.84211724 -58.60000000 182.41306895
-169.27414332 -35.06198123 -58.60000000 182.52955411
-168.76416697 -38.28184522 -58.60000000 182.70414260
-170.29409603 -28.62225325 -55.34000000 181.33347216
-169.78411968 -31.84211724 -55.34000000 181.39207073
-169.27414332 -35.06198123 -55.34000000 181.50921113
-168.76416697 -38.28184522 -55.34000000 181.68478011
0.00000000 0.00000000 0.00000000 0.00000000
0.00000000 0.00000000 0.00000000 0.00000000
-168.25419061 -41.50170921 -58.60000000 182.93666807
-167.74421425 -44.72157320 -58.60000000 183.22690994
-167.23423790 -47.94143719 -58.60000000 183.57459444
-166.72426154 -51.16130118 -58.60000000 183.97939593
-168.25419061 -41.50170921 -55.34000000 181.91860852
-167.74421425 -44.72157320 -55.34000000 182.21047205
-167.23423790 -47.94143719 -55.34000000 182.56009237
-166.72426154 -51.16130118 -55.34000000 182.96713837
-172.33400146 -15.74279728 -31.90000000 175.96719503
-171.82402510 -18.96266127 -31.90000000 175.78591560
-171.31404875 -22.18252527 -31.90000000 175.66495873
-170.80407239 -25.40238926 -31.90000000 175.60444905
-172.33400146 -15.74279728 -28.64000000 175.40551110
-171.82402510 -18.96266127 -28.64000000 175.22365059
-171.31404875 -22.18252527 -28.64000000 175.10230531
-170.80407239 -25.40238926 -28.64000000 175.04160113
0.00000000 0.00000000 0.00000000 0.00000000
0.00000000 0.00000000 0.00000000 0.00000000
-174.37390688 -2.86334132 -31.90000000 177.29091383
-173.86393053 -6.08320531 -31.90000000 176.87080518
-173.35395417 -9.30306930 -31.90000000 176.50991622
-172.84397781 -12.52293329 -31.90000000 176.20861081
-174.37390688 -2.86334132 -28.64000000 176.73343692
-173.86393053 -6.08320531 -28.64000000 176.31199995
-173.35395417 -9.30306930 -28.64000000 175.94996483
-172.84397781 -12.52293329 -28.64000000 175.64769889
-170.80407239 -25.40238926 -35.16000000 176.22581572
-171.31404875 -22.18252527 -35.16000000 176.28611212
-171.82402510 -18.96266127 -35.16000000 176.40664309
-172.33400146 -15.74279728 -35.16000000 176.58728529
-170.80407239 -25.40238926 -38.42000000 176.90508451
-171.31404875 -22.18252527 -38.42000000 176.96514946
-171.82402510 -18.96266127 -38.42000000 177.08521826
-172.33400146 -15.74279728 -38.42000000 177.26516896
0.00000000 0.00000000 0.00000000 0.00000000
0.00000000 0.00000000 0.00000000 0.00000000
-172.84397781 -12.52293329 -35.16000000 176.82785449
-173.35395417 -9.30306930 -35.16000000 177.12810654
-173.86393053 -6.08320531 -35.16000000 177.48773852
-174.37390688 -2.86334132 -35.16000000 177.90639034
-172.84397781 -12.52293329 -38.42000000 177.50481944
-173.35395417 -9.30306930 -38.42000000 177.80392832
-173.86393053 -6.08320531 -38.42000000 178.16219612
-174.37390688 -2.86334132 -38.42000000 178.57926678
-172.33400146 -15.74279728 -44.94000000 178.79163103
-171.82402510 -18.96266127 -44.94000000 178.61321823
-171.31404875 -22.18252527 -44.94000000 178.49417729
-170.80407239 -25.40238926 -44.94000000 178.43462703
-172.33400146 -15.74279728 -41.68000000 178.00018574
-171.82402510 -18.96266127 -41.68000000 177.82097887
-171.31404875 -22.18252527 -41.68000000 177.70140721
-170.80407239 -25.40238926 -41.68000000 177.64159120
0.00000000 0.00000000 0.00000000 0.00000000
0.00000000 0.00000000 0.00000000 0.00000000
-174.37390688 -2.86334132 -44.94000000 180.09459105
-173.86393053 -6.08320531 -44.94000000 179.68103774
-173.35395417 -9.30306930 -44.94000000 179.32580440
-172.84397781 -12.52293329 -44.94000000 179.02923818
-174.37390688 -2.86334132 -41.68000000 179.30889695
-173.86393053 -6.08320531 -41.68000000 178.89352734
-173.35395417 -9.30306930 -41.68000000 178.53672710
-172.84397781 -12.52293329 -41.68000000 178.23884797
-170.80407239 -25.40238926 -48.20000000 179.28344186
-171.31404875 -22.18252527 -48.20000000 179.34271026
-171.82402510 -18.96266127 -48.20000000 179.46118835
-172.33400146 -15.74279728 -48.20000000 179.63875897
-170.80407239 -25.40238926 -51.46000000 180.18724740
-171.31404875 -22.18252527 -51.46000000 180.24621861
-171.82402510 -18.96266127 -51.46000000 180.36410321
-172.33400146 -15.74279728 -51.46000000 180.54078577
0.00000000 0.00000000 0.00000000 0.00000000
0.00000000 0.00000000 0.00000000 0.00000000
-172.84397781 -12.52293329 -48.20000000 179.87524712
-173.35395417 -9.30306930 -48.20000000 180.17042078
-173.86393053 -6.08320531 -48.20000000 180.52399210
-174.37390688 -2.86334132 -48.20000000 180.93561873
-172.84397781 -12.52293329 -51.46000000 180.77609390
-173.35395417 -9.30306930 -51.46000000 181.06979904
-173.86393053 -6.08320531 -51.46000000 181.42161758
-174.37390688 -2.86334132 -51.46000000 181.83121219
-168.76416697 -38.28184522 -48.20000000 179.63875897
-169.27414332 -35.06198123 -48.20000000 179.46118835
-169.78411968 -31.84211724 -48.20000000 179.34271026
-170.29409603 -28.62225325 -48.20000000 179.28344186
-168.76416697 -38.28184522 -51.46000000 180.54078577
-169.27414332 -35.06198123 -51.46000000 180.36410321
-169.78411968 -31.84211724 -51.46000000 180.24621861
-170.29409603 -28.62225325 -51.46000000 180.18724740
0.00000000 0.00000000 0.00000000 0.00000000
0.00000000 0.00000000 0.00000000 0.00000000
-166.72426154 -51.16130118 -48.20000000 180.93561873
-167.23423790 -47.94143719 -48.20000000 180.52399210
-167.74421425 -44.72157320 -48.20000000 180.17042078
-168.25419061 -41.50170921 -48.20000000 179.87524712
-166.72426154 -51.16130118 -51.46000000 181.83121219
-167.23423790 -47.94143719 -51.46000000 181.42161758
-167.74421425 -44.72157320 -51.46000000 181.06979904
-168.25419061 -41.50170921 -51.46000000 180.77609390
-170.29409603 -28.62225325 -44.94000000 178.43462703
-169.78411968 -31.84211724 -44.94000000 178.49417729
-169.27414332 -35.06198123 -44.94000000 178.61321823
-168.76416697 -38.28184522 -44.94000000 178.79163103
-170.29409603 -28.62225325 -41.68000000 177.64159120
-169.78411968 -31.84211724 -41.68000000 177.70140721
-169.27414332 -35.06198123 -41.68000000 177.82097887
-168.76416697 -38.28184522 -41.68000000 178.00018574
0.00000000 0.00000000 0.00000000 0.00000000
0.00000000 0.00000000 0.00000000 0.00000000
-168.25419061 -41.50170921 -44.94000000 179.02923818
-167.74421425 -44.72157320 -44.94000000 179.32580440
-167.23423790 -47.94143719 -44.94000000 179.68103774
-166.72426154 -51.16130118 -44.94000000 180.09459105
-168.25419061 -41.50170921 -41.68000000 178.23884797
-167.74421425 -44.72157320 -41.68000000 178.53672710
-167.23423790 -47.94143719 -41.68000000 178.89352734
-166.72426154 -51.16130118 -41.68000000 179.30889695
-168.76416697 -38.28184522 -35.16000000 176.58728529
-169.27414332 -35.06198123 -35.16000000 176.40664309
-169.78411968 -31.84211724 -35.16000000 176.28611212
-170.29409603 -28.62225325 -35.16000000 176.22581572
-168.76416697 -38.28184522 -38.42000000 177.26516896
-169.27414332 -35.06198123 -38.42000000 177.08521826
-169.78411968 -31.84211724 -38.42000000 176.96514946
-170.29409603 -28.62225325 -38.42000000 176.90508451
0.00000000 0.00000000 0.00000000 0.00000000
0.00000000 0.00000000 0.00000000 0.00000000
-166.72426154 -51.16130118 -35.16000000 177.90639034
-167.23423790 -47.94143719 -35.16000000 177.48773852
-167.74421425 -44.72157320 -35.16000000 177.12810654
-168.25419061 -41.50170921 -35.16000000 176.82785449
-166.72426154 -51.16130118 -38.42000000 178.57926678
-167.23423790 -47.94143719 -38.42000000 178.16219612
-167.74421425 -44.72157320 -38.42000000 177.80392832
-168.25419061 -41.50170921 -38.42000000 177.50481944
-170.29409603 -28.62225325 -31.90000000 175.60444905
-169.78411968 -31.84211724 -31.90000000 175.66495873
-169.27414332 -35.06198123 -31.90000000 175.78591560
-168.76416697 -38.28184522 -31.90000000 175.96719503
-170.29409603 -28.62225325 -28.64000000 175.04160113
-169.78411968 -31.84211724 -28.64000000 175.10230531
-169.27414332 -35.06198123 -28.64000000 175.22365059
-168.76416697 -38.28184522 -28.64000000 175.40551110
0.00000000 0.00000000 0.00000000 0.00000000
0.00000000 0.00000000 0.00000000 0.00000000
-168.25419061 -41.50170921 -31.90000000 176.20861081
-167.74421425 -44.72157320 -31.90000000 176.50991622
-167.23423790 -47.94143719 -31.90000000 176.87080518
-166.72426154 -51.16130118 -31.90000000 177.29091383
-168.25419061 -41.50170921 -28.64000000 175.64769889
-167.74421425 -44.72157320 -28.64000000 175.94996483
-167.23423790 -47.94143719 -28.64000000 176.31199995
-166.72426154 -51.16130118 -28.64000000 176.73343692
-172.33400146 -15.74279728 -5.20000000 173.12967315
-171.82402510 -18.96266127 -5.20000000 172.94541950
-171.31404875 -22.18252527 -5.20000000 172.82247459
-170.80407239 -25.40238926 -5.20000000 172.76096933
-172.33400146 -15.74279728 -1.94000000 173.06243765
-171.82402510 -18.96266127 -1.94000000 172.87811234
-171.31404875 -22.18252527 -1.94000000 172.75511953
-170.80407239 -25.40238926 -1.94000000 172.69359028
0.00000000 0.00000000 0.00000000 0.00000000
0.00000000 0.00000000 0.00000000 0.00000000
-174.37390688 -2.86334132 -5.20000000 174.47492119
-173.86393053 -6.08320531 -5.20000000 174.04801557
-173.35395417 -9.30306930 -5.20000000 173.68126129
-172.84397781 -12.52293329 -5.20000000 173.37504009
-174.37390688 -2.86334132 -1.94000000 174.40820429
-173.86393053 -6.08320531 -1.94000000 173.98113497
-173.35395417 -9.30306930 -1.94000000 173.61423941
-172.84397781 -12.52293329 -1.94000000 173.30789978
-170.80407239 -25.40238926 -8.46000000 172.88980342
-171.31404875 -22.18252527 -8.46000000 172.95126286
-171.82402510 -18.96266127 -8.46000000 173.07411628
-172.33400146 -15.74279728 -8.46000000 173.25823307
-170.80407239 -25.40238926 -11.72000000 173.07995530
-171.31404875 -22.18252527 -11.72000000 173.14134724
-171.82402510 -18.96266127 -11.72000000 173.26406588
-172.33400146 -15.74279728 -11.72000000 173.44798103
0.00000000 0.00000000 0.00000000 0.00000000
0.00000000 0.00000000 0.00000000 0.00000000
-172.84397781 -12.52293329 -8.46000000 173.50341819
-173.35395417 -9.30306930 -8.46000000 173.80941322
-173.86393053 -6.08320531 -8.46000000 174.17589766
-174.37390688 -2.86334132 -8.46000000 174.60249060
-172.84397781 -12.52293329 -11.72000000 173.69289831
-173.35395417 -9.30306930 -11.72000000 173.99856012
-173.86393053 -6.08320531 -11.72000000 174.36464700
-174.37390688 -2.86334132 -11.72000000 174.79077929
-172.33400146 -15.74279728 -18.24000000 174.01017592
-171.82402510 -18.96266127 -18.24000000 173.82685559
-171.31404875 -22.18252527 -18.24000000 173.70453456
-170.80407239 -25.40238926 -18.24000000 173.64334172
-172.33400146 -15.74279728 -14.98000000 173.69871653
-171.82402510 -18.96266127 -14.98000000 173.51506714
-171.31404875 -22.18252527 -14.98000000 173.39252615
-170.80407239 -25.40238926 -14.98000000 173.33122317
0.00000000 0.00000000 0.00000000 0.00000000
0.00000000 0.00000000 0.00000000 0.00000000
-174.37390688 -2.86334132 -18.24000000 175.34866901
-173.86393053 -6.08320531 -18.24000000 174.92389581
-173.35395417 -9.30306930 -18.24000000 174.55898179
-172.84397781 -12.52293329 -18.24000000 174.25430303
-174.37390688 -2.86334132 -14.98000000 175.03959131
-173.86393053 -6.08320531 -14.98000000 174.61406623
-173.35395417 -9.30306930 -14.98000000 174.24850337
-172.84397781 -12.52293329 -14.98000000 173.94328077
-170.80407239 -25.40238926 -21.50000000 174.01598353
-171.31404875 -22.18252527 -21.50000000 174.07704537
-171.82402510 -18.96266127 -21.50000000 174.19910483
-172.33400146 -15.74279728 -21.50000000 174.38203384
-170.80407239 -25.40238926 -24.76000000 174.44876074
-171.31404875 -22.18252527 -24.76000000 174.50967115
-171.82402510 -18.96266127 -24.76000000 174.63142823
-172.33400146 -15.74279728 -24.76000000 174.81390484
0.00000000 0.00000000 0.00000000 0.00000000
0.00000000 0.00000000 0.00000000 0.00000000
-172.84397781 -12.52293329 -21.50000000 174.62564109
-173.35395417 -9.30306930 -21.50000000 174.92967308
-173.86393053 -6.08320531 -21.50000000 175.29381542
-174.37390688 -2.86334132 -21.50000000 175.71769440
-172.84397781 -12.52293329 -24.76000000 175.05691110
-173.35395417 -9.30306930 -24.76000000 175.36019538
-173.86393053 -6.08320531 -24.76000000 175.72344558
-174.37390688 -2.86334132 -24.76000000 176.14629069
-168.76416697 -38.28184522 -21.50000000 174.38203384
-169.27414332 -35.06198123 -21.50000000 174.19910483
-169.78411968 -31.84211724 -21.50000000 174.07704537
-170.29409603 -28.62225325 -21.50000000 174.01598353
-168.76416697 -38.28184522 -24.76000000 174.81390484
-169.27414332 -35.06198123 -24.76000000 174.63142823
-169.78411968 -31.84211724 -24.76000000 174.50967115
-170.29409603 -28.62225325 -24.76000000 174.44876074
0.00000000 0.00000000 0.00000000 0.00000000
0.00000000 0.00000000 0.00000000 0.00000000
-166.72426154 -51.16130118 -21.50000000 175.71769440
-167.23423790 -47.94143719 -21.50000000 175.29381542
-167.74421425 -44.72157320 -21.50000000 174.92967308
-168.25419061 -41.50170921 -21.50000000 174.62564109
-166.72426154 -51.16130118 -24.76000000 176.14629069
-167.23423790 -47.94143719 -24.76000000 175.72344558
-167.74421425 -44.72157320 -24.76000000 175.36019538
-168.25419061 -41.50170921 -24.76000000 175.05691110
-170.29409603 -28.62225325 -18.24000000 173.64334172
-169.78411968 -31.84211724 -18.24000000 173.70453456
-169.27414332 -35.06198123 -18.24000000 173.82685559
-168.76416697 -38.28184522 -18.24000000 174.01017592
-170.29409603 -28.62225325 -14.98000000 173.33122317
-169.78411968 -31.84211724 -14.98000000 173.39252615
-169.27414332 -35.06198123 -14.98000000 173.51506714
-168.76416697 -38.28184522 -14.98000000 173.69871653
0.00000000 0.00000000 0.00000000 0.00000000
0.00000000 0.00000000 0.00000000 0.00000000
-168.25419061 -41.50170921 -18.24000000 174.25430303
-167.74421425 -44.72157320 -18.24000000 174.55898179
-167.23423790 -47.94143719 -18.24000000 174.92389581
-166.72426154 -51.16130118 -18.24000000 175.34866901
-168.25419061 -41.50170921 -14.98000000 173.94328077
-167.74421425 -44.72157320 -14.98000000 174.24850337
-167.23423790 -47.94143719 -14.98000000 174.61406623
-166.72426154 -51.16130118 -14.98000000 175.03959131
-168.76416697 -38.28184522 -8.46000000 173.25823307
-169.27414332 -35.06198123 -8.46000000 173.07411628
-169.78411968 -31.84211724 -8.46000000 172.95126286
-170.29409603 -28.62225325 -8.46000000 172.88980342
-168.76416697 -38.28184522 -11.72000000 173.44798103
-169.27414332 -35.06198123 -11.72000000 173.26406588
-169.78411968 -31.84211724 -11.72000000 173.14134724
-170.29409603 -28.62225325 -11.72000000 173.07995530
0.00000000 0.00000000 0.00000000 0.00000000
0.00000000 0.00000000 0.00000000 0.00000000
-166.72426154 -51.16130118 -8.46000000 174.60249060
-167.23423790 -47.94143719 -8.46000000 174.17589766
-167.74421425 -44.72157320 -8.46000000 173.80941322
-168.25419061 -41.50170921 -8.46000000 173.50341819
-166.72426154 -51.16130118 -11.72000000 174.79077929
-167.23423790 -47.94143719 -11.72000000 174.36464700
-167.74421425 -44.72157320 -11.72000000 173.99856012
-168.25419061 -41.50170921 -11.72000000 173.69289831
-170.29409603 -28.62225325 -5.20000000 172.76096933
-169.78411968 -31.84211724 -5.20000000 172.82247459
-169.27414332 -35.06198123 -5.20000000 172.94541950
-168.76416697 -38.28184522 -5.20000000 173.12967315
-170.29409603 -28.62225325 -1.94000000 172.69359028
-169.78411968 -31.84211724 -1.94000000 172.75511953
-169.27414332 -35.06198123 -1.94000000 172.87811234
-168.76416697 -38.28184522 -1.94000000 173.06243765
0.00000000 0.00000000 0.00000000 0.00000000
0.00000000 0.00000000 0.00000000 0.00000000
-168.25419061 -41.50170921 -5.20000000 173.37504009
-167.74421425 -44.72157320 -5.20000000 173.68126129
-167.23423790 -47.94143719 -5.20000000 174.04801557
-166.72426154 -51.16130118 -5.20000000 174.47492119
-168.25419061 -41.50170921 -1.94000000 173.30789978
-167.74421425 -44.72157320 -1.94000000 173.61423941
-167.23423790 -47.94143719 -1.94000000 173.98113497
-166.72426154 -51.16130118 -1.94000000 174.40820429
-172.33400146 -15.74279728 21.50000000 174.38203384
-171.82402510 -18.96266127 21.50000000 174.19910483
-171.31404875 -22.18252527 21.50000000 174.07704537
-170.80407239 -25.40238926 21.50000000 174.01598353
-172.33400146 -15.74279728 24.76000000 174.81390484
-171.82402510 -18.96266127 24.76000000 174.63142823
-171.31404875 -22.18252527 24.76000000 174.50967115
-170.80407239 -25.40238926 24.76000000 174.44876074
0.00000000 0.00000000 0.00000000 0.00000000
0.00000000 0.00000000 0.00000000 0.00000000
-174.37390688 -2.86334132 21.50000000 175.71769440
-173.86393053 -6.08320531 21.50000000 175.29381542
-173.35395417 -9.30306930 21.50000000 174.92967308
-172.84397781 -12.52293329 21.50000000 174.62564109
-174.37390688 -2.86334132 24.76000000 176.14629069
-173.86393053 -6.08320531 24.76000000 175.72344558
-173.35395417 -9.30306930 24.76000000 175.36019538
-172.84397781 -12.52293329 24.76000000 175.05691110
-170.80407239 -25.40238926 18.24000000 173.64334172
-171.31404875 -22.18252527 18.24000000 173.70453456
-171.82402510 -18.96266127 18.24000000 173.82685559
-172.33400146 -15.74279728 18.24000000 174.01017592
-170.80407239 -25.40238926 14.98000000 173.33122317
-171.31404875 -22.18252527 14.98000000 173.39252615
-171.82402510 -18.96266127 14.98000000 173.51506714
-172.33400146 -15.74279728 14.98000000 173.69871653
0.00000000 0.00000000 0.00000000 0.00000000
0.00000000 0.00000000 0.00000000 0.00000000
-172.84397781 -12.52293329 18.24000000 174.25430303
-173.35395417 -9.30306930 18.24000000 174.55898179
-173.86393053 -6.08320531 18.24000000 174.92389581
-174.37390688 -2.86334132 18.24000000 175.34866901
-172.84397781 -12.52293329 14.98000000 173.94328077
-173.35395417 -9.30306930 14.98000000 174.24850337
-173.86393053 -6.08320531 14.98000000 174.61406623
-174.37390688 -2.86334132 14.98000000 175.03959131
-172.33400146 -15.74279728 8.46000000 173.25823307
-171.82402510 -18.96266127 8.46000000 173.07411628
-171.31404875 -22.18252527 8.46000000 172.95126286
-170.80407239 -25.40238926 8.46000000 172.88980342
-172.33400146 -15.74279728 11.72000000 173.44798103
-171.82402510 -18.96266127 11.72000000 173.26406588
-171.31404875 -22.18252527 11.72000000 173.14134724
-170.80407239 -25.40238926 11.72000000 173.07995530
0.00000000 0.00000000 0.00000000 0.00000000
0.00000000 0.00000000 0.00000000 0.00000000
-174.37390688 -2.86334132 8.46000000 174.60249060
-173.86393053 -6.08320531 8.46000000 174.17589766
-173.35395417 -9.30306930 8.46000000 173.80941322
-172.84397781 -12.52293329 8.46000000 173.50341819
-174.37390688 -2.86334132 11.72000000 174.79077929
-173.86393053 -6.08320531 11.72000000 174.36464700
-173.35395417 -9.30306930 11.72000000 173.99856012
-172.84397781 -12.52293329 11.72000000 173.69289831
-170.80407239 -25.40238926 5.20000000 172.76096933
-171.31404875 -22.18252527 5.20000000 172.82247459
-171.82402510 -18.96266127 5.20000000 172.94541950
-172.33400146 -15.74279728 5.20000000 173.12967315
-170.80407239 -25.40238926 1.94000000 172.69359028
-171.31404875 -22.18252527 1.94000000 172.75511953
-171.82402510 -18.96266127 1.94000000 172.87811234
-172.33400146 -15.74279728 1.94000000 173.06243765
0.00000000 0.00000000 0.00000000 0.00000000
0.00000000 0.00000000 0.00000000 0.00000000
-172.84397781 -12.52293329 5.20000000 173.37504009
-173.35395417 -9.30306930 5.20000000 173.68126129
-173.86393053 -6.08320531 5.20000000 174.04801557
-174.37390688 -2.86334132 5.20000000 174.47492119
-172.84397781 -12.52293329 1.94000000 173.30789978
-173.35395417 -9.30306930 1.94000000 173.61423941
-173.86393053 -6.08320531 1.94000000 173.98113497
-174.37390688 -2.86334132 1.94000000 174.40820429
-168.76416697 -38.28184522 5.20000000 173.12967315
-169.27414332 -35.06198123 5.20000000 172.94541950
-169.78411968 -31.84211724 5.20000000 172.82247459
-170.29409603 -28.62225325 5.20000000 172.76096933
-168.76416697 -38.28184522 1.94000000 173.06243765
-169.27414332 -35.06198123 1.94000000 172.87811234
-169.78411968 -31.84211724 1.94000000 172.75511953
-170.29409603 -28.62225325 1.94000000 172.69359028
0.00000000 0.00000000 0.00000000 0.00000000
0.00000000 0.00000000 0.00000000 0.00000000
-166.72426154 -51.16130118 5.20000000 174.47492119
-167.23423790 -47.94143719 5.20000000 174.04801557
-167.74421425 -44.72157320 5.20000000 173.68126129
-168.25419061 -41.50170921 5.20000000 173.37504009
-166.72426154 -51.16130118 1.94000000 174.40820429
-167.23423790 -47.94143719 1.94000000 173.98113497
-167.74421425 -44.72157320 1.94000000 173.61423941
-168.25419061 -41.50170921 1.94000000 173.30789978
-170.29409603 -28.62225325 8.46000000 172.88980342
-169.78411968 -31.84211724 8.46000000 172.95126286
-169.27414332 -35.06198123 8.46000000 173.07411628
-168.76416697 -38.28184522 8.46000000 173.25823307
-170.29409603 -28.62225325 11.72000000 173.07995530
-169.78411968 -31.84211724 11.72000000 173.14134724
-169.27414332 -35.06198123 11.72000000 173.26406588
-168.76416697 -38.28184522 11.72000000 173.44798103
0.00000000 0.00000000 0.00000000 0.00000000
0.00000000 0.00000000 0.00000000 0.00000000
-168.25419061 -41.50170921 8.46000000 173.50341819
-167.74421425 -44.72157320 8.46000000 173.80941322
-167.23423790 -47.94143719 8.46000000 174.17589766
-166.72426154 -51.16130118 8.46000000 174.60249060
-168.25419061 -41.50170921 11.72000000 173.69289831
-167.74421425 -44.72157320 11.72000000 173.99856012
-167.23423790 -47.94143719 11.72000000 174.36464700
-166.72426154 -51.16130118 11.72000000 174.79077929
-168.76416697 -38.28184522 18.24000000 174.01017592
-169.27414332 -35.06198123 18.24000000 173.82685559
-169.78411968 -31.84211724 18.24000000 173.70453456
-170.29409603 -28.62225325 18.24000000 173.64334172
-168.76416697 -38.28184522 14.98000000 173.69871653
-169.27414332 -35.06198123 14.98000000 173.51506714
-169.78411968 -31.84211724 14.98000000 173.39252615
-170.29409603 -28.62225325 14.98000000 173.33122317
0.00000000 0.00000000 0.00000000 0.00000000
0.00000000 0.00000000 0.00000000 0.00000000
-166.72426154 -51.16130118 18.24000000 175.34866901
-167.23423790 -47.94143719 18.24000000 174.92389581
-167.74421425 -44.72157320 18.24000000 174.55898179
-168.25419061 -41.50170921 18.24000000 174.25430303
-166.72426154 -51.16130118 14.98000000 175.03959131
-167.23423790 -47.94143719 14.98000000 174.61406623
-167.74421425 -44.72157320 14.98000000 174.24850337
-168.25419061 -41.50170921 14.98000000 173.94328077
-170.29409603 -28.62225325 21.50000000 174.01598353
-169.78411968 -31.84211724 21.50000000 174.07704537
-169.27414332 -35.06198123 21.50000000 174.19910483
-168.76416697 -38.28184522 21.50000000 174.38203384
-170.29409603 -28.62225325 24.76000000 174.44876074
-169.78411968 -31.84211724 24.76000000 174.50967115
-169.27414332 -35.06198123 24.76000000 174.63142823
-168.76416697 -38.28184522 24.76000000 174.81390484
0.00000000 0.00000000 0.00000000 0.00000000
0.00000000 0.00000000 0.00000000 0.00000000
-168.25419061 -41.50170921 21.50000000 174.62564109
-167.74421425 -44.72157320 21.50000000 174.92967308
-167.23423790 -47.94143719 21.50000000 175.29381542
-166.72426154 -51.16130118 21.50000000 175.71769440
-168.25419061 -41.50170921 24.76000000 175.05691110
-167.74421425 -44.72157320 24.76000000 175.36019538
-167.23423790 -47.94143719 24.76000000 175.72344558
-166.72426154 -51.16130118 24.76000000 176.14629069
-172.33400146 -15.74279728 48.20000000 179.63875897
-171.82402510 -18.96266127 48.20000000 179.46118835
-171.31404875 -22.18252527 48.20000000 179.34271026
-170.80407239 -25.40238926 48.20000000 179.28344186
-172.33400146 -15.74279728 51.46000000 180.54078577
-171.82402510 -18.96266127 51.46000000 180.36410321
-171.31404875 -22.18252527 51.46000000 180.24621861
-170.80407239 -25.40238926 51.46000000 180.18724740
0.00000000 0.00000000 0.00000000 0.00000000
0.00000000 0.00000000 0.00000000 0.00000000
-174.37390688 -2.86334132 48.20000000 180.93561873
-173.86393053 -6.08320531 48.20000000 180.52399210
-173.35395417 -9.30306930 48.20000000 180.17042078
-172.84397781 -12.52293329 48.20000000 179.87524712
-174.37390688 -2.86334132 51.46000000 181.83121219
-173.86393053 -6.08320531 51.46000000 181.42161758
-173.35395417 -9.30306930 51.46000000 181.06979904
-172.84397781 -12.52293329 51.46000000 180.77609390
-170.80407239 -25.40238926 44.94000000 178.43462703
-171.31404875 -22.18252527 44.94000000 178.49417729
-171.82402510 -18.96266127 44.94000000 178.61321823
-172.33400146 -15.74279728 44.94000000 178.79163103
-170.80407239 -25.40238926 41.68000000 177.64159120
-171.31404875 -22.18252527 41.68000000 177.70140721
-171.82402510 -18.96266127 41.68000000 177.82097887
-172.33400146 -15.74279728 41.68000000 178.00018574
0.00000000 0.00000000 0.00000000 0.00000000
0.00000000 0.00000000 0.00000000 0.00000000
-172.84397781 -12.52293329 44.94000000 179.02923818
-173.35395417 -9.30306930 44.94000000 179.32580440
-173.86393053 -6.08320531 44.94000000 179.68103774
-174.37390688 -2.86334132 44.94000000 180.09459105
-172.84397781 -12.52293329 41.68000000 178.23884797
-173.35395417 -9.30306930 41.68000000 178.53672710
-173.86393053 -6.08320531 41.68000000 178.89352734
-174.37390688 -2.86334132 41.68000000 179.30889695
-172.33400146 -15.74279728 35.16000000 176.58728529
-171.82402510 -18.96266127 35.16000000 176.40664309
-171.31404875 -22.18252527 35.16000000 176.28611212
-170.80407239 -25.40238926 35.16000000 176.22581572
-172.33400146 -15.74279728 38.42000000 177.26516896
-171.82402510 -18.96266127 38.42000000 177.08521826
-171.31404875 -22.18252527 38.42000000 176.96514946
-170.80407239 -25.40238926 38.42000000 176.90508451
0.00000000 0.00000000 0.00000000 0.00000000
0.00000000 0.00000000 0.00000000 0.00000000
-174.37390688 -2.86334132 35.16000000 177.90639034
-173.86393053 -6.08320531 35.16000000 177.48773852
-173.35395417 -9.30306930 35.16000000 177.12810654
-172.84397781 -12.52293329 35.16000000 176.82785449
-174.37390688 -2.86334132 38.42000000 178.57926678
-173.86393053 -6.08320531 38.42000000 178.16219612
-173.35395417 -9.30306930 38.42000000 177.80392832
-172.84397781 -12.52293329 38.42000000 177.50481944
-170.80407239 -25.40238926 31.90000000 175.60444905
-171.31404875 -22.18252527 31.90000000 175.66495873
-171.82402510 -18.96266127 31.90000000 175.78591560
-172.33400146 -15.74279728 31.90000000 175.96719503
-170.80407239 -25.40238926 28.64000000 175.04160113
-171.31404875 -22.18252527 28.64000000 175.10230531
-171.82402510 -18.96266127 28.64000000 175.22365059
-172.33400146 -15.74279728 28.64000000 175.40551110
0.00000000 0.00000000 0.00000000 0.00000000
0.00000000 0.00000000 0.00000000 0.00000000
-172.84397781 -12.52293329 31.90000000 176.20861081
-173.35395417 -9.30306930 31.90000000 176.50991622
-173.86393053 -6.08320531 31.90000000 176.87080518
-174.37390688 -2.86334132 31.90000000 177.29091383
-172.84397781 -12.52293329 28.64000000 175.64769889
-173.35395417 -9.30306930 28.64000000 175.94996483
-173.86393053 -6.08320531 28.64000000 176.31199995
-174.37390688 -2.86334132 28.64000000 176.73343692
-168.76416697 -38.28184522 31.90000000 175.96719503
-169.27414332 -35.06198123 31.90000000 175.78591560
-169.78411968 -31.84211724 31.90000000 175.66495873
-170.29409603 -28.62225325 31.90000000 175.60444905
-168.76416697 -38.28184522 28.64000000 175.40551110
-169.27414332 -35.06198123 28.64000000 175.22365059
-169.78411968 -31.84211724 28.64000000 175.10230531
-170.29409603 -28.62225325 28.64000000 175.04160113
0.00000000 0.00000000 0.00000000 0.00000000
0.00000000 0.00000000 0.00000000 0.00000000
-166.72426154 -51.16130118 31.90000000 177.29091383
-167.23423790 -47.94143719 31.90000000 176.87080518
-167.74421425 -44.72157320 31.90000000 176.50991622
-168.25419061 -41.50170921 31.90000000 176.20861081
-166.72426154 -51.16130118 28.64000000 176.73343692
-167.23423790 -47.94143719 28.64000000 176.31199995
-167.74421425 -44.72157320 28.64000000 175.94996483
-168.25419061 -41.50170921 28.64000000 175.64769889
-170.29409603 -28.62225325 35.16000000 176.22581572
-169.78411968 -31.84211724 35.16000000 176.28611212
-169.27414332 -35.06198123 35.16000000 176.40664309
-168.76416697 -38.28184522 35.16000000 176.58728529
-170.29409603 -28.62225325 38.42000000 176.90508451
-169.78411968 -31.84211724 38.42000000 176.96514946
-169.27414332 -35.06198123 38.42000000 177.08521826
-168.76416697 -38.28184522 38.42000000 177.26516896
0.00000000 0.00000000 0.00000000 0.00000000
0.00000000 0.00000000 0.00000000 0.00000000
-168.25419061 -41.50170921 35.16000000 176.82785449
-167.74421425 -44.72157320 35.16000000 177.12810654
-167.23423790 -47.94143719 35.16000000 177.48773852
-166.72426154 -51.16130118 35.16000000 177.90639034
-168.25419061 -41.50170921 38.42000000 177.50481944
-167.74421425 -44.72157320 38.42000000 177.80392832
-167.23423790 -47.94143719 38.42000000 178.16219612
-166.72426154 -51.16130118 38.42000000 178.57926678
-168.76416697 -38.28184522 44.94000000 178.79163103
-169.27414332 -35.06198123 44.94000000 178.61321823
-169.78411968 -31.84211724 44.94000000 178.49417729
-170.29409603 -28.62225325 44.94000000 178.43462703
-168.76416697 -38.28184522 41.68000000 178.00018574
-169.27414332 -35.06198123 41.68000000 177.82097887
-169.78411968 -31.84211724 41.68000000 177.70140721
-170.29409603 -28.62225325 41.68000000 177.64159120
0.00000000 0.00000000 0.00000000 0.00000000
0.00000000 0.00000000 0.00000000 0.00000000
-166.72426154 -51.16130118 44.94000000 180.09459105
-167.23423790 -47.94143719 44.94000000 179.68103774
-167.74421425 -44.72157320 44.94000000 179.32580440
-168.25419061 -41.50170921 44.94000000 179.02923818
-166.72426154 -51.16130118 41.68000000 179.30889695
-167.23423790 -47.94143719 41.68000000 178.89352734
-167.74421425 -44.72157320 41.68000000 178.53672710
-168.25419061 -41.50170921 41.68000000 178.23884797
-170.29409603 -28.62225325 48.20000000 179.28344186
-169.78411968 -31.84211724 48.20000000 179.34271026
-169.27414332 -35.06198123 48.20000000 179.46118835
-168.76416697 -38.28184522 48.20000000 179.63875897
-170.29409603 -28.62225325 51.46000000 180.18724740
-169.78411968 -31.84211724 51.46000000 180.24621861
-169.27414332 -35.06198123 51.46000000 180.36410321
-168.76416697 -38.28184522 51.46000000 180.54078577
0.00000000 0.00000000 0.00000000 0.00000000
0.00000000 0.00000000 0.00000000 0.00000000
-168.25419061 -41.50170921 48.20000000 179.87524712
-167.74421425 -44.72157320 48.20000000 180.17042078
-167.23423790 -47.94143719 48.20000000 180.52399210
-166.72426154 -51.16130118 48.20000000 180.93561873
-168.25419061 -41.50170921 51.46000000 180.77609390
-167.74421425 -44.72157320 51.46000000 181.06979904
-167.23423790 -47.94143719 51.46000000 181.42161758
-166.72426154 -51.16130118 51.46000000 181.83121219
-172.33400146 -15.74279728 74.90000000 188.56525058
-171.82402510 -18.96266127 74.90000000 188.39609371
-171.31404875 -22.18252527 74.90000000 188.28323804
-170.80407239 -25.40238926 74.90000000 188.22678482
-172.33400146 -15.74279728 78.16000000 189.88372580
-171.82402510 -18.96266127 78.16000000 189.71574454
-171.31404875 -22.18252527 78.16000000 189.60367434
-170.80407239 -25.40238926 78.16000000 189.54761440
0.00000000 0.00000000 0.00000000 0.00000000
0.00000000 0.00000000 0.00000000 0.00000000
-174.37390688 -2.86334132 74.90000000 189.80112783
-173.86393053 -6.08320531 74.90000000 189.40876887
-173.35395417 -9.30306930 74.90000000 189.07181314
-172.84397781 -12.52293329 74.90000000 188.79055730
-174.37390688 -2.86334132 78.16000000 191.11107693
-173.86393053 -6.08320531 78.16000000 190.72141286
-173.35395417 -9.30306930 78.16000000 190.38678033
-172.84397781 -12.52293329 78.16000000 190.10746993
-170.80407239 -25.40238926 71.64000000 186.95347583
-171.31404875 -22.18252527 71.64000000 187.01031342
-171.82402510 -18.96266127 71.64000000 187.12393680
-172.33400146 -15.74279728 71.64000000 187.29424264
-170.80407239 -25.40238926 68.38000000 185.72866479
-171.31404875 -22.18252527 68.38000000 185.78587709
-171.82402510 -18.96266127 68.38000000 185.90024886
-172.33400146 -15.74279728 68.38000000 186.07167470
0.00000000 0.00000000 0.00000000 0.00000000
0.00000000 0.00000000 0.00000000 0.00000000
-172.84397781 -12.52293329 71.64000000 187.52107648
-173.35395417 -9.30306930 71.64000000 187.80423351
-173.86393053 -6.08320531 71.64000000 188.14345943
-174.37390688 -2.86334132 71.64000000 188.53845158
-172.84397781 -12.52293329 68.38000000 186.29999711
-173.35395417 -9.30306930 68.38000000 186.58500724
-173.86393053 -6.08320531 68.38000000 186.92644576
-174.37390688 -2.86334132 68.38000000 187.32400413
-172.33400146 -15.74279728 61.86000000 183.77568752
-171.82402510 -18.96266127 61.86000000 183.60211798
-171.31404875 -22.18252527 61.86000000 183.48631373
-170.80407239 -25.40238926 61.86000000 183.42838419
-172.33400146 -15.74279728 65.12000000 184.89850763
-171.82402510 -18.96266127 65.12000000 184.72599310
-171.31404875 -22.18252527 65.12000000 184.61089384
-170.80407239 -25.40238926 65.12000000 184.55331730
0.00000000 0.00000000 0.00000000 0.00000000
0.00000000 0.00000000 0.00000000 0.00000000
-174.37390688 -2.86334132 61.86000000 185.04355629
-173.86393053 -6.08320531 61.86000000 184.64108786
-173.35395417 -9.30306930 61.86000000 184.29541537
-172.84397781 -12.52293329 61.86000000 184.00685891
-174.37390688 -2.86334132 65.12000000 186.15872938
-173.86393053 -6.08320531 65.12000000 185.75867712
-173.35395417 -9.30306930 65.12000000 185.41508818
-172.84397781 -12.52293329 65.12000000 185.12827695
-170.80407239 -25.40238926 58.60000000 182.35479847
-171.31404875 -22.18252527 58.60000000 182.41306895
-171.82402510 -18.96266127 58.60000000 182.52955411
-172.33400146 -15.74279728 58.60000000 182.70414260
-170.80407239 -25.40238926 55.34000000 181.33347216
-171.31404875 -22.18252527 55.34000000 181.39207073
-171.82402510 -18.96266127 55.34000000 181.50921113
-172.33400146 -15.74279728 55.34000000 181.68478011
0.00000000 0.00000000 0.00000000 0.00000000
0.00000000 0.00000000 0.00000000 0.00000000
-172.84397781 -12.52293329 58.60000000 182.93666807
-173.35395417 -9.30306930 58.60000000 183.22690994
-173.86393053 -6.08320531 58.60000000 183.57459444
-174.37390688 -2.86334132 58.60000000 183.97939593
-172.84397781 -12.52293329 55.34000000 181.91860852
-173.35395417 -9.30306930 55.34000000 182.21047205
-173.86393053 -6.08320531 55.34000000 182.56009237
-174.37390688 -2.86334132 55.34000000 182.96713837
-168.76416697 -38.28184522 58.60000000 182.70414260
-169.27414332 -35.06198123 58.60000000 182.52955411
-169.78411968 -31.84211724 58.60000000 182.41306895
-170.29409603 -28.62225325 58.60000000 182.35479847
-168.76416697 -38.28184522 55.34000000 181.68478011
-169.27414332 -35.06198123 55.34000000 181.50921113
-169.78411968 -31.84211724 55.34000000 181.39207073
-170.29409603 -28.62225325 55.34000000 181.33347216
0.00000000 0.00000000 0.00000000 0.00000000
0.00000000 0.00000000 0.00000000 0.00000000
-166.72426154 -51.16130118 58.60000000 183.97939593
-167.23423790 -47.94143719 58.60000000 183.57459444
-167.74421425 -44.72157320 58.60000000 183.22690994
-168.25419061 -41.50170921 58.60000000 182.93666807
-166.72426154 -51.16130118 55.34000000 182.96713837
-167.23423790 -47.94143719 55.34000000 182.56009237
-167.74421425 -44.72157320 55.34000000 182.21047205
-168.25419061 -41.50170921 55.34000000 181.91860852
-170.29409603 -28.62225325 61.86000000 183.42838419
-169.78411968 -31.84211724 61.86000000 183.48631373
-169.27414332 -35.06198123 61.86000000 183.60211798
-168.76416697 -38.28184522 61.86000000 183.77568752
-170.29409603 -28.62225325 65.12000000 184.55331730
-169.78411968 -31.84211724 65.12000000 184.61089384
-169.27414332 -35.06198123 65.12000000 184.72599310
-168.76416697 -38.28184522 65.12000000 184.89850763
0.00000000 0.00000000 0.00000000 0.00000000
0.00000000 0.00000000 0.00000000 0.00000000
-168.25419061 -41.50170921 61.86000000 184.00685891
-167.74421425 -44.72157320 61.86000000 184.29541537
-167.23423790 -47.94143719 61.86000000 184.64108786
-166.72426154 -51.16130118 61.86000000 185.04355629
-168.25419061 -41.50170921 65.12000000 185.12827695
-167.74421425 -44.72157320 65.12000000 185.41508818
-167.23423790 -47.94143719 65.12000000 185.75867712
-166.72426154 -51.16130118 65.12000000 186.15872938
-168.76416697 -38.28184522 71.64000000 187.29424264
-169.27414332 -35.06198123 71.64000000 187.12393680
-169.78411968 -31.84211724 71.64000000 187.01031342
-170.29409603 -28.62225325 71.64000000 186.95347583
-168.76416697 -38.28184522 68.38000000 186.07167470
-169.27414332 -35.06198123 68.38000000 185.90024886
-169.78411968 -31.84211724 68.38000000 185.78587709
-170.29409603 -28.62225325 68.38000000 185.72866479
0.00000000 0.00000000 0.00000000 0.00000000
0.00000000 0.00000000 0.00000000 0.00000000
-166.72426154 -51.16130118 71.64000000 188.53845158
-167.23423790 -47.94143719 71.64000000 188.14345943
-167.74421425 -44.72157320 71.64000000 187.80423351
-168.25419061 -41.50170921 71.64000000 187.52107648
-166.72426154 -51.16130118 68.38000000 187.32400413
-167.23423790 -47.94143719 68.38000000 186.92644576
-167.74421425 -44.72157320 68.38000000 186.58500724
-168.25419061 -41.50170921 68.38000000 186.29999711
-170.29409603 -28.62225325 74.90000000 188.22678482
-169.78411968 -31.84211724 74.90000000 188.28323804
-169.27414332 -35.06198123 74.90000000 188.39609371
-168.76416697 -38.28184522 74.90000000 188.56525058
-170.29409603 -28.62225325 78.16000000 189.54761440
-169.78411968 -31.84211724 78.16000000 189.60367434
-169.27414332 -35.06198123 78.16000000 189.71574454
-168.76416697 -38.28184522 78.16000000 189.88372580
0.00000000 0.00000000 0.00000000 0.00000000
0.00000000 0.00000000 0.00000000 0.00000000
-168.25419061 -41.50170921 74.90000000 188.79055730
-167.74421425 -44.72157320 74.90000000 189.07181314
-167.23423790 -47.94143719 74.90000000 189.40876887
-166.72426154 -51.16130118 74.90000000 189.80112783
-168.25419061 -41.50170921 78.16000000 190.10746993
-167.74421425 -44.72157320 78.16000000 190.38678033
-167.23423790 -47.94143719 78.16000000 190.72141286
-166.72426154 -51.16130118 78.16000000 191.11107693
-165.24036440 51.40491900 -58.60000000 182.70414260
-166.00139629 48.23499306 -58.60000000 182.52955411
-166.76242818 45.06506711 -58.60000000 182.41306895
-167.52346006 41.89514117 -58.60000000 182.35479847
-165.24036440 51.40491900 -55.34000000 181.68478011
-166.00139629 48.23499306 -55.34000000 181.50921113
-166.76242818 45.06506711 -55.34000000 181.39207073
-167.52346006 41.89514117 -55.34000000 181.33347216
0.00000000 0.00000000 0.00000000 0.00000000
0.00000000 0.00000000 0.00000000 0.00000000
-162.19623686 64.08462276 -58.60000000 183.97939593
-162.95726874 60.91469682 -58.60000000 183.57459444
-163.71830063 57.74477088 -58.60000000 183.22690994
-164.47933252 54.57484494 -58.60000000 182.93666807
-162.19623686 64.08462276 -55.34000000 182.96713837
-162.95726874 60.91469682 -55.34000000 182.56009237
-163.71830063 57.74477088 -55.34000000 182.21047205
-164.47933252 54.57484494 -55.34000000 181.91860852
-167.52346006 41.89514117 -61.86000000 183.42838419
-166.76242818 45.06506711 -61.86000000 183.48631373
-166.00139629 48.23499306 -61.86000000 183.60211798
-165.24036440 51.40491900 -61.86000000 183.77568752
-167.52346006 41.89514117 -65.12000000 184.55331730
-166.76242818 45.06506711 -65.12000000 184.61089384
-166.00139629 48.23499306 -65.12000000 184.72599310
-165.24036440 51.40491900 -65.12000000 184.89850763
0.00000000 0.00000000 0.00000000 0.00000000
0.00000000 0.00000000 0.00000000 0.00000000
-164.47933252 54.57484494 -61.86000000 184.00685891
-163.71830063 57.74477088 -61.86000000 184.29541537
-162.95726874 60.91469682 -61.86000000 184.64108786
-162.19623686 64.08462276 -61.86000000 185.04355629
-164.47933252 54.57484494 -65.12000000 185.12827695
-163.71830063 57.74477088 -65.12000000 185.41508818
-162.95726874 60.91469682 -65.12000000 185.75867712
-162.19623686 64.08462276 -65.12000000 186.15872938
-165.24036440 51.40491900 -71.64000000 187.29424264
-166.00139629 48.23499306 -71.64000000 187.12393680
-166.76242818 45.06506711 -71.64000000 187.01031342
-167.52346006 41.89514117 -71.64000000 186.95347583
-165.24036440 51.40491900 -68.38000000 186.07167470
-166.00139629 48.23499306 -68.38000000 185.90024886
-166.76242818 45.06506711 -68.38000000 185.78587709
-167.52346006 41.89514117 -68.38000000 185.72866479
0.00000000 0.00000000 0.00000000 0.00000000
0.00000000 0.00000000 0.00000000 0.00000000
-162.19623686 64.08462276 -71.64000000 188.53845158
-162.95726874 60.91469682 -71.64000000 188.14345943
-163.71830063 57.74477088 -71.64000000 187.80423351
-164.47933252 54.57484494 -71.64000000 187.52107648
-162.19623686 64.08462276 -68.38000000 187.32400413
-162.95726874 60.91469682 -68.38000000 186.92644576
-163.71830063 57.74477088 -68.38000000 186.58500724
-164.47933252 54.57484494 -68.38000000 186.29999711
-167.52346006 41.89514117 -74.90000000 188.22678482
-166.76242818 45.06506711 -74.90000000 188.28323804
-166.00139629 48.23499306 -74.90000000 188.39609371
-165.24036440 51.40491900 -74.90000000 188.56525058
-167.52346006 41.89514117 -78.16000000 189.54761440
-166.76242818 45.06506711 -78.16000000 189.60367434
-166.00139629 48.23499306 -78.16000000 189.71574454
-165.24036440 51.40491900 -78.16000000 189.88372580
0.00000000 0.00000000 0.00000000 0.00000000
0.00000000 0.00000000 0.00000000 0.00000000
-164.47933252 54.57484494 -74.90000000 188.79055730
-163.71830063 57.74477088 -74.90000000 189.07181314
-162.95726874 60.91469682 -74.90000000 189.40876887
-162.19623686 64.08462276 -74.90000000 189.80112783
-164.47933252 54.57484494 -78.16000000 190.10746993
-163.71830063 57.74477088 -78.16000000 190.38678033
-162.95726874 60.91469682 -78.16000000 190.72141286
-162.19623686 64.08462276 -78.16000000 191.11107693
-170.56758761 29.21543741 -74.90000000 188.56525058
-169.80655572 32.38536335 -74.90000000 188.39609371
-169.04552383 35.55528929 -74.90000000 188.28323804
-168.28449195 38.72521523 -74.90000000 188.22678482
-170.56758761 29.21543741 -78.16000000 189.88372580
-169.80655572 32.38536335 -78.16000000 189.71574454
-169.04552383 35.55528929 -78.16000000 189.60367434
-168.28449195 38.72521523 -78.16000000 189.54761440
0.00000000 0.00000000 0.00000000 0.00000000
0.00000000 0.00000000 0.00000000 0.00000000
-173.61171515 16.53573365 -74.90000000 189.80112783
-172.85068326 19.70565959 -74.90000000 189.40876887
-172.08965138 22.87558553 -74.90000000 189.07181314
-171.32861949 26.04551147 -74.90000000 188.79055730
-173.61171515 16.53573365 -78.16000000 191.11107693
-172.85068326 19.70565959 -78.16000000 190.72141286
-172.08965138 22.87558553 -78.16000000 190.38678033
-171.32861949 26.04551147 -78.16000000 190.10746993
-168.28449195 38.72521523 -71.64000000 186.95347583
-169.04552383 35.55528929 -71.64000000 187.01031342
-169.80655572 32.38536335 -71.64000000 187.12393680
-170.56758761 29.21543741 -71.64000000 187.29424264
-168.28449195 38.72521523 -68.38000000 185.72866479
-169.04552383 35.55528929 -68.38000000 185.78587709
-169.80655572 32.38536335 -68.38000000 185.90024886
-170.56758761 29.21543741 -68.38000000 186.07167470
0.00000000 0.00000000 0.00000000 0.00000000
0.00000000 0.00000000 0.00000000 0.00000000
-171.32861949 26.04551147 -71.64000000 187.52107648
-172.08965138 22.87558553 -71.64000000 187.80423351
-172.85068326 19.70565959 -71.64000000 188.14345943
-173.61171515 16.53573365 -71.64000000 188.53845158
-171.32861949 26.04551147 -68.38000000 186.29999711
-172.08965138 22.87558553 -68.38000000 186.58500724
-172.85068326 19.70565959 -68.38000000 186.92644576
-173.61171515 16.53573365 -68.38000000 187.32400413
-170.56758761 29.21543741 -61.86000000 183.77568752
-169.80655572 32.38536335 -61.86000000 183.60211798
-169.04552383 35.55528929 -61.86000000 183.48631373
-168.28449195 38.72521523 -61.86000000 183.42838419
-170.56758761 29.21543741 -65.12000000 184.89850763
-169.80655572 32.38536335 -65.12000000 184.72599310
-169.04552383 35.55528929 -65.12000000 184.61089384
-168.28449195 38.72521523 -65.12000000 184.55331730
0.00000000 0.00000000 0.00000000 0.00000000
0.00000000 0.00000000 0.00000000 0.00000000
-173.61171515 16.53573365 -61.86000000 185.04355629
-172.85068326 19.70565959 -61.86000000 184.64108786
-172.08965138 22.87558553 -61.86000000 184.29541537
-171.32861949 26.04551147 -61.86000000 184.00685891
-173.61171515 16.53573365 -65.12000000 186.15872938
-172.85068326 19.70565959 -65.12000000 185.75867712
-172.08965138 22.87558553 -65.12000000 185.41508818
-171.32861949 26.04551147 -65.12000000 185.12827695
-168.28449195 38.72521523 -58.60000000 182.35479847
-169.04552383 35.55528929 -58.60000000 182.41306895
-169.80655572 32.38536335 -58.60000000 182.52955411
-170.56758761 29.21543741 -58.60000000 182.70414260
-168.28449195 38.72521523 -55.34000000 181.33347216
-169.04552383 35.55528929 -55.34000000 181.39207073
-169.80655572 32.38536335 -55.34000000 181.50921113
-170.56758761 29.21543741 -55.34000000 181.68478011
0.00000000 0.00000000 0.00000000 0.00000000
0.00000000 0.00000000 0.00000000 0.00000000
-171.32861949 26.04551147 -58.60000000 182.93666807
-172.08965138 22.87558553 -58.60000000 183.22690994
-172.85068326 19.70565959 -58.60000000 183.57459444
-173.61171515 16.53573365 -58.60000000 183.97939593
-171.32861949 26.04551147 -55.34000000 181.91860852
-172.08965138 22.87558553 -55.34000000 182.21047205
-172.85068326 19.70565959 -55.34000000 182.56009237
-173.61171515 16.53573365 -55.34000000 182.96713837
-165.24036440 51.40491900 -31.90000000 175.96719503
-166.00139629 48.23499306 -31.90000000 175.78591560
-166.76242818 45.06506711 -31.90000000 175.66495873
-167.52346006 41.89514117 -31.90000000 175.60444905
-165.24036440 51.40491900 -28.64000000 175.40551110
-166.00139629 48.23499306 -28.64000000 175.22365059
-166.76242818 45.06506711 -28.64000000 175.10230531
-167.52346006 41.89514117 -28.64000000 175.04160113
0.00000000 0.00000000 0.00000000 0.00000000
0.00000000 0.00000000 0.00000000 0.00000000
-162.19623686 64.08462276 -31.90000000 177.29091383
-162.95726874 60.91469682 -31.90000000 176.87080518
-163.71830063 57.74477088 -31.90000000 176.50991622
-164.47933252 54.57484494 -31.90000000 176.20861081
-162.19623686 64.08462276 -28.64000000 176.73343692
-162.95726874 60.91469682 -28.64000000 176.31199995
-163.71830063 57.74477088 -28.64000000 175.94996483
-164.47933252 54.57484494 -28.64000000 175.64769889
-167.52346006 41.89514117 -35.16000000 176.22581572
-166.76242818 45.06506711 -35.16000000 176.28611212
-166.00139629 48.23499306 -35.16000000 176.40664309
-165.24036440 51.40491900 -35.16000000 176.58728529
-167.52346006 41.89514117 -38.42000000 176.90508451
-166.76242818 45.06506711 -38.42000000 176.96514946
-166.00139629 48.23499306 -38.42000000 177.08521826
-165.24036440 51.40491900 -38.42000000 177.26516896
0.00000000 0.00000000 0.00000000 0.00000000
0.00000000 0.00000000 0.00000000 0.00000000
-164.47933252 54.57484494 -35.16000000 176.82785449
-163.71830063 57.74477088 -35.16000000 177.12810654
-162.95726874 60.91469682 -35.16000000 177.48773852
-162.19623686 64.08462276 -35.16000000 177.90639034
-164.47933252 54.57484494 -38.42000000 177.50481944
-163.71830063 57.74477088 -38.42000000 177.80392832
-162.95726874 60.91469682 -38.42000000 178.16219612
-162.19623686 64.08462276 -38.42000000 178.57926678
-165.24036440 51.40491900 -44.94000000 178.79163103
-166.00139629 48.23499306 -44.94000000 178.61321823
-166.76242818 45.06506711 -44.94000000 178.49417729
-167.52346006 41.89514117 -44.94000000 178.43462703
-165.24036440 51.40491900 -41.68000000 178.00018574
-166.00139629 48.23499306 -41.68000000 177.82097887
-166.76242818 45.06506711 -41.68000000 177.70140721
-167.52346006 41.89514117 -41.68000000 177.64159120
0.00000000 0.00000000 0.00000000 0.00000000
0.00000000 0.00000000 0.00000000 0.00000000
-162.19623686 64.08462276 -44.94000000 180.09459105
-162.95726874 60.91469682 -44.94000000 179.68103774
-163.71830063 57.74477088 -44.94000000 179.32580440
-164.47933252 54.57484494 -44.94000000 179.02923818
-162.19623686 64.08462276 -41.68000000 179.30889695
-162.95726874 60.91469682 -41.68000000 178.89352734
-163.71830063 57.74477088 -41.68000000 178.53672710
-164.47933252 54.57484494 -41.68000000 178.23884797
-167.52346006 41.89514117 -48.20000000 179.28344186
-166.76242818 45.06506711 -48.20000000 179.34271026
-166.00139629 48.23499306 -48.20000000 179.46118835
-165.24036440 51.40491900 -48.20000000 179.63875897
-167.52346006 41.89514117 -51.46000000 180.18724740
-166.76242818 45.06506711 -51.46000000 180.24621861
-166.00139629 48.23499306 -51.46000000 180.36410321
-165.24036440 51.40491900 -51.46000000 180.54078577
0.00000000 0.00000000 0.00000000 0.00000000
0.00000000 0.00000000 0.00000000 0.00000000
-164.47933252 54.57484494 -48.20000000 179.87524712
-163.71830063 57.74477088 -48.20000000 180.17042078
-162.95726874 60.91469682 -48.20000000 180.52399210
-162.19623686 64.08462276 -48.20000000 180.93561873
-164.47933252 54.57484494 -51.46000000 180.77609390
-163.71830063 57.74477088 -51.46000000 181.06979904
-162.95726874 60.91469682 -51.46000000 181.42161758
-162.19623686 64.08462276 -51.46000000 181.83121219
-170.56758761 29.21543741 -48.20000000 179.63875897
-169.80655572 32.38536335 -48.20000000 179.46118835
-169.04552383 35.55528929 -48.20000000 179.34271026
-168.28449195 38.72521523 -48.20000000 179.28344186
-170.56758761 29.21543741 -51.46000000 180.54078577
-169.80655572 32.38536335 -51.46000000 180.36410321
-169.04552383 35.55528929 -51.46000000 180.24621861
-168.28449195 38.72521523 -51.46000000 180.18724740
0.00000000 0.00000000 0.00000000 0.00000000
0.00000000 0.00000000 0.00000000 0.00000000
-173.61171515 16.53573365 -48.20000000 180.93561873
-172.85068326 19.70565959 -48.20000000 180.52399210
-172.08965138 22.87558553 -48.20000000 180.17042078
-171.32861949 26.04551147 -48.20000000 179.87524712
-173.61171515 16.53573365 -51.46000000 181.83121219
-172.85068326 19.70565959 -51.46000000 181.42161758
-172.08965138 22.87558553 -51.46000000 181.06979904
-171.32861949 26.04551147 -51.46000000 180.77609390
-168.28449195 38.72521523 -44.94000000 178.43462703
-169.04552383 35.55528929 -44.94000000 178.49417729
-169.80655572 32.38536335 -44.94000000 178.61321823
-170.56758761 29.21543741 -44.94000000 178.79163103
-168.28449195 38.72521523 -41.68000000 177.64159120
-169.04552383 35.55528929 -41.68000000 177.70140721
-169.80655572 32.38536335 -41.68000000 177.82097887
-170.56758761 29.21543741 -41.68000000 178.00018574
0.00000000 0.00000000 0.00000000 0.00000000
0.00000000 0.00000000 0.00000000 0.00000000
-171.32861949 26.04551147 -44.94000000 179.02923818
-172.08965138 22.87558553 -44.94000000 179.32580440
-172.85068326 19.70565959 -44.94000000 179.68103774
-173.61171515 16.53573365 -44.94000000 180.09459105
-171.32861949 26.04551147 -41.68000000 178.23884797
-172.08965138 22.87558553 -41.68000000 178.53672710
-172.85068326 19.70565959 -41.68000000 178.89352734
-173.61171515 16.53573365 -41.68000000 179.30889695
-170.56758761 29.21543741 -35.16000000 176.58728529
-169.80655572 32.38536335 -35.16000000 176.40664309
-169.04552383 35.55528929 -35.16000000 176.28611212
-168.28449195 38.72521523 -35.16000000 176.22581572
-170.56758761 29.21543741 -38.42000000 177.26516896
-169.80655572 32.38536335 -38.42000000 177.08521826
-169.04552383 35.55528929 -38.42000000 176.96514946
-168.28449195 38.72521523 -38.42000000 176.90508451
0.00000000 0.00000000 0.00000000 0.00000000
0.00000000 0.00000000 0.00000000 0.00000000
-173.61171515 16.53573365 -35.16000000 177.90639034
-172.85068326 19.70565959 -35.16000000 177.48773852
-172.08965138 22.87558553 -35.16000000 177.12810654
-171.32861949 26.04551147 -35.16000000 176.82785449
-173.61171515 16.53573365 -38.42000000 178.57926678
-172.85068326 19.70565959 -38.42000000 178.16219612
-172.08965138 22.87558553 -38.42000000 177.80392832
-171.32861949 26.04551147 -38.42000000 177.50481944
-168.28449195 38.72521523 -31.90000000 175.60444905
-169.04552383 35.55528929 -31.90000000 175.66495873
-169.80655572 32.38536335 -31.90000000 175.78591560
-170.56758761 29.21543741 -31.90000000 175.96719503
-168.28449195 38.72521523 -28.64000000 175.04160113
-169.04552383 35.55528929 -28.64000000 175.10230531
-169.80655572 32.38536335 -28.64000000 175.22365059
-170.56758761 29.21543741 -28.64000000 175.40551110
0.00000000 0.00000000 0.00000000 0.00000000
0.00000000 0.00000000 0.00000000 0.00000000
-171.32861949 26.04551147 -31.90000000 176.20861081
-172.08965138 22.87558553 -31.90000000 176.50991622
-172.85068326 19.70565959 -31.90000000 176.87080518
-173.61171515 16.53573365 -31.90000000 177.29091383
-171.32861949 26.04551147 -28.64000000 175.64769889
-172.08965138 22.87558553 -28.64000000 175.94996483
-172.85068326 19.70565959 -28.64000000 176.31199995
-173.61171515 16.53573365 -28.64000000 176.73343692
-165.24036440 51.40491900 -5.20000000 173.12967315
-166.00139629 48.23499306 -5.20000000 172.94541950
-166.76242818 45.06506711 -5.20000000 172.82247459
-167.52346006 41.89514117 -5.20000000 172.76096933
-165.24036440 51.40491900 -1.94000000 173.06243765
-166.00139629 48.23499306 -1.94000000 172.87811234
-166.76242818 45.06506711 -1.94000000 172.75511953
-167.52346006 41.89514117 -1.94000000 172.69359028
0.00000000 0.00000000 0.00000000 0.00000000
0.00000000 0.00000000 0.00000000 0.00000000
-162.19623686 64.08462276 -5.20000000 174.47492119
-162.95726874 60.91469682 -5.20000000 174.04801557
-163.71830063 57.74477088 -5.20000000 173.68126129
-164.47933252 54.57484494 -5.20000000 173.37504009
-162.19623686 64.08462276 -1.94000000 174.40820429
-162.95726874 60.91469682 -1.94000000 173.98113497
-163.71830063 57.74477088 -1.94000000 173.61423941
-164.47933252 54.57484494 -1.94000000 173.30789978
-167.52346006 41.89514117 -8.46000000 172.88980342
-166.76242818 45.06506711 -8.46000000 172.95126286
-166.00139629 48.23499306 -8.46000000 173.07411628
-165.24036440 51.40491900 -8.46000000 173.25823307
-167.52346006 41.89514117 -11.72000000 173.07995530
-166.76242818 45.06506711 -11.72000000 173.14134724
-166.00139629 48.23499306 -11.72000000 173.26406588
-165.24036440 51.40491900 -11.72000000 173.44798103
0.00000000 0.00000000 0.00000000 0.00000000
0.00000000 0.00000000 0.00000000 0.00000000
-164.47933252 54.57484494 -8.46000000 173.50341819
-163.71830063 57.74477088 -8.46000000 173.80941322
-162.95726874 60.91469682 -8.46000000 174.17589766
-162.19623686 64.08462276 -8.46000000 174.60249060
-164.47933252 54.57484494 -11.72000000 173.69289831
-163.71830063 57.74477088 -11.72000000 173.99856012
-162.95726874 60.91469682 -11.72000000 174.36464700
-162.19623686 64.08462276 -11.72000000 174.79077929
-165.24036440 51.40491900 -18.24000000 174.01017592
-166.00139629 48.23499306 -18.24000000 173.82685559
-166.76242818 45.06506711 -18.24000000 173.70453456
-167.52346006 41.89514117 -18.24000000 173.64334172
-165.24036440 51.40491900 -14.98000000 173.69871653
-166.00139629 48.23499306 -14.98000000 173.51506714
-166.76242818 45.06506711 -14.98000000 173.39252615
-167.52346006 41.89514117 -14.98000000 173.33122317
0.00000000 0.00000000 0.00000000 0.00000000
0.00000000 0.00000000 0.00000000 0.00000000
-162.19623686 64.08462276 -18.24000000 175.34866901
-162.95726874 60.91469682 -18.24000000 174.92389581
-163.71830063 57.74477088 -18.24000000 174.55898179
-164.47933252 54.57484494 -18.24000000 174.25430303
-162.19623686 64.08462276 -14.98000000 175.03959131
-162.95726874 60.91469682 -14.98000000 174.61406623
-163.71830063 57.74477088 -14.98000000 174.24850337
-164.47933252 54.57484494 -14.98000000 173.94328077
-167.52346006 41.89514117 -21.50000000 174.01598353
-166.76242818 45.06506711 -21.50000000 174.07704537
-166.00139629 48.23499306 -21.50000000 174.19910483
-165.24036440 51.40491900 -21.50000000 174.38203384
-167.52346006 41.89514117 -24.76000000 174.44876074
-166.76242818 45.06506711 -24.76000000 174.50967115
-166.00139629 48.23499306 -24.76000000 174.63142823
-165.24036440 51.40491900 -24.76000000 174.81390484
0.00000000 0.00000000 0.00000000 0.00000000
0.00000000 0.00000000 0.00000000 0.00000000
-164.47933252 54.57484494 -21.50000000 174.62564109
-163.71830063 57.74477088 -21.50000000 174.92967308
-162.95726874 60.91469682 -21.50000000 175.29381542
-162.19623686 64.08462276 -21.50000000 175.71769440
-164.47933252 54.57484494 -24.76000000 175.05691110
-163.71830063 57.74477088 -24.76000000 175.36019538
-162.95726874 60.91469682 -24.76000000 175.72344558
-162.19623686 64.08462276 -24.76000000 176.14629069
-170.56758761 29.21543741 -21.50000000 174.38203384
-169.80655572 32.38536335 -21.50000000 174.19910483
-169.04552383 35.55528929 -21.50000000 174.07704537
-168.28449195 38.72521523 -21.50000000 174.01598353
-170.56758761 29.21543741 -24.76000000 174.81390484
-169.80655572 32.38536335 -24.76000000 174.63142823
-169.04552383 35.55528929 -24.76000000 174.50967115
-168.28449195 38.72521523 -24.76000000 174.44876074
0.00000000 0.00000000 0.00000000 0.00000000
0.00000000 0.00000000 0.00000000 0.00000000
-173.61171515 16.53573365 -21.50000000 175.71769440
-172.85068326 19.70565959 -21.50000000 175.29381542
-172.08965138 22.87558553 -21.50000000 174.92967308
-171.32861949 26.04551147 -21.50000000 174.62564109
-173.61171515 16.53573365 -24.76000000 176.14629069
-172.85068326 19.70565959 -24.76000000 175.72344558
-172.08965138 22.87558553 -24.76000000 175.36019538
-171.32861949 26.04551147 -24.76000000 175.05691110
-168.28449195 38.72521523 -18.24000000 173.64334172
-169.04552383 35.55528929 -18.24000000 173.70453456
-169.80655572 32.38536335 -18.24000000 173.82685559
-170.56758761 29.21543741 -18.24000000 174.01017592
-168.28449195 38.72521523 -14.98000000 173.33122317
-169.04552383 35.55528929 -14.98000000 173.39252615
-169.80655572 32.38536335 -14.98000000 173.51506714
-170.56758761 29.21543741 -14.98000000 173.69871653
0.00000000 0.00000000 0.00000000 0.00000000
0.00000000 0.00000000 0.00000000 0.00000000
-171.32861949 26.04551147 -18.24000000 174.25430303
-172.08965138 22.87558553 -18.24000000 174.55898179
-172.85068326 19.70565959 -18.24000000 174.92389581
-173.61171515 16.53573365 -18.24000000 175.34866901
-171.32861949 26.04551147 -14.98000000 173.94328077
-172.08965138 22.87558553 -14.98000000 174.24850337
-172.85068326 19.70565959 -14.98000000 174.61406623
-173.61171515 16.53573365 -14.98000000 175.03959131
-170.56758761 29.21543741 -8.46000000 173.25823307
-169.80655572 32.38536335 -8.46000000 173.07411628
-169.04552383 35.55528929 -8.46000000 172.95126286
-168.28449195 38.72521523 -8.46000000 172.88980342
-170.56758761 29.21543741 -11.72000000 173.44798103
-169.80655572 32.38536335 -11.72000000 173.26406588
-169.04552383 35.55528929 -11.72000000 173.14134724
-168.28449195 38.72521523 -11.72000000 173.07995530
0.00000000 0.00000000 0.00000000 0.00000000
0.00000000 0.00000000 0.00000000 0.00000000
-173.61171515 16.53573365 -8.46000000 174.60249060
-172.85068326 19.70565959 -8.46000000 174.17589766
-172.08965138 22.87558553 -8.46000000 173.80941322
-171.32861949 26.04551147 -8.46000000 173.50341819
-173.61171515 16.53573365 -11.72000000 174.79077929
-172.85068326 19.70565959 -11.72000000 174.36464700
-172.08965138 22.87558553 -11.72000000 173.99856012
-171.32861949 26.04551147 -11.72000000 173.69289831
-168.28449195 38.72521523 -5.20000000 172.76096933
-169.04552383 35.55528929 -5.20000000 172.82247459
-169.80655572 32.38536335 -5.20000000 172.94541950
-170.56758761 29.21543741 -5.20000000 173.12967315
-168.28449195 38.72521523 -1.94000000 172.69359028
-169.04552383 35.55528929 -1.94000000 172.75511953
-169.80655572 32.38536335 -1.94000000 172.87811234
-170.56758761 29.21543741 -1.94000000 173.06243765
0.00000000 0.00000000 0.00000000 0.00000000
0.00000000 0.00000000 0.00000000 0.00000000
-171.32861949 26.04551147 -5.20000000 173.37504009
-172.08965138 22.87558553 -5.20000000 173.68126129
-172.85068326 19.70565959 -5.20000000 174.04801557
-173.61171515 16.53573365 -5.20000000 174.47492119
-171.32861949 26.04551147 -1.94000000 173.30789978
-172.08965138 22.87558553 -1.94000000 173.61423941
-172.85068326 19.70565959 -1.94000000 173.98113497
-173.61171515 16.53573365 -1.94000000 174.40820429
-165.24036440 51.40491900 21.50000000 174.38203384
-166.00139629 48.23499306 21.50000000 174.19910483
-166.76242818 45.06506711 21.50000000 174.07704537
-167.52346006 41.89514117 21.50000000 174.01598353
-165.24036440 51.40491900 24.76000000 174.81390484
-166.00139629 48.23499306 24.76000000 174.63142823
-166.76242818 45.06506711 24.76000000 174.50967115
-167.52346006 41.89514117 24.76000000 174.44876074
0.00000000 0.00000000 0.00000000 0.00000000
0.00000000 0.00000000 0.00000000 0.00000000
-162.19623686 64.08462276 21.50000000 175.71769440
-162.95726874 60.91469682 21.50000000 175.29381542
-163.71830063 57.74477088 21.50000000 174.92967308
-164.47933252 54.57484494 21.50000000 174.62564109
-162.19623686 64.08462276 24.76000000 176.14629069
-162.95726874 60.91469682 24.76000000 175.72344558
-163.71830063 57.74477088 24.76000000 175.36019538
-164.47933252 54.57484494 24.76000000 175.05691110
-167.52346006 41.89514117 18.24000000 173.64334172
-166.76242818 45.06506711 18.24000000 173.70453456
-166.00139629 48.23499306 18.24000000 173.82685559
-165.24036440 51.40491900 18.24000000 174.01017592
-167.52346006 41.89514117 14.98000000 173.33122317
-166.76242818 45.06506711 14.98000000 173.39252615
-166.00139629 48.23499306 14.98000000 173.51506714
-165.24036440 51.40491900 14.98000000 173.69871653
0.00000000 0.00000000 0.00000000 0.00000000
0.00000000 0.00000000 0.00000000 0.00000000
-164.47933252 54.57484494 18.24000000 174.25430303
-163.71830063 57.74477088 18.24000000 174.55898179
-162.95726874 60.91469682 18.24000000 174.92389581
-162.19623686 64.08462276 18.24000000 175.34866901
-164.47933252 54.57484494 14.98000000 173.94328077
-163.71830063 57.74477088 14.98000000 174.24850337
-162.95726874 60.91469682 14.98000000 174.61406623
-162.19623686 64.08462276 14.98000000 175.03959131
-165.24036440 51.40491900 8.46000000 173.25823307
-166.00139629 48.23499306 8.46000000 173.07411628
-166.76242818 45.06506711 8.46000000 172.95126286
-167.52346006 41.89514117 8.46000000 172.88980342
-165.24036440 51.40491900 11.72000000 173.44798103
-166.00139629 48.23499306 11.72000000 173.26406588
-166.76242818 45.06506711 11.72000000 173.14134724
-167.52346006 41.89514117 11.72000000 173.07995530
0.00000000 0.00000000 0.00000000 0.00000000
0.00000000 0.00000000 0.00000000 0.00000000
-162.19623686 64.08462276 8.46000000 174.60249060
-162.95726874 60.91469682 8.46000000 174.17589766
-163.71830063 57.74477088 8.46000000 173.80941322
-164.47933252 54.57484494 8.46000000 173.50341819
-162.19623686 64.08462276 11.72000000 174.79077929
-162.95726874 60.91469682 11.72000000 174.36464700
-163.71830063 57.74477088 11.72000000 173.99856012
-164.47933252 54.57484494 11.72000000 173.69289831
-167.52346006 41.89514117 5.20000000 172.76096933
-166.76242818 45.06506711 5.20000000 172.82247459
-166.00139629 48.23499306 5.20000000 172.94541950
-165.24036440 51.40491900 5.20000000 173.12967315
-167.52346006 41.89514117 1.94000000 172.69359028
-166.76242818 45.06506711 1.94000000 172.75511953
-166.00139629 48.23499306 1.94000000 172.87811234
-165.24036440 51.40491900 1.94000000 173.06243765
0.00000000 0.00000000 0.00000000 0.00000000
0.00000000 0.00000000 0.00000000 0.00000000
-164.47933252 54.57484494 5.20000000 173.37504009
-163.71830063 57.74477088 5.20000000 173.68126129
-162.95726874 60.91469682 5.20000000 174.04801557
-162.19623686 64.08462276 5.20000000 174.47492119
-164.47933252 54.57484494 1.94000000 173.30789978
-163.71830063 57.74477088 1.94000000 173.61423941
-162.95726874 60.91469682 1.94000000 173.98113497
-162.19623686 64.08462276 1.94000000 174.40820429
-170.56758761 29.21543741 5.20000000 173.12967315
-169.80655572 32.38536335 5.20000000 172.94541950
-169.04552383 35.55528929 5.20000000 172.82247459
-168.28449195 38.72521523 5.20000000 172.76096933
-170.56758761 29.21543741 1.94000000 173.06243765
-169.80655572 32.38536335 1.94000000 172.87811234
-169.04552383 35.55528929 1.94000000 172.75511953
-168.28449195 38.72521523 1.94000000 172.69359028
0.00000000 0.00000000 0.00000000 0.00000000
0.00000000 0.00000000 0.00000000 0.00000000
-173.61171515 16.53573365 5.20000000 174.47492119
-172.85068326 19.70565959 5.20000000 174.04801557
-172.08965138 22.87558553 5.20000000 173.68126129
-171.32861949 26.04551147 5.20000000 173.37504009
-173.61171515 16.53573365 1.94000000 174.40820429
-172.85068326 19.70565959 1.94000000 173.98113497
-172.08965138 22.87558553 1.94000000 173.61423941
-171.32861949 26.04551147 1.94000000 173.30789978
-168.28449195 38.72521523 8.46000000 172.88980342
-169.04552383 35.55528929 8.46000000 172.95126286
-169.80655572 32.38536335 8.46000000 173.07411628
-170.56758761 29.21543741 8.46000000 173.25823307
-168.28449195 38.72521523 11.72000000 173.07995530
-169.04552383 35.55528929 11.72000000 173.14134724
-169.80655572 32.38536335 11.72000000 173.26406588
-170.56758761 29.21543741 11.72000000 173.44798103
0.00000000 0.00000000 0.00000000 0.00000000
0.00000000 0.00000000 0.00000000 0.00000000
-171.32861949 26.04551147 8.46000000 173.50341819
-172.08965138 22.87558553 8.46000000 173.80941322
-172.85068326 19.70565959 8.46000000 174.17589766
-173.61171515 16.53573365 8.46000000 174.60249060
-171.32861949 26.04551147 11.72000000 173.69289831
-172.08965138 22.87558553 11.72000000 173.99856012
-172.85068326 19.70565959 11.72000000 174.36464700
-173.61171515 16.53573365 11.72000000 174.79077929
-170.56758761 29.21543741 18.24000000 174.01017592
-169.80655572 32.38536335 18.24000000 173.82685559
-169.04552383 35.55528929 18.24000000 173.70453456
-168.28449195 38.72521523 18.24000000 173.64334172
-170.56758761 29.21543741 14.98000000 173.69871653
-169.80655572 32.38536335 14.98000000 173.51506714
-169.04552383 35.55528929 14.98000000 173.39252615
-168.28449195 38.72521523 14.98000000 173.33122317
0.00000000 0.00000000 0.00000000 0.00000000
0.00000000 0.00000000 0.00000000 0.00000000
-173.61171515 16.53573365 18.24000000 175.34866901
-172.85068326 19.70565959 18.24000000 174.92389581
-172.08965138 22.87558553 18.24000000 174.55898179
-171.32861949 26.04551147 18.24000000 174.25430303
-173.61171515 16.53573365 14.98000000 175.03959131
-172.85068326 19.70565959 14.98000000 174.61406623
-172.08965138 22.87558553 14.98000000 174.24850337
-171.32861949 26.04551147 14.98000000 173.94328077
-168.28449195 38.72521523 21.50000000 174.01598353
-169.04552383 35.55528929 21.50000000 174.07704537
-169.80655572 32.38536335 21.50000000 174.19910483
-170.56758761 29.21543741 21.50000000 174.38203384
-168.28449195 38.72521523 24.76000000 174.44876074
-169.04552383 35.55528929 24.76000000 174.50967115
-169.80655572 32.38536335 24.76000000 174.63142823
-170.56758761 29.21543741 24.76000000 174.81390484
0.00000000 0.00000000 0.00000000 0.00000000
0.00000000 0.00000000 0.00000000 0.00000000
-171.32861949 26.04551147 21.50000000 174.62564109
-172.08965138 22.87558553 21.50000000 174.92967308
-172.85068326 19.70565959 21.50000000 175.29381542
-173.61171515 16.53573365 21.50000000 175.71769440
-171.32861949 26.04551147 24.76000000 175.05691110
-172.08965138 22.87558553 24.76000000 175.36019538
-172.85068326 19.70565959 24.76000000 175.72344558
-173.61171515 16.53573365 24.76000000 176.14629069
-165.24036440 51.40491900 48.20000000 179.63875897
-166.00139629 48.23499306 48.20000000 179.46118835
-166.76242818 45.06506711 48.20000000 179.34271026
-167.52346006 41.89514117 48.20000000 179.28344186
-165.24036440 51.40491900 51.46000000 180.54078577
-166.00139629 48.23499306 51.46000000 180.36410321
-166.76242818 45.06506711 51.46000000 180.24621861
-167.52346006 41.89514117 51.46000000 180.18724740
0.00000000 0.00000000 0.00000000 0.00000000
0.00000000 0.00000000 0.00000000 0.00000000
-162.19623686 64.08462276 48.20000000 180.93561873
-162.95726874 60.91469682 48.20000000 180.52399210
-163.71830063 57.74477088 48.20000000 180.17042078
-164.47933252 54.57484494 48.20000000 179.87524712
-162.19623686 64.08462276 51.46000000 181.83121219
-162.95726874 60.91469682 51.46000000 181.42161758
-163.71830063 57.74477088 51.46000000 181.06979904
-164.47933252 54.57484494 51.46000000 180.77609390
-167.52346006 41.89514117 44.94000000 178.43462703
-166.76242818 45.06506711 44.94000000 178.49417729
-166.00139629 48.23499306 44.94000000 178.61321823
-165.24036440 51.40491900 44.94000000 178.79163103
-167.52346006 41.89514117 41.68000000 177.64159120
-166.76242818 45.06506711 41.68000000 177.70140721
-166.00139629 48.23499306 41.68000000 177.82097887
-165.24036440 51.40491900 41.68000000 178.00018574
0.00000000 0.00000000 0.00000000 0.00000000
0.00000000 0.00000000 0.00000000 0.00000000
-164.47933252 54.57484494 44.94000000 179.02923818
-163.71830063 57.74477088 44.94000000 179.32580440
-162.95726874 60.91469682 44.94000000 179.68103774
-162.19623686 64.08462276 44.94000000 180.09459105
-164.47933252 54.57484494 41.68000000 178.23884797
-163.71830063 57.74477088 41.68000000 178.53672710
-162.95726874 60.91469682 41.68000000 178.89352734
-162.19623686 64.08462276 41.68000000 179.30889695
-165.24036440 51.40491900 35.16000000 176.58728529
-166.00139629 48.23499306 35.16000000 176.40664309
-166.76242818 45.06506711 35.16000000 176.28611212
-167.52346006 41.89514117 35.16000000 176.22581572
-165.24036440 51.40491900 38.42000000 177.26516896
-166.00139629 48.23499306 38.42000000 177.08521826
-166.76242818 45.06506711 38.42000000 176.96514946
-167.52346006 41.89514117 38.42000000 176.90508451
0.00000000 0.00000000 0.00000000 0.00000000
0.00000000 0.00000000 0.00000000 0.00000000
-162.19623686 64.08462276 35.16000000 177.90639034
-162.95726874 60.91469682 35.16000000 177.48773852
-163.71830063 57.74477088 35.16000000 177.12810654
-164.47933252 54.57484494 35.16000000 176.82785449
-162.19623686 64.08462276 38.42000000 178.57926678
-162.95726874 60.91469682 38.42000000 178.16219612
-163.71830063 57.74477088 38.42000000 177.80392832
-164.47933252 54.57484494 38.42000000 177.50481944
-167.52346006 41.89514117 31.90000000 175.60444905
-166.76242818 45.06506711 31.90000000 175.66495873
-166.00139629 48.23499306 31.90000000 175.78591560
-165.24036440 51.40491900 31.90000000 175.96719503
-167.52346006 41.89514117 28.64000000 175.04160113
-166.76242818 45.06506711 28.64000000 175.10230531
-166.00139629 48.23499306 28.64000000 175.22365059
-165.24036440 51.40491900 28.64000000 175.40551110
0.00000000 0.00000000 0.00000000 0.00000000
0.00000000 0.00000000 0.00000000 0.00000000
-164.47933252 54.57484494 31.90000000 176.20861081
-163.71830063 57.74477088 31.90000000 176.50991622
-162.95726874 60.91469682 31.90000000 176.87080518
-162.19623686 64.08462276 31.90000000 177.29091383
-164.47933252 54.57484494 28.64000000 175.64769889
-163.71830063 57.74477088 28.64000000 175.94996483
-162.95726874 60.91469682 28.64000000 176.31199995
-162.19623686 64.08462276 28.64000000 176.73343692
-170.56758761 29.21543741 31.90000000 175.96719503
-169.80655572 32.38536335 31.90000000 175.78591560
-169.04552383 35.55528929 31.90000000 175.66495873
-168.28449195 38.72521523 31.90000000 175.60444905
-170.56758761 29.21543741 28.64000000 175.40551110
-169.80655572 32.38536335 28.64000000 175.22365059
-169.04552383 35.55528929 28.64000000 175.10230531
-168.28449195 38.72521523 28.64000000 175.04160113
0.00000000 0.00000000 0.00000000 0.00000000
0.00000000 0.00000000 0.00000000 0.00000000
-173.61171515 16.53573365 31.90000000 177.29091383
-172.85068326 19.70565959 31.90000000 176.87080518
-172.08965138 22.87558553 31.90000000 176.50991622
-171.32861949 26.04551147 31.90000000 176.20861081
-173.61171515 16.53573365 28.64000000 176.73343692
-172.85068326 19.70565959 28.64000000 176.31199995
-172.08965138 22.87558553 28.64000000 175.94996483
-171.32861949 26.04551147 28.64000000 175.64769889
-168.28449195 38.72521523 35.16000000 176.22581572
-169.04552383 35.55528929 35.16000000 176.28611212
-169.80655572 32.38536335 35.16000000 176.40664309
-170.56758761 29.21543741 35.16000000 176.58728529
-168.28449195 38.72521523 38.42000000 176.90508451
-169.04552383 35.55528929 38.42000000 176.96514946
-169.80655572 32.38536335 38.42000000 177.08521826
-170.56758761 29.21543741 38.42000000 177.26516896
0.00000000 0.00000000 0.00000000 0.00000000
0.00000000 0.00000000 0.00000000 0.00000000
-171.32861949 26.04551147 35.16000000 176.82785449
-172.08965138 22.87558553 35.16000000 177.12810654
-172.85068326 19.70565959 35.16000000 177.48773852
-173.61171515 16.53573365 35.16000000 177.90639034
-171.32861949 26.04551147 38.42000000 177.50481944
-172.08965138 22.87558553 38.42000000 177.80392832
-172.85068326 19.70565959 38.42000000 178.16219612
-173.61171515 16.53573365 38.42000000 178.57926678
-170.56758761 29.21543741 44.94000000 178.79163103
-169.80655572 32.38536335 44.94000000 178.61321823
-169.04552383 35.55528929 44.94000000 178.49417729
-168.28449195 38.72521523 44.94000000 178.43462703
-170.56758761 29.21543741 41.68000000 178.00018574
-169.80655572 32.38536335 41.68000000 177.82097887
-169.04552383 35.55528929 41.68000000 177.70140721
-168.28449195 38.72521523 41.68000000 177.64159120
0.00000000 0.00000000 0.00000000 0.00000000
0.00000000 0.00000000 0.00000000 0.00000000
-173.61171515 16.53573365 44.94000000 180.09459105
-172.85068326 19.70565959 44.94000000 179.68103774
-172.08965138 22.87558553 44.94000000 179.32580440
-171.32861949 26.04551147 44.94000000 179.02923818
-173.61171515 16.53573365 41.68000000 179.30889695
-172.85068326 19.70565959 41.68000000 178.89352734
-172.08965138 22.87558553 41.68000000 178.53672710
-171.32861949 26.04551147 41.68000000 178.23884797
-168.28449195 38.72521523 48.20000000 179.28344186
-169.04552383 35.55528929 48.20000000 179.34271026
-169.80655572 32.38536335 48.20000000 179.46118835
-170.56758761 29.21543741 48.20000000 179.63875897
-168.28449195 38.72521523 51.46000000 180.18724740
-169.04552383 35.55528929 51.46000000 180.24621861
-169.80655572 32.38536335 51.46000000 180.36410321
-170.56758761 29.21543741 51.46000000 180.54078577
0.00000000 0.00000000 0.00000000 0.00000000
0.00000000 0.00000000 0.00000000 0.00000000
-171.32861949 26.04551147 48.20000000 179.87524712
-172.08965138 22.87558553 48.20000000 180.17042078
-172.85068326 19.70565959 48.20000000 180.52399210
-173.61171515 16.53573365 48.20000000 180.93561873
-171.32861949 26.04551147 51.46000000 180.77609390
-172.08965138 22.87558553 51.46000000 181.06979904
-172.85068326 19.70565959 51.46000000 181.42161758
-173.61171515 16.53573365 51.46000000 181.83121219
-165.24036440 51.40491900 74.90000000 188.56525058
-166.00139629 48.23499306 74.90000000 188.39609371
-166.76242818 45.06506711 74.90000000 188.28323804
-167.52346006 41.89514117 74.90000000 188.22678482
-165.24036440 51.40491900 78.16000000 189.88372580
-166.00139629 48.23499306 78.16000000 189.71574454
-166.76242818 45.06506711 78.16000000 189.60367434
-167.52346006 41.89514117 78.16000000 189.54761440
0.00000000 0.00000000 0.00000000 0.00000000
0.00000000 0.00000000 0.00000000 0.00000000
-162.19623686 64.08462276 74.90000000 189.80112783
-162.95726874 60.91469682 74.90000000 189.40876887
-163.71830063 57.74477088 74.90000000 189.07181314
-164.47933252 54.57484494 74.90000000 188.79055730
-162.19623686 64.08462276 78.16000000 191.11107693
-162.95726874 60.91469682 78.16000000 190.72141286
-163.71830063 57.74477088 78.16000000 190.38678033
-164.47933252 54.57484494 78.16000000 190.10746993
-167.52346006 41.89514117 71.64000000 186.95347583
-166.76242818 45.06506711 71.64000000 187.01031342
-166.00139629 48.23499306 71.64000000 187.12393680
-165.24036440 51.40491900 71.64000000 187.29424264
-167.52346006 41.89514117 68.38000000 185.72866479
-166.76242818 45.06506711 68.38000000 185.78587709
-166.00139629 48.23499306 68.38000000 185.90024886
-165.24036440 51.40491900 68.38000000 186.07167470
0.00000000 0.00000000 0.00000000 0.00000000
0.00000000 0.00000000 0.00000000 0.00000000
-164.47933252 54.57484494 71.64000000 187.52107648
-163.71830063 57.74477088 71.64000000 187.80423351
-162.95726874 60.91469682 71.64000000 188.14345943
-162.19623686 64.08462276 71.64000000 188.53845158
-164.47933252 54.57484494 68.38000000 186.29999711
-163.71830063 57.74477088 68.38000000 186.58500724
-162.95726874 60.91469682 68.38000000 186.92644576
-162.19623686 64.08462276 68.38000000 187.32400413
-165.24036440 51.40491900 61.86000000 183.77568752
-166.00139629 48.23499306 61.86000000 183.60211798
-166.76242818 45.06506711 61.86000000 183.48631373
-167.52346006 41.89514117 61.86000000 183.42838419
-165.24036440 51.40491900 65.12000000 184.89850763
-166.00139629 48.23499306 65.12000000 184.72599310
-166.76242818 45.06506711 65.12000000 184.61089384
-167.52346006 41.89514117 65.12000000 184.55331730
0.00000000 0.00000000 0.00000000 0.00000000
0.00000000 0.00000000 0.00000000 0.00000000
-162.19623686 64.08462276 61.86000000 185.04355629
-162.95726874 60.91469682 61.86000000 184.64108786
-163.71830063 57.74477088 61.86000000 184.29541537
-164.47933252 54.57484494 61.86000000 184.00685891
-162.19623686 64.08462276 65.12000000 186.15872938
-162.95726874 60.91469682 65.12000000 185.75867712
-163.71830063 57.74477088 65.12000000 185.41508818
-164.47933252 54.57484494 65.12000000 185.12827695
-167.52346006 41.89514117 58.60000000 182.35479847
-166.76242818 45.06506711 58.60000000 182.41306895
-166.00139629 48.23499306 58.60000000 182.52955411
-165.24036440 51.40491900 58.60000000 182.70414260
-167.52346006 41.89514117 55.34000000 181.33347216
-166.76242818 45.06506711 55.34000000 181.39207073
-166.00139629 48.23499306 55.34000000 181.50921113
-165.24036440 51.40491900 55.34000000 181.68478011
0.00000000 0.00000000 0.00000000 0.00000000
0.00000000 0.00000000 0.00000000 0.00000000
-164.47933252 54.57484494 58.60000000 182.93666807
-163.71830063 57.74477088 58.60000000 183.22690994
-162.95726874 60.91469682 58.60000000 183.57459444
-162.19623686 64.08462276 58.60000000 183.97939593
-164.47933252 54.57484494 55.34000000 181.91860852
-163.71830063 57.74477088 55.34000000 182.21047205
-162.95726874 60.91469682 55.34000000 182.56009237
-162.19623686 64.08462276 55.34000000 182.96713837
-170.56758761 29.21543741 58.60000000 182.70414260
-169.80655572 32.38536335 58.60000000 182.52955411
-169.04552383 35.55528929 58.60000000 182.41306895
-168.28449195 38.72521523 58.60000000 182.35479847
-170.56758761 29.21543741 55.34000000 181.68478011
-169.80655572 32.38536335 55.34000000 181.50921113
-169.04552383 35.55528929 55.34000000 181.39207073
-168.28449195 38.72521523 55.34000000 181.33347216
0.00000000 0.00000000 0.00000000 0.00000000
0.00000000 0.00000000 0.00000000 0.00000000
-173.61171515 16.53573365 58.60000000 183.97939593
-172.85068326 19.70565959 58.60000000 183.57459444
-172.08965138 22.87558553 58.60000000 183.22690994
-171.32861949 26.04551147 58.60000000 182.93666807
-173.61171515 16.53573365 55.34000000 182.96713837
-172.85068326 19.70565959 55.34000000 182.56009237
-172.08965138 22.87558553 55.34000000 182.21047205
-171.32861949 26.04551147 55.34000000 181.91860852
-168.28449195 38.72521523 61.86000000 183.42838419
-169.04552383 35.55528929 61.86000000 183.48631373
-169.80655572 32.38536335 61.86000000 183.60211798
-170.56758761 29.21543741 61.86000000 183.77568752
-168.28449195 38.72521523 65.12000000 184.55331730
-169.04552383 35.55528929 65.12000000 184.61089384
-169.80655572 32.38536335 65.12000000 184.72599310
-170.56758761 29.21543741 65.12000000 184.89850763
0.00000000 0.00000000 0.00000000 0.00000000
0.00000000 0.00000000 0.00000000 0.00000000
-171.32861949 26.04551147 61.86000000 184.00685891
-172.08965138 22.87558553 61.86000000 184.29541537
-172.85068326 19.70565959 61.86000000 184.64108786
-173.61171515 16.53573365 61.86000000 185.04355629
-171.32861949 26.04551147 65.12000000 185.12827695
-172.08965138 22.87558553 65.12000000 185.41508818
-172.85068326 19.70565959 65.12000000 185.75867712
-173.61171515 16.53573365 65.12000000 186.15872938
-170.56758761 29.21543741 71.64000000 187.29424264
-169.80655572 32.38536335 71.64000000 187.12393680
-169.04552383 35.55528929 71.64000000 187.01031342
-168.28449195 38.72521523 71.64000000 186.95347583
-170.56758761 29.21543741 68.38000000 186.07167470
-169.80655572 32.38536335 68.38000000 185.90024886
-169.04552383 35.55528929 68.38000000 185.78587709
-168.28449195 38.72521523 68.38000000 185.72866479
0.00000000 0.00000000 0.00000000 0.00000000
0.00000000 0.00000000 0.00000000 0.00000000
-173.61171515 16.53573365 71.64000000 188.53845158
-172.85068326 19.70565959 71.64000000 188.14345943
-172.08965138 22.87558553 71.64000000 187.80423351
-171.32861949 26.04551147 71.64000000 187.52107648
-173.61171515 16.53573365 68.38000000 187.32400413
-172.85068326 19.70565959 68.38000000 186.92644576
-172.08965138 22.87558553 68.38000000 186.58500724
-171.32861949 26.04551147 68.38000000 186.29999711
-168.28449195 38.72521523 74.90000000 188.22678482
-169.04552383 35.55528929 74.90000000 188.28323804
-169.80655572 32.38536335 74.90000000 188.39609371
-170.56758761 29.21543741 74.90000000 188.56525058
-168.28449195 38.72521523 78.16000000 189.54761440
-169.04552383 35.55528929 78.16000000 189.60367434
-169.80655572 32.38536335 78.16000000 189.71574454
-170.56758761 29.21543741 78.16000000 189.88372580
0.00000000 0.00000000 0.00000000 0.00000000
0.00000000 0.00000000 0.00000000 0.00000000
-171.32861949 26.04551147 74.90000000 188.79055730
-172.08965138 22.87558553 74.90000000 189.07181314
-172.85068326 19.70565959 74.90000000 189.40876887
-173.61171515 16.53573365 74.90000000 189.80112783
-171.32861949 26.04551147 78.16000000 190.10746993
-172.08965138 22.87558553 78.16000000 190.38678033
-172.85068326 19.70565959 78.16000000 190.72141286
-173.61171515 16.53573365 78.16000000 191.11107693
-132.99037978 110.72670235 -58.60000000 182.70414260
-134.90655970 108.08930694 -58.60000000 182.52955411
-136.82273962 105.45191154 -58.60000000 182.41306895
-138.73891954 102.81451614 -58.60000000 182.35479847
-132.99037978 110.72670235 -55.34000000 181.68478011
-134.90655970 108.08930694 -55.34000000 181.50921113
-136.82273962 105.45191154 -55.34000000 181.39207073
-138.73891954 102.81451614 -55.34000000 181.33347216
0.00000000 0.00000000 0.00000000 0.00000000
0.00000000 0.00000000 0.00000000 0.00000000
-125.32566009 121.27628395 -58.60000000 183.97939593
-127.24184001 118.63888855 -58.60000000 183.57459444
-129.15801993 116.00149315 -58.60000000 183.22690994
-131.07419985 113.36409775 -58.60000000 182.93666807
-125.32566009 121.27628395 -55.34000000 182.96713837
-127.24184001 118.63888855 -55.34000000 182.56009237
-129.15801993 116.00149315 -55.34000000 182.21047205
-131.07419985 113.36409775 -55.34000000 181.91860852
-138.73891954 102.81451614 -61.86000000 183.42838419
-136.82273962 105.45191154 -61.86000000 183.48631373
-134.90655970 108.08930694 -61.86000000 183.60211798
-132.99037978 110.72670235 -61.86000000 183.77568752
-138.73891954 102.81451614 -65.12000000 184.55331730
-136.82273962 105.45191154 -65.12000000 184.61089384
-134.90655970 108.08930694 -65.12000000 184.72599310
-132.99037978 110.72670235 -65.12000000 184.89850763
0.00000000 0.00000000 0.00000000 0.00000000
0.00000000 0.00000000 0.00000000 0.00000000
-131.07419985 113.36409775 -61.86000000 184.00685891
-129.15801993 116.00149315 -61.86000000 184.29541537
-127.24184001 118.63888855 -61.86000000 184.64108786
-125.32566009 121.27628395 -61.86000000 185.04355629
-131.07419985 113.36409775 -65.12000000 185.12827695
-129.15801993 116.00149315 -65.12000000 185.41508818
-127.24184001 118.63888855 -65.12000000 185.75867712
-125.32566009 121.27628395 -65.12000000 186.15872938
-132.99037978 110.72670235 -71.64000000 187.29424264
-134.90655970 108.08930694 -71.64000000 187.12393680
-136.82273962 105.45191154 -71.64000000 187.01031342
-138.73891954 102.81451614 -71.64000000 186.95347583
-132.99037978 110.72670235 -68.38000000 186.07167470
-134.90655970 108.08930694 -68.38000000 185.90024886
-136.82273962 105.45191154 -68.38000000 185.78587709
-138.73891954 102.81451614 -68.38000000 185.72866479
0.00000000 0.00000000 0.00000000 0.00000000
0.00000000 0.00000000 0.00000000 0.00000000
-125.32566009 121.27628395 -71.64000000 188.53845158
-127.24184001 118.63888855 -71.64000000 188.14345943
-129.15801993 116.00149315 -71.64000000 187.80423351
-131.07419985 113.36409775 -71.64000000 187.52107648
-125.32566009 121.27628395 -68.38000000 187.32400413
-127.24184001 118.63888855 -68.38000000 186.92644576
-129.15801993 116.00149315 -68.38000000 186.58500724
-131.07419985 113.36409775 -68.38000000 186.29999711
-138.73891954 102.81451614 -74.90000000 188.22678482
-136.82273962 105.45191154 -74.90000000 188.28323804
-134.90655970 108.08930694 -74.90000000 188.39609371
-132.99037978 110.72670235 -74.90000000 188.56525058
-138.73891954 102.81451614 -78.16000000 189.54761440
-136.82273962 105.45191154 -78.16000000 189.60367434
-134.90655970 108.08930694 -78.16000000 189.71574454
-132.99037978 110.72670235 -78.16000000 189.88372580
0.00000000 0.00000000 0.00000000 0.00000000
0.00000000 0.00000000 0.00000000 0.00000000
-131.07419985 113.36409775 -74.90000000 188.79055730
-129.15801993 116.00149315 -74.90000000 189.07181314
-127.24184001 118.63888855 -74.90000000 189.40876887
-125.32566009 121.27628395 -74.90000000 189.80112783
-131.07419985 113.36409775 -78.16000000 190.10746993
-129.15801993 116.00149315 -78.16000000 190.38678033
-127.24184001 118.63888855 -78.16000000 190.72141286
-125.32566009 121.27628395 -78.16000000 191.11107693
-146.40363923 92.26493453 -74.90000000 188.56525058
-144.48745931 94.90232994 -74.90000000 188.39609371
-142.57127939 97.53972534 -74.90000000 188.28323804
-140.65509946 100.17712074 -74.90000000 188.22678482
-146.40363923 92.26493453 -78.16000000 189.88372580
-144.48745931 94.90232994 -78.16000000 189.71574454
-142.57127939 97.53972534 -78.16000000 189.60367434
-140.65509946 100.17712074 -78.16000000 189.54761440
0.00000000 0.00000000 0.00000000 0.00000000
0.00000000 0.00000000 0.00000000 0.00000000
-154.06835892 81.71535293 -74.90000000 189.80112783
-152.15217900 84.35274833 -74.90000000 189.40876887
-150.23599908 86.99014373 -74.90000000 189.07181314
-148.31981915 89.62753913 -74.90000000 188.79055730
-154.06835892 81.71535293 -78.16000000 191.11107693
-152.15217900 84.35274833 -78.16000000 190.72141286
-150.23599908 86.99014373 -78.16000000 190.38678033
-148.31981915 89.62753913 -78.16000000 190.10746993
-140.65509946 100.17712074 -71.64000000 186.95347583
-142.57127939 97.53972534 -71.64000000 187.01031342
-144.48745931 94.90232994 -71.64000000 187.12393680
-146.40363923 92.26493453 -71.64000000 187.29424264
-140.65509946 100.17712074 -68.38000000 185.72866479
-142.57127939 97.53972534 -68.38000000 185.78587709
-144.48745931 94.90232994 -68.38000000 185.90024886
-146.40363923 92.26493453 -68.38000000 186.07167470
0.00000000 0.00000000 0.00000000 0.00000000
0.00000000 0.00000000 0.00000000 0.00000000
-148.31981915 89.62753913 -71.64000000 187.52107648
-150.23599908 86.99014373 -71.64000000 187.80423351
-152.15217900 84.35274833 -71.64000000 188.14345943
-154.06835892 81.71535293 -71.64000000 188.53845158
-148.31981915 89.62753913 -68.38000000 186.29999711
-150.23599908 86.99014373 -68.38000000 186.58500724
-152.15217900 84.35274833 -68.38000000 186.92644576
-154.06835892 81.71535293 -68.38000000 187.32400413
-146.40363923 92.26493453 -61.86000000 183.77568752
-144.48745931 94.90232994 -61.86000000 183.60211798
-142.57127939 97.53972534 -61.86000000 183.48631373
-140.65509946 100.17712074 -61.86000000 183.42838419
-146.40363923 92.26493453 -65.12000000 184.89850763
-144.48745931 94.90232994 -65.12000000 184.72599310
-142.57127939 97.53972534 -65.12000000 184.61089384
-140.65509946 100.17712074 -65.12000000 184.55331730
0.00000000 0.00000000 0.00000000 0.00000000
0.00000000 0.00000000 0.00000000 0.00000000
-154.06835892 81.71535293 -61.86000000 185.04355629
-152.15217900 84.35274833 -61.86000000 184.64108786
-150.23599908 86.99014373 -61.86000000 184.29541537
-148.31981915 89.62753913 -61.86000000 184.00685891
-154.06835892 81.71535293 -65.12000000 186.15872938
-152.15217900 84.35274833 -65.12000000 185.75867712
-150.23599908 86.99014373 -65.12000000 185.41508818
-148.31981915 89.62753913 -65.12000000 185.12827695
-140.65509946 100.17712074 -58.60000000 182.35479847
-142.57127939 97.53972534 -58.60000000 182.41306895
-144.48745931 94.90232994 -58.60000000 182.52955411
-146.40363923 92.26493453 -58.60000000 182.70414260
-140.65509946 100.17712074 -55.34000000 181.33347216
-142.57127939 97.53972534 -55.34000000 181.39207073
-144.48745931 94.90232994 -55.34000000 181.50921113
-146.40363923 92.26493453 -55.34000000 181.68478011
0.00000000 0.00000000 0.00000000 0.00000000
0.00000000 0.00000000 0.00000000 0.00000000
-148.31981915 89.62753913 -58.60000000 182.93666807
-150.23599908 86.99014373 -58.60000000 183.22690994
-152.15217900 84.35274833 -58.60000000 183.57459444
-154.06835892 81.71535293 -58.60000000 183.97939593
-148.31981915 89.62753913 -55.34000000 181.91860852
-150.23599908 86.99014373 -55.34000000 182.21047205
-152.15217900 84.35274833 -55.34000000 182.56009237
-154.06835892 81.71535293 -55.34000000 182.96713837
-132.99037978 110.72670235 -31.90000000 175.96719503
-134.90655970 108.08930694 -31.90000000 175.78591560
-136.82273962 105.45191154 -31.90000000 175.66495873
-138.73891954 102.81451614 -31.90000000 175.60444905
-132.99037978 110.72670235 -28.64000000 175.40551110
-134.90655970 108.08930694 -28.64000000 175.22365059
-136.82273962 105.45191154 -28.64000000 175.10230531
-138.73891954 102.81451614 -28.64000000 175.04160113
0.00000000 0.00000000 0.00000000 0.00000000
0.00000000 0.00000000 0.00000000 0.00000000
-125.32566009 121.27628395 -31.90000000 177.29091383
-127.24184001 118.63888855 -31.90000000 176.87080518
-129.15801993 116.00149315 -31.90000000 176.50991622
-131.07419985 113.36409775 -31.90000000 176.20861081
-125.32566009 121.27628395 -28.64000000 176.73343692
-127.24184001 118.63888855 -28.64000000 176.31199995
-129.15801993 116.00149315 -28.64000000 175.94996483
-131.07419985 113.36409775 -28.64000000 175.64769889
-138.73891954 102.81451614 -35.16000000 176.22581572
-136.82273962 105.45191154 -35.16000000 176.28611212
-134.90655970 108.08930694 -35.16000000 176.40664309
-132.99037978 110.72670235 -35.16000000 176.58728529
-138.73891954 102.81451614 -38.42000000 176.90508451
-136.82273962 105.45191154 -38.42000000 176.96514946
-134.90655970 108.08930694 -38.42000000 177.08521826
-132.99037978 110.72670235 -38.42000000 177.26516896
0.00000000 0.00000000 0.00000000 0.00000000
0.00000000 0.00000000 0.00000000 0.00000000
-131.07419985 113.36409775 -35.16000000 176.82785449
-129.15801993 116.00149315 -35.16000000 177.12810654
-127.24184001 118.63888855 -35.16000000 177.48773852
-125.32566009 121.27628395 -35.16000000 177.90639034
-131.07419985 113.36409775 -38.42000000 177.50481944
-129.15801993 116.00149315 -38.42000000 177.80392832
-127.24184001 118.63888855 -38.42000000 178.16219612
-125.32566009 121.27628395 -38.42000000 178.57926678
-132.99037978 110.72670235 -44.94000000 178.79163103
-134.90655970 108.08930694 -44.94000000 178.61321823
-136.82273962 105.45191154 -44.94000000 178.49417729
-138.73891954 102.81451614 -44.94000000 178.43462703
-132.99037978 110.72670235 -41.68000000 178.00018574
-134.90655970 108.08930694 -41.68000000 177.82097887
-136.82273962 105.45191154 -41.68000000 177.70140721
-138.73891954 102.81451614 -41.68000000 177.64159120
0.00000000 0.00000000 0.00000000 0.00000000
0.00000000 0.00000000 0.00000000 0.00000000
-125.32566009 121.27628395 -44.94000000 180.09459105
-127.24184001 118.63888855 -44.94000000 179.68103774
-129.15801993 116.00149315 -44.94000000 179.32580440
-131.07419985 113.36409775 -44.94000000 179.02923818
-125.32566009 121.27628395 -41.68000000 179.30889695
-127.24184001 118.63888855 -41.68000000 178.89352734
-129.15801993 116.00149315 -41.68000000 178.53672710
-131.07419985 113.36409775 -41.68000000 178.23884797
-138.73891954 102.81451614 -48.20000000 179.28344186
-136.82273962 105.45191154 -48.20000000 179.34271026
-134.90655970 108.08930694 -48.20000000 179.46118835
-132.99037978 110.72670235 -48.20000000 179.63875897
-138.73891954 102.81451614 -51.46000000 180.18724740
-136.82273962 105.45191154 -51.46000000 180.24621861
-134.90655970 108.08930694 -51.46000000 180.36410321
-132.99037978 110.72670235 -51.46000000 180.54078577
0.00000000 0.00000000 0.00000000 0.00000000
0.00000000 0.00000000 0.00000000 0.00000000
-131.07419985 113.36409775 -48.20000000 179.87524712
-129.15801993 116.00149315 -48.20000000 180.17042078
-127.24184001 118.63888855 -48.20000000 180.52399210
-125.32566009 121.27628395 -48.20000000 180.93561873
-131.07419985 113.36409775 -51.46000000 180.77609390
-129.15801993 116.00149315 -51.46000000 181.06979904
-127.24184001 118.63888855 -51.46000000 181.42161758
-125.32566009 121.27628395 -51.46000000 181.83121219
-146.40363923 92.26493453 -48.20000000 179.63875897
-144.48745931 94.90232994 -48.20000000 179.46118835
-142.57127939 97.53972534 -48.20000000 179.34271026
-140.65509946 100.17712074 -48.20000000 179.28344186
-146.40363923 92.26493453 -51.46000000 180.54078577
-144.48745931 94.90232994 -51.46000000 180.36410321
-142.57127939 97.53972534 -51.46000000 180.24621861
-140.65509946 100.17712074 -51.46000000 180.18724740
0.00000000 0.00000000 0.00000000 0.00000000
0.00000000 0.00000000 0.00000000 0.00000000
-154.06835892 81.71535293 -48.20000000 180.93561873
-152.15217900 84.35274833 -48.20000000 180.52399210
-150.23599908 86.99014373 -48.20000000 180.17042078
-148.31981915 89.62753913 -48.20000000 179.87524712
-154.06835892 81.71535293 -51.46000000 181.83121219
-152.15217900 84.35274833 -51.46000000 181.42161758
-150.23599908 86.99014373 -51.46000000 181.06979904
-148.31981915 89.62753913 -51.46000000 180.77609390
-140.65509946 100.17712074 -44.94000000 178.43462703
-142.57127939 97.53972534 -44.94000000 178.49417729
-144.48745931 94.90232994 -44.94000000 178.61321823
-146.40363923 92.26493453 -44.94000000 178.79163103
-140.65509946 100.17712074 -41.68000000 177.64159120
-142.57127939 97.53972534 -41.68000000 177.70140721
-144.48745931 94.90232994 -41.68000000 177.82097887
-146.40363923 92.26493453 -41.68000000 178.00018574
0.00000000 0.00000000 0.00000000 0.00000000
0.00000000 0.00000000 0.00000000 0.00000000
-148.31981915 89.62753913 -44.94000000 179.02923818
-150.23599908 86.99014373 -44.94000000 179.32580440
-152.15217900 84.35274833 -44.94000000 179.68103774
-154.06835892 81.71535293 -44.94000000 180.09459105
-148.31981915 89.62753913 -41.68000000 178.23884797
-150.23599908 86.99014373 -41.68000000 178.53672710
-152.15217900 84.35274833 -41.68000000 178.89352734
-154.06835892 81.71535293 -41.68000000 179.30889695
-146.40363923 92.26493453 -35.16000000 176.58728529
-144.48745931 94.90232994 -35.16000000 176.40664309
-142.57127939 97.53972534 -35.16000000 176.28611212
-140.65509946 100.17712074 -35.16000000 176.22581572
-146.40363923 92.26493453 -38.42000000 177.26516896
-144.48745931 94.90232994 -38.42000000 177.08521826
-142.57127939 97.53972534 -38.42000000 176.96514946
-140.65509946 100.17712074 -38.42000000 176.90508451
0.00000000 0.00000000 0.00000000 0.00000000
0.00000000 0.00000000 0.00000000 0.00000000
-154.06835892 81.71535293 -35.16000000 177.90639034
-152.15217900 84.35274833 -35.16000000 177.48773852
-150.23599908 86.99014373 -35.16000000 177.12810654
-148.31981915 89.62753913 -35.16000000 176.82785449
-154.06835892 81.71535293 -38.42000000 178.57926678
-152.15217900 84.35274833 -38.42000000 178.16219612
-150.23599908 86.99014373 -38.42000000 177.80392832
-148.31981915 89.62753913 -38.42000000 177.50481944
-140.65509946 100.17712074 -31.90000000 175.60444905
-142.57127939 97.53972534 -31.90000000 175.66495873
-144.48745931 94.90232994 -31.90000000 175.78591560
-146.40363923 92.26493453 -31.90000000 175.96719503
-140.65509946 100.17712074 -28.64000000 175.04160113
-142.57127939 97.53972534 -28.64000000 175.10230531
-144.48745931 94.90232994 -28.64000000 175.22365059
-146.40363923 92.26493453 -28.64000000 175.40551110
0.00000000 0.00000000 0.00000000 0.00000000
0.00000000 0.00000000 0.00000000 0.00000000
-148.31981915 89.62753913 -31.90000000 176.20861081
-150.23599908 86.99014373 -31.90000000 176.50991622
-152.15217900 84.35274833 -31.90000000 176.87080518
-154.06835892 81.71535293 -31.90000000 177.29091383
-148.31981915 89.62753913 -28.64000000 175.64769889
-150.23599908 86.99014373 -28.64000000 175.94996483
-152.15217900 84.35274833 -28.64000000 176.31199995
-154.06835892 81.71535293 -28.64000000 176.73343692
-132.99037978 110.72670235 -5.20000000 173.12967315
-134.90655970 108.08930694 -5.20000000 172.94541950
-136.82273962 105.45191154 -5.20000000 172.82247459
-138.73891954 102.81451614 -5.20000000 172.76096933
-132.99037978 110.72670235 -1.94000000 173.06243765
-134.90655970 108.08930694 -1.94000000 172.87811234
-136.82273962 105.45191154 -1.94000000 172.75511953
-138.73891954 102.81451614 -1.94000000 172.69359028
0.00000000 0.00000000 0.00000000 0.00000000
0.00000000 0.00000000 0.00000000 0.00000000
-125.32566009 121.27628395 -5.20000000 174.47492119
-127.24184001 118.63888855 -5.20000000 174.04801557
-129.15801993 116.00149315 -5.20000000 173.68126129
-131.07419985 113.36409775 -5.20000000 173.37504009
-125.32566009 121.27628395 -1.94000000 174.40820429
-127.24184001 118.63888855 -1.94000000 173.98113497
-129.15801993 116.00149315 -1.94000000 173.61423941
-131.07419985 113.36409775 -1.94000000 173.30789978
-138.73891954 102.81451614 -8.46000000 172.88980342
-136.82273962 105.45191154 -8.46000000 172.95126286
-134.90655970 108.08930694 -8.46000000 173.07411628
-132.99037978 110.72670235 -8.46000000 173.25823307
-138.73891954 102.81451614 -11.72000000 173.07995530
-136.82273962 105.45191154 -11.72000000 173.14134724
-134.90655970 108.08930694 -11.72000000 173.26406588
-132.99037978 110.72670235 -11.72000000 173.44798103
0.00000000 0.00000000 0.00000000 0.00000000
0.00000000 0.00000000 0.00000000 0.00000000
-131.07419985 113.36409775 -8.46000000 173.50341819
-129.15801993 116.00149315 -8.46000000 173.80941322
-127.24184001 118.63888855 -8.46000000 174.17589766
-125.32566009 121.27628395 -8.46000000 174.60249060
-131.07419985 113.36409775 -11.72000000 173.69289831
-129.15801993 116.00149315 -11.72000000 173.99856012
-127.24184001 118.63888855 -11.72000000 174.36464700
-125.32566009 121.27628395 -11.72000000 174.79077929
-132.99037978 110.72670235 -18.24000000 174.01017592
-134.90655970 108.08930694 -18.24000000 173.82685559
-136.82273962 105.45191154 -18.24000000 173.70453456
-138.73891954 102.81451614 -18.24000000 173.64334172
-132.99037978 110.72670235 -14.98000000 173.69871653
-134.90655970 108.08930694 -14.98000000 173.51506714
-136.82273962 105.45191154 -14.98000000 173.39252615
-138.73891954 102.81451614 -14.98000000 173.33122317
0.00000000 0.00000000 0.00000000 0.00000000
0.00000000 0.00000000 0.00000000 0.00000000
-125.32566009 121.27628395 -18.24000000 175.34866901
-127.24184001 118.63888855 -18.24000000 174.92389581
-129.15801993 116.00149315 -18.24000000 174.55898179
-131.07419985 113.36409775 -18.24000000 174.25430303
-125.32566009 121.27628395 -14.98000000 175.03959131
-127.24184001 118.63888855 -14.98000000 174.61406623
-129.15801993 116.00149315 -14.98000000 174.24850337
-131.07419985 113.36409775 -14.98000000 173.94328077
-138.73891954 102.81451614 -21.50000000 174.01598353
-136.82273962 105.45191154 -21.50000000 174.07704537
-134.90655970 108.08930694 -21.50000000 174.19910483
-132.99037978 110.72670235 -21.50000000 174.38203384
-138.73891954 102.81451614 -24.76000000 174.44876074
-136.82273962 105.45191154 -24.76000000 174.50967115
-134.90655970 108.08930694 -24.76000000 174.63142823
-132.99037978 110.72670235 -24.76000000 174.81390484
0.00000000 0.00000000 0.00000000 0.00000000
0.00000000 0.00000000 0.00000000 0.00000000
-131.07419985 113.36409775 -21.50000000 174.62564109
-129.15801993 116.00149315 -21.50000000 174.92967308
-127.24184001 118.63888855 -21.50000000 175.29381542
-125.32566009 121.27628395 -21.50000000 175.71769440
-131.07419985 113.36409775 -24.76000000 175.05691110
-129.15801993 116.00149315 -24.76000000 175.36019538
-127.24184001 118.63888855 -24.76000000 175.72344558
-125.32566009 121.27628395 -24.76000000 176.14629069
-146.40363923 92.26493453 -21.50000000 174.38203384
-144.48745931 94.90232994 -21.50000000 174.19910483
-142.57127939 97.53972534 -21.50000000 174.07704537
-140.65509946 100.17712074 -21.50000000 174.01598353
-146.40363923 92.26493453 -24.76000000 174.81390484
-144.48745931 94.90232994 -24.76000000 174.63142823
-142.57127939 97.53972534 -24.76000000 174.50967115
-140.65509946 100.17712074 -24.76000000 174.44876074
0.00000000 0.00000000 0.00000000 0.00000000
0.00000000 0.00000000 0.00000000 0.00000000
-154.06835892 81.71535293 -21.50000000 175.71769440
-152.15217900 84.35274833 -21.50000000 175.29381542
-150.23599908 86.99014373 -21.50000000 174.92967308
-148.31981915 89.62753913 -21.50000000 174.62564109
-154.06835892 81.71535293 -24.76000000 176.14629069
-152.15217900 84.35274833 -24.76000000 175.72344558
-150.23599908 86.99014373 -24.76000000 175.36019538
-148.31981915 89.62753913 -24.76000000 175.05691110
-140.65509946 100.17712074 -18.24000000 173.64334172
-142.57127939 97.53972534 -18.24000000 173.70453456
-144.48745931 94.90232994 -18.24000000 173.82685559
-146.40363923 92.26493453 -18.24000000 174.01017592
-140.65509946 100.17712074 -14.98000000 173.33122317
-142.57127939 97.53972534 -14.98000000 173.39252615
-144.48745931 94.90232994 -14.98000000 173.51506714
-146.40363923 92.26493453 -14.98000000 173.69871653
0.00000000 0.00000000 0.00000000 0.00000000
0.00000000 0.00000000 0.00000000 0.00000000
-148.31981915 89.62753913 -18.24000000 174.25430303
-150.23599908 86.99014373 -18.24000000 174.55898179
-152.15217900 84.35274833 -18.24000000 174.92389581
-154.06835892 81.71535293 -18.24000000 175.34866901
-148.31981915 89.62753913 -14.98000000 173.94328077
-150.23599908 86.99014373 -14.98000000 174.24850337
-152.15217900 84.35274833 -14.98000000 174.61406623
-154.06835892 81.71535293 -14.98000000 175.03959131
-146.40363923 92.26493453 -8.46000000 173.25823307
-144.48745931 94.90232994 -8.46000000 173.07411628
-142.57127939 97.53972534 -8.46000000 172.95126286
-140.65509946 100.17712074 -8.46000000 172.88980342
-146.40363923 92.26493453 -11.72000000 173.44798103
-144.48745931 94.90232994 -11.72000000 173.26406588
-142.57127939 97.53972534 -11.72000000 173.14134724
-140.65509946 100.17712074 -11.72000000 173.07995530
0.00000000 0.00000000 0.00000000 0.00000000
0.00000000 0.00000000 0.00000000 0.00000000
-154.06835892 81.71535293 -8.46000000 174.60249060
-152.15217900 84.35274833 -8.46000000 174.17589766
-150.23599908 86.99014373 -8.46000000 173.80941322
-148.31981915 89.62753913 -8.46000000 173.50341819
-154.06835892 81.71535293 -11.72000000 174.79077929
-152.15217900 84.35274833 -11.72000000 174.36464700
-150.23599908 86.99014373 -11.72000000 173.99856012
-148.31981915 89.62753913 -11.72000000 173.69289831
-140.65509946 100.17712074 -5.20000000 172.76096933
-142.57127939 97.53972534 -5.20000000 172.82247459
-144.48745931 94.90232994 -5.20000000 172.94541950
-146.40363923 92.26493453 -5.20000000 173.12967315
-140.65509946 100.17712074 -1.94000000 172.69359028
-142.57127939 97.53972534 -1.94000000 172.75511953
-144.48745931 94.90232994 -1.94000000 172.87811234
-146.40363923 92.26493453 -1.94000000 173.06243765
0.00000000 0.00000000 0.00000000 0.00000000
0.00000000 0.00000000 0.00000000 0.00000000
-148.31981915 89.62753913 -5.20000000 173.37504009
-150.23599908 86.99014373 -5.20000000 173.68126129
-152.15217900 84.35274833 -5.20000000 174.04801557
-154.06835892 81.71535293 -5.20000000 174.47492119
-148.31981915 89.62753913 -1.94000000 173.30789978
-150.23599908 86.99014373 -1.94000000 173.61423941
-152.15217900 84.35274833 -1.94000000 173.98113497
-154.06835892 81.71535293 -1.94000000 174.40820429
-132.99037978 110.72670235 21.50000000 174.38203384
-134.90655970 108.08930694 21.50000000 174.19910483
-136.82273962 105.45191154 21.50000000 174.07704537
-138.73891954 102.81451614 21.50000000 174.01598353
-132.99037978 110.72670235 24.76000000 174.81390484
-134.90655970 108.08930694 24.76000000 174.63142823
-136.82273962 105.45191154 24.76000000 174.50967115
-138.73891954 102.81451614 24.76000000 174.44876074
0.00000000 0.00000000 0.00000000 0.00000000
0.00000000 0.00000000 0.00000000 0.00000000
-125.32566009 121.27628395 21.50000000 175.71769440
-127.24184001 118.63888855 21.50000000 175.29381542
-129.15801993 116.00149315 21.50000000 174.92967308
-131.07419985 113.36409775 21.50000000 174.62564109
-125.32566009 121.27628395 24.76000000 176.14629069
-127.24184001 118.63888855 24.76000000 175.72344558
-129.15801993 116.00149315 24.76000000 175.36019538
-131.07419985 113.36409775 24.76000000 175.05691110
-138.73891954 102.81451614 18.24000000 173.64334172
-136.82273962 105.45191154 18.24000000 173.70453456
-134.90655970 108.08930694 18.24000000 173.82685559
-132.99037978 110.72670235 18.24000000 174.01017592
-138.73891954 102.81451614 14.98000000 173.33122317
-136.82273962 105.45191154 14.98000000 173.39252615
-134.90655970 108.08930694 14.98000000 173.51506714
-132.99037978 110.72670235 14.98000000 173.69871653
0.00000000 0.00000000 0.00000000 0.00000000
0.00000000 0.00000000 0.00000000 0.00000000
-131.07419985 113.36409775 18.24000000 174.25430303
-129.15801993 116.00149315 18.24000000 174.55898179
-127.24184001 118.63888855 18.24000000 174.92389581
-125.32566009 121.27628395 18.24000000 175.34866901
-131.07419985 113.36409775 14.98000000 173.94328077
-129.15801993 116.00149315 14.98000000 174.24850337
-127.24184001 118.63888855 14.98000000 174.61406623
-125.32566009 121.27628395 14.98000000 175.03959131
-132.99037978 110.72670235 8.46000000 173.25823307
-134.90655970 108.08930694 8.46000000 173.07411628
-136.82273962 105.45191154 8.46000000 172.95126286
-138.73891954 102.81451614 8.46000000 172.88980342
-132.99037978 110.72670235 11.72000000 173.44798103
-134.90655970 108.08930694 11.72000000 173.26406588
-136.82273962 105.45191154 11.72000000 173.14134724
-138.73891954 102.81451614 11.72000000 173.07995530
0.00000000 0.00000000 0.00000000 0.00000000
0.00000000 0.00000000 0.00000000 0.00000000
-125.32566009 121.27628395 8.46000000 174.60249060
-127.24184001 118.63888855 8.46000000 174.17589766
-129.15801993 116.00149315 8.46000000 173.80941322
-131.07419985 113.36409775 8.46000000 173.50341819
-125.32566009 121.27628395 11.72000000 174.79077929
-127.24184001 118.63888855 11.72000000 174.36464700
-129.15801993 116.00149315 11.72000000 173.99856012
-131.07419985 113.36409775 11.72000000 173.69289831
-138.73891954 102.81451614 5.20000000 172.76096933
-136.82273962 105.45191154 5.20000000 172.82247459
-134.90655970 108.08930694 5.20000000 172.94541950
-132.99037978 110.72670235 5.20000000 173.12967315
-138.73891954 102.81451614 1.94000000 172.69359028
-136.82273962 105.45191154 1.94000000 172.75511953
-134.90655970 108.08930694 1.94000000 172.87811234
-132.99037978 110.72670235 1.94000000 173.06243765
0.00000000 0.00000000 0.00000000 0.00000000
0.00000000 0.00000000 0.00000000 0.00000000
-131.07419985 113.36409775 5.20000000 173.37504009
-129.15801993 116.00149315 5.20000000 173.68126129
-127.24184001 118.63888855 5.20000000 174.04801557
-125.32566009 121.27628395 5.20000000 174.47492119
-131.07419985 113.36409775 1.94000000 173.30789978
-129.15801993 116.00149315 1.94000000 173.61423941
-127.24184001 118.63888855 1.94000000 173.98113497
-125.32566009 121.27628395 1.94000000 174.40820429
-146.40363923 92.26493453 5.20000000 173.12967315
-144.48745931 94.90232994 5.20000000 172.94541950
-142.57127939 97.53972534 5.20000000 172.82247459
-140.65509946 100.17712074 5.20000000 172.76096933
-146.40363923 92.26493453 1.94000000 173.06243765
-144.48745931 94.90232994 1.94000000 172.87811234
-142.57127939 97.53972534 1.94000000 172.75511953
-140.65509946 100.17712074 1.94000000 172.69359028
0.00000000 0.00000000 0.00000000 0.00000000
0.00000000 0.00000000 0.00000000 0.00000000
-154.06835892 81.71535293 5.20000000 174.47492119
-152.15217900 84.35274833 5.20000000 174.04801557
-150.23599908 86.99014373 5.20000000 173.68126129
-148.31981915 89.62753913 5.20000000 173.37504009
-154.06835892 81.71535293 1.94000000 174.40820429
-152.15217900 84.35274833 1.94000000 173.98113497
-150.23599908 86.99014373 1.94000000 173.61423941
-148.31981915 89.62753913 1.94000000 173.30789978
-140.65509946 100.17712074 8.46000000 172.88980342
-142.57127939 97.53972534 8.46000000 172.95126286
-144.48745931 94.90232994 8.46000000 173.07411628
-146.40363923 92.26493453 8.46000000 173.25823307
-140.65509946 100.17712074 11.72000000 173.07995530
-142.57127939 97.53972534 11.72000000 173.14134724
-144.48745931 94.90232994 11.72000000 173.26406588
-146.40363923 92.26493453 11.72000000 173.44798103
0.00000000 0.00000000 0.00000000 0.00000000
0.00000000 0.00000000 0.00000000 0.00000000
-148.31981915 89.62753913 8.46000000 173.50341819
-150.23599908 86.99014373 8.46000000 173.80941322
-152.15217900 84.35274833 8.46000000 174.17589766
-154.06835892 81.71535293 8.46000000 174.60249060
-148.31981915 89.62753913 11.72000000 173.69289831
-150.23599908 86.99014373 11.72000000 173.99856012
-152.15217900 84.35274833 11.72000000 174.36464700
-154.06835892 81.71535293 11.72000000 174.79077929
-146.40363923 92.26493453 18.24000000 174.01017592
-144.48745931 94.90232994 18.24000000 173.82685559
-142.57127939 97.53972534 18.24000000 173.70453456
-140.65509946 100.17712074 18.24000000 173.64334172
-146.40363923 92.26493453 14.98000000 173.69871653
-144.48745931 94.90232994 14.98000000 173.51506714
-142.57127939 97.53972534 14.98000000 173.39252615
-140.65509946 100.17712074 14.98000000 173.33122317
0.00000000 0.00000000 0.00000000 0.00000000
0.00000000 0.00000000 0.00000000 0.00000000
-154.06835892 81.71535293 18.24000000 175.34866901
-152.15217900 84.35274833 18.24000000 174.92389581
-150.23599908 86.99014373 18.24000000 174.55898179
-148.31981915 89.62753913 18.24000000 174.25430303
-154.06835892 81.71535293 14.98000000 175.03959131
-152.15217900 84.35274833 14.98000000 174.61406623
-150.23599908 86.99014373 14.98000000 174.24850337
-148.31981915 89.62753913 14.98000000 173.94328077
-140.65509946 100.17712074 21.50000000 174.01598353
-142.57127939 97.53972534 21.50000000 174.07704537
-144.48745931 94.90232994 21.50000000 174.19910483
-146.40363923 92.26493453 21.50000000 174.38203384
-140.65509946 100.17712074 24.76000000 174.44876074
-142.57127939 97.53972534 24.76000000 174.50967115
-144.48745931 94.90232994 24.76000000 174.63142823
-146.40363923 92.26493453 24.76000000 174.81390484
0.00000000 0.00000000 0.00000000 0.00000000
0.00000000 0.00000000 0.00000000 0.00000000
-148.31981915 89.62753913 21.50000000 174.62564109
-150.23599908 86.99014373 21.50000000 174.92967308
-152.15217900 84.35274833 21.50000000 175.29381542
-154.06835892 81.71535293 21.50000000 175.71769440
-148.31981915 89.62753913 24.76000000 175.05691110
-150.23599908 86.99014373 24.76000000 175.36019538
-152.15217900 84.35274833 24.76000000 175.72344558
-154.06835892 81.71535293 24.76000000 176.14629069
-132.99037978 110.72670235 48.20000000 179.63875897
-134.90655970 108.08930694 48.20000000 179.46118835
-136.82273962 105.45191154 48.20000000 179.34271026
-138.73891954 102.81451614 48.20000000 179.28344186
-132.99037978 110.72670235 51.46000000 180.54078577
-134.90655970 108.08930694 51.46000000 180.36410321
-136.82273962 105.45191154 51.46000000 180.24621861
-138.73891954 102.81451614 51.46000000 180.18724740
0.00000000 0.00000000 0.00000000 0.00000000
0.00000000 0.00000000 0.00000000 0.00000000
-125.32566009 121.27628395 48.20000000 180.93561873
-127.24184001 118.63888855 48.20000000 180.52399210
-129.15801993 116.00149315 48.20000000 180.17042078
-131.07419985 113.36409775 48.20000000 179.87524712
-125.32566009 121.27628395 51.46000000 181.83121219
-127.24184001 118.63888855 51.46000000 181.42161758
-129.15801993 116.00149315 51.46000000 181.06979904
-131.07419985 113.36409775 51.46000000 180.77609390
-138.73891954 102.81451614 44.94000000 178.43462703
-136.82273962 105.45191154 44.94000000 178.49417729
-134.90655970 108.08930694 44.94000000 178.61321823
-132.99037978 110.72670235 44.94000000 178.79163103
-138.73891954 102.81451614 41.68000000 177.64159120
-136.82273962 105.45191154 41.68000000 177.70140721
-134.90655970 108.08930694 41.68000000 177.82097887
-132.99037978 110.72670235 41.68000000 178.00018574
0.00000000 0.00000000 0.00000000 0.00000000
0.00000000 0.00000000 0.00000000 0.00000000
-131.07419985 113.36409775 44.94000000 179.02923818
-129.15801993 116.00149315 44.94000000 179.32580440
-127.24184001 118.63888855 44.94000000 179.68103774
-125.32566009 121.27628395 44.94000000 180.09459105
-131.07419985 113.36409775 41.68000000 178.23884797
-129.15801993 116.00149315 41.68000000 178.53672710
-127.24184001 118.63888855 41.68000000 178.89352734
-125.32566009 121.27628395 41.68000000 179.30889695
-132.99037978 110.72670235 35.16000000 176.58728529
-134.90655970 108.08930694 35.16000000 176.40664309
-136.82273962 105.45191154 35.16000000 176.28611212
-138.73891954 102.81451614 35.16000000 176.22581572
-132.99037978 110.72670235 38.42000000 177.26516896
-134.90655970 108.08930694 38.42000000 177.08521826
-136.82273962 105.45191154 38.42000000 176.96514946
-138.73891954 102.81451614 38.42000000 176.90508451
0.00000000 0.00000000 0.00000000 0.00000000
0.00000000 0.00000000 0.00000000 0.00000000
-125.32566009 121.27628395 35.16000000 177.90639034
-127.24184001 118.63888855 35.16000000 177.48773852
-129.15801993 116.00149315 35.16000000 177.12810654
-131.07419985 113.36409775 35.16000000 176.82785449
-125.32566009 121.27628395 38.42000000 178.57926678
-127.24184001 118.63888855 38.42000000 178.16219612
-129.15801993 116.00149315 38.42000000 177.80392832
-131.07419985 113.36409775 38.42000000 177.50481944
-138.73891954 102.81451614 31.90000000 175.60444905
-136.82273962 105.45191154 31.90000000 175.66495873
-134.90655970 108.08930694 31.90000000 175.78591560
-132.99037978 110.72670235 31.90000000 175.96719503
-138.73891954 102.81451614 28.64000000 175.04160113
-136.82273962 105.45191154 28.64000000 175.10230531
-134.90655970 108.08930694 28.64000000 175.22365059
-132.99037978 110.72670235 28.64000000 175.40551110
0.00000000 0.00000000 0.00000000 0.00000000
0.00000000 0.00000000 0.00000000 0.00000000
-131.07419985 113.36409775 31.90000000 176.20861081
-129.15801993 116.00149315 31.90000000 176.50991622
-127.24184001 118.63888855 31.90000000 176.87080518
-125.32566009 121.27628395 31.90000000 177.29091383
-131.07419985 113.36409775 28.64000000 175.64769889
-129.15801993 116.00149315 28.64000000 175.94996483
-127.24184001 118.63888855 28.64000000 176.31199995
-125.32566009 121.27628395 28.64000000 176.73343692
-146.40363923 92.26493453 31.90000000 175.96719503
-144.48745931 94.90232994 31.90000000 175.78591560
-142.57127939 97.53972534 31.90000000 175.66495873
-140.65509946 100.17712074 31.90000000 175.60444905
-146.40363923 92.26493453 28.64000000 175.40551110
-144.48745931 94.90232994 28.64000000 175.22365059
-142.57127939 97.53972534 28.64000000 175.10230531
-140.65509946 100.17712074 28.64000000 175.04160113
0.00000000 0.00000000 0.00000000 0.00000000
0.00000000 0.00000000 0.00000000 0.00000000
-154.06835892 81.71535293 31.90000000 177.29091383
-152.15217900 84.35274833 31.90000000 176.87080518
-150.23599908 86.99014373 31.90000000 176.50991622
-148.31981915 89.62753913 31.90000000 176.20861081
-154.06835892 81.71535293 28.64000000 176.73343692
-152.15217900 84.35274833 28.64000000 176.31199995
-150.23599908 86.99014373 28.64000000 175.94996483
-148.31981915 89.62753913 28.64000000 175.64769889
-140.65509946 100.17712074 35.16000000 176.22581572
-142.57127939 97.53972534 35.16000000 176.28611212
-144.48745931 94.90232994 35.16000000 176.40664309
-146.40363923 92.26493453 35.16000000 176.58728529
-140.65509946 100.17712074 38.42000000 176.90508451
-142.57127939 97.53972534 38.42000000 176.96514946
-144.48745931 94.90232994 38.42000000 177.08521826
-146.40363923 92.26493453 38.42000000 177.26516896
0.00000000 0.00000000 0.00000000 0.00000000
0.00000000 0.00000000 0.00000000 0.00000000
-148.31981915 89.62753913 35.16000000 176.82785449
-150.23599908 86.99014373 35.16000000 177.12810654
-152.15217900 84.35274833 35.16000000 177.48773852
-154.06835892 81.71535293 35.16000000 177.90639034
-148.31981915 89.62753913 38.42000000 177.50481944
-150.23599908 86.99014373 38.42000000 177.80392832
-152.15217900 84.35274833 38.42000000 178.16219612
-154.06835892 81.71535293 38.42000000 178.57926678
-146.40363923 92.26493453 44.94000000 178.79163103
-144.48745931 94.90232994 44.94000000 178.61321823
-142.57127939 97.53972534 44.94000000 178.49417729
-140.65509946 100.17712074 44.94000000 178.43462703
-146.40363923 92.26493453 41.68000000 178.00018574
-144.48745931 94.90232994 41.68000000 177.82097887
-142.57127939 97.53972534 41.68000000 177.70140721
-140.65509946 100.17712074 41.68000000 177.64159120
0.00000000 0.00000000 0.00000000 0.00000000
0.00000000 0.00000000 0.00000000 0.00000000
-154.06835892 81.71535293 44.94000000 180.09459105
-152.15217900 84.35274833 44.94000000 179.68103774
-150.23599908 86.99014373 44.94000000 179.32580440
-148.31981915 89.62753913 44.94000000 179.02923818
-154.06835892 81.71535293 41.68000000 179.30889695
-152.15217900 84.35274833 41.68000000 178.89352734
-150.23599908 86.99014373 41.68000000 178.53672710
-148.31981915 89.62753913 41.68000000 178.23884797
-140.65509946 100.17712074 48.20000000 179.28344186
-142.57127939 97.53972534 48.20000000 179.34271026
-144.48745931 94.90232994 48.20000000 179.46118835
-146.40363923 92.26493453 48.20000000 179.63875897
-140.65509946 100.17712074 51.46000000 180.18724740
-142.57127939 97.53972534 51.46000000 180.24621861
-144.48745931 94.90232994 51.46000000 180.36410321
-146.40363923 92.26493453 51.46000000 180.54078577
0.00000000 0.00000000 0.00000000 0.00000000
0.00000000 0.00000000 0.00000000 0.00000000
-148.31981915 89.62753913 48.20000000 179.87524712
-150.23599908 86.99014373 48.20000000 180.17042078
-152.15217900 84.35274833 48.20000000 180.52399210
-154.06835892 81.71535293 48.20000000 180.93561873
-148.31981915 89.62753913 51.46000000 180.77609390
-150.23599908 86.99014373 51.46000000 181.06979904
-152.15217900 84.35274833 51.46000000 181.42161758
-154.06835892 81.71535293 51.46000000 181.83121219
-132.99037978 110.72670235 74.90000000 188.56525058
-134.90655970 108.08930694 74.90000000 188.39609371
-136.82273962 105.45191154 74.90000000 188.28323804
-138.73891954 102.81451614 74.90000000 188.22678482
-132.99037978 110.72670235 78.16000000 189.88372580
-134.90655970 108.08930694 78.16000000 189.71574454
-136.82273962 105.45191154 78.16000000 189.60367434
-138.73891954 102.81451614 78.16000000 189.54761440
0.00000000 0.00000000 0.00000000 0.00000000
0.00000000 0.00000000 0.00000000 0.00000000
-125.32566009 121.27628395 74.90000000 189.80112783
-127.24184001 118.63888855 74.90000000 189.40876887
-129.15801993 116.00149315 74.90000000 189.07181314
-131.07419985 113.36409775 74.90000000 188.79055730
-125.32566009 121.27628395 78.16000000 191.11107693
-127.24184001 118.63888855 78.16000000 190.72141286
-129.15801993 116.00149315 78.16000000 190.38678033
-131.07419985 113.36409775 78.16000000 190.10746993
-138.73891954 102.81451614 71.64000000 186.95347583
-136.82273962 105.45191154 71.64000000 187.01031342
-134.90655970 108.08930694 71.64000000 187.12393680
-132.99037978 110.72670235 71.64000000 187.29424264
-138.73891954 102.81451614 68.38000000 185.72866479
-136.82273962 105.45191154 68.38000000 185.78587709
-134.90655970 108.08930694 68.38000000 185.90024886
-132.99037978 110.72670235 68.38000000 186.07167470
0.00000000 0.00000000 0.00000000 0.00000000
0.00000000 0.00000000 0.00000000 0.00000000
-131.07419985 113.36409775 71.64000000 187.52107648
-129.15801993 116.00149315 71.64000000 187.80423351
-127.24184001 118.63888855 71.64000000 188.14345943
-125.32566009 121.27628395 71.64000000 188.53845158
-131.07419985 113.36409775 68.38000000 186.29999711
-129.15801993 116.00149315 68.38000000 186.58500724
-127.24184001 118.63888855 68.38000000 186.92644576
-125.32566009 121.27628395 68.38000000 187.32400413
-132.99037978 110.72670235 61.86000000 183.77568752
-134.90655970 108.08930694 61.86000000 183.60211798
-136.82273962 105.45191154 61.86000000 183.48631373
-138.73891954 102.81451614 61.86000000 183.42838419
-132.99037978 110.72670235 65.12000000 184.89850763
-134.90655970 108.08930694 65.12000000 184.72599310
-136.82273962 105.45191154 65.12000000 184.61089384
-138.73891954 102.81451614 65.12000000 184.55331730
0.00000000 0.00000000 0.00000000 0.00000000
0.00000000 0.00000000 0.00000000 0.00000000
-125.32566009 121.27628395 61.86000000 185.04355629
-127.24184001 118.63888855 61.86000000 184.64108786
-129.15801993 116.00149315 61.86000000 184.29541537
-131.07419985 113.36409775 61.86000000 184.00685891
-125.32566009 121.27628395 65.12000000 186.15872938
-127.24184001 118.63888855 65.12000000 185.75867712
-129.15801993 116.00149315 65.12000000 185.41508818
-131.07419985 113.36409775 65.12000000 185.12827695
-138.73891954 102.81451614 58.60000000 182.35479847
-136.82273962 105.45191154 58.60000000 182.41306895
-134.90655970 108.08930694 58.60000000 182.52955411
-132.99037978 110.72670235 58.60000000 182.70414260
-138.73891954 102.81451614 55.34000000 181.33347216
-136.82273962 105.45191154 55.34000000 181.39207073
-134.90655970 108.08930694 55.34000000 181.50921113
-132.99037978 110.72670235 55.34000000 181.68478011
0.00000000 0.00000000 0.00000000 0.00000000
0.00000000 0.00000000 0.00000000 0.00000000
-131.07419985 113.36409775 58.60000000 182.93666807
-129.15801993 116.00149315 58.60000000 183.22690994
-127.24184001 118.63888855 58.60000000 183.57459444
-125.32566009 121.27628395 58.60000000 183.97939593
-131.07419985 113.36409775 55.34000000 181.91860852
-129.15801993 116.00149315 55.34000000 182.21047205
-127.24184001 118.63888855 55.34000000 182.56009237
-125.32566009 121.27628395 55.34000000 182.96713837
-146.40363923 92.26493453 58.60000000 182.70414260
-144.48745931 94.90232994 58.60000000 182.52955411
-142.57127939 97.53972534 58.60000000 182.41306895
-140.65509946 100.17712074 58.60000000 182.35479847
-146.40363923 92.26493453 55.34000000 181.68478011
-144.48745931 94.90232994 55.34000000 181.50921113
-142.57127939 97.53972534 55.34000000 181.39207073
-140.65509946 100.17712074 55.34000000 181.33347216
0.00000000 0.00000000 0.00000000 0.00000000
0.00000000 0.00000000 0.00000000 0.00000000
-154.06835892 81.71535293 58.60000000 183.97939593
-152.15217900 84.35274833 58.60000000 183.57459444
-150.23599908 86.99014373 58.60000000 183.22690994
-148.31981915 89.62753913 58.60000000 182.93666807
-154.06835892 81.71535293 55.34000000 182.96713837
-152.15217900 84.35274833 55.34000000 182.56009237
-150.23599908 86.99014373 55.34000000 182.21047205
-148.31981915 89.62753913 55.34000000 181.91860852
-140.65509946 100.17712074 61.86000000 183.42838419
-142.57127939 97.53972534 61.86000000 183.48631373
-144.48745931 94.90232994 61.86000000 183.60211798
-146.40363923 92.26493453 61.86000000 183.77568752
-140.65509946 100.17712074 65.12000000 184.55331730
-142.57127939 97.53972534 65.12000000 184.61089384
-144.48745931 94.90232994 65.12000000 184.72599310
-146.40363923 92.26493453 65.12000000 184.89850763
0.00000000 0.00000000 0.00000000 0.00000000
0.00000000 0.00000000 0.00000000 0.00000000
-148.31981915 89.62753913 61.86000000 184.00685891
-150.23599908 86.99014373 61.86000000 184.29541537
-152.15217900 84.35274833 61.86000000 184.64108786
-154.06835892 81.71535293 61.86000000 185.04355629
-148.31981915 89.62753913 65.12000000 185.12827695
-150.23599908 86.99014373 65.12000000 185.41508818
-152.15217900 84.35274833 65.12000000 185.75867712
-154.06835892 81.71535293 65.12000000 186.15872938
-146.40363923 92.26493453 71.64000000 187.29424264
-144.48745931 94.90232994 71.64000000 187.12393680
-142.57127939 97.53972534 71.64000000 187.01031342
-140.65509946 100.17712074 71.64000000 186.95347583
-146.40363923 92.26493453 68.38000000 186.07167470
-144.48745931 94.90232994 68.38000000 185.90024886
-142.57127939 97.53972534 68.38000000 185.78587709
-140.65509946 100.17712074 68.38000000 185.72866479
0.00000000 0.00000000 0.00000000 0.00000000
0.00000000 0.00000000 0.00000000 0.00000000
-154.06835892 81.71535293 71.64000000 188.53845158
-152.15217900 84.35274833 71.64000000 188.14345943
-150.23599908 86.99014373 71.64000000 187.80423351
-148.31981915 89.62753913 71.64000000 187.52107648
-154.06835892 81.71535293 68.38000000 187.32400413
-152.15217900 84.35274833 68.38000000 186.92644576
-150.23599908 86.99014373 68.38000000 186.58500724
-148.31981915 89.62753913 68.38000000 186.29999711
-140.65509946 100.17712074 74.90000000 188.22678482
-142.57127939 97.53972534 74.90000000 188.28323804
-144.48745931 94.90232994 74.90000000 188.39609371
-146.40363923 92.26493453 74.90000000 188.56525058
-140.65509946 100.17712074 78.16000000 189.54761440
-142.57127939 97.53972534 78.16000000 189.60367434
-144.48745931 94.90232994 78.16000000 189.71574454
-146.40363923 92.26493453 78.16000000 189.88372580
0.00000000 0.00000000 0.00000000 0.00000000
0.00000000 0.00000000 0.00000000 0.00000000
-148.31981915 89.62753913 74.90000000 188.79055730
-150.23599908 86.99014373 74.90000000 189.07181314
-152.15217900 84.35274833 74.90000000 189.40876887
-154.06835892 81.71535293 74.90000000 189.80112783
-148.31981915 89.62753913 78.16000000 190.10746993
-150.23599908 86.99014373 78.16000000 190.38678033
-152.15217900 84.35274833 78.16000000 190.72141286
-154.06835892 81.71535293 78.16000000 191.11107693
-80.49381539 153.19134900 -58.60000000 182.70414260
-83.27342232 151.48800368 -58.60000000 182.52955411
-86.05302926 149.78465836 -58.60000000 182.41306895
-88.83263619 148.08131304 -58.60000000 182.35479847
-80.49381539 153.19134900 -55.34000000 181.68478011
-83.27342232 151.48800368 -55.34000000 181.50921113
-86.05302926 149.78465836 -55.34000000 181.39207073
-88.83263619 148.08131304 -55.34000000 181.33347216
0.00000000 0.00000000 0.00000000 0.00000000
0.00000000 0.00000000 0.00000000 0.00000000
-69.37538764 160.00473029 -58.60000000 183.97939593
-72.15499458 158.30138497 -58.60000000 183.57459444
-74.93460152 156.59803965 -58.60000000 183.22690994
-77.71420845 154.89469432 -58.60000000 182.93666807
-69.37538764 160.00473029 -55.34000000 182.96713837
-72.15499458 158.30138497 -55.34000000 182.56009237
-74.93460152 156.59803965 -55.34000000 182.21047205
-77.71420845 154.89469432 -55.34000000 181.91860852
-88.83263619 148.08131304 -61.86000000 183.42838419
-86.05302926 149.78465836 -61.86000000 183.48631373
-83.27342232 151.48800368 -61.86000000 183.60211798
-80.49381539 153.19134900 -61.86000000 183.77568752
-88.83263619 148.08131304 -65.12000000 184.55331730
-86.05302926 149.78465836 -65.12000000 184.61089384
-83.27342232 151.48800368 -65.12000000 184.72599310
-80.49381539 153.19134900 -65.12000000 184.89850763
0.00000000 0.00000000 0.00000000 0.00000000
0.00000000 0.00000000 0.00000000 0.00000000
-77.71420845 154.89469432 -61.86000000 184.00685891
-74.93460152 156.59803965 -61.86000000 184.29541537
-72.15499458 158.30138497 -61.86000000 184.64108786
-69.37538764 160.00473029 -61.86000000 185.04355629
-77.71420845 154.89469432 -65.12000000 185.12827695
-74.93460152 156.59803965 -65.12000000 185.41508818
-72.15499458 158.30138497 -65.12000000 185.75867712
-69.37538764 160.00473029 -65.12000000 186.15872938
-80.49381539 153.19134900 -71.64000000 187.29424264
-83.27342232 151.48800368 -71.64000000 187.12393680
-86.05302926 149.78465836 -71.64000000 187.01031342
-88.83263619 148.08131304 -71.64000000 186.95347583
-80.49381539 153.19134900 -68.38000000 186.07167470
-83.27342232 151.48800368 -68.38000000 185.90024886
-86.05302926 149.78465836 -68.38000000 185.78587709
-88.83263619 148.08131304 -68.38000000 185.72866479
0.00000000 0.00000000 0.00000000 0.00000000
0.00000000 0.00000000 0.00000000 0.00000000
-69.37538764 160.00473029 -71.64000000 188.53845158
-72.15499458 158.30138497 -71.64000000 188.14345943
-74.93460152 156.59803965 -71.64000000 187.80423351
-77.71420845 154.89469432 -71.64000000 187.52107648
-69.37538764 160.00473029 -68.38000000 187.32400413
-72.15499458 158.30138497 -68.38000000 186.92644576
-74.93460152 156.59803965 -68.38000000 186.58500724
-77.71420845 154.89469432 -68.38000000 186.29999711
-88.83263619 148.08131304 -74.90000000 188.22678482
-86.05302926 149.78465836 -74.90000000 188.28323804
-83.27342232 151.48800368 -74.90000000 188.39609371
-80.49381539 153.19134900 -74.90000000 188.56525058
-88.83263619 148.08131304 -78.16000000 189.54761440
-86.05302926 149.78465836 -78.16000000 189.60367434
-83.27342232 151.48800368 -78.16000000 189.71574454
-80.49381539 153.19134900 -78.16000000 189.88372580
0.00000000 0.00000000 0.00000000 0.00000000
0.00000000 0.00000000 0.00000000 0.00000000
-77.71420845 154.89469432 -74.90000000 188.79055730
-74.93460152 156.59803965 -74.90000000 189.07181314
-72.15499458 158.30138497 -74.90000000 189.40876887
-69.37538764 160.00473029 -74.90000000 189.80112783
-77.71420845 154.89469432 -78.16000000 190.10746993
-74.93460152 156.59803965 -78.16000000 190.38678033
-72.15499458 158.30138497 -78.16000000 190.72141286
-69.37538764 160.00473029 -78.16000000 191.11107693
-99.95106394 141.26793176 -74.90000000 188.56525058
-97.17145700 142.97127708 -74.90000000 188.39609371
-94.39185007 144.67462240 -74.90000000 188.28323804
-91.61224313 146.37796772 -74.90000000 188.22678482
-99.95106394 141.26793176 -78.16000000 189.88372580
-97.17145700 142.97127708 -78.16000000 189.71574454
-94.39185007 144.67462240 -78.16000000 189.60367434
-91.61224313 146.37796772 -78.16000000 189.54761440
0.00000000 0.00000000 0.00000000 0.00000000
0.00000000 0.00000000 0.00000000 0.00000000
-111.06949168 134.45455047 -74.90000000 189.80112783
-108.28988474 136.15789579 -74.90000000 189.40876887
-105.51027781 137.86124111 -74.90000000 189.07181314
-102.73067087 139.56458644 -74.90000000 188.79055730
-111.06949168 134.45455047 -78.16000000 191.11107693
-108.28988474 136.15789579 -78.16000000 190.72141286
-105.51027781 137.86124111 -78.16000000 190.38678033
-102.73067087 139.56458644 -78.16000000 190.10746993
-91.61224313 146.37796772 -71.64000000 186.95347583
-94.39185007 144.67462240 -71.64000000 187.01031342
-97.17145700 142.97127708 -71.64000000 187.12393680
-99.95106394 141.26793176 -71.64000000 187.29424264
-91.61224313 146.37796772 -68.38000000 185.72866479
-94.39185007 144.67462240 -68.38000000 185.78587709
-97.17145700 142.97127708 -68.38000000 185.90024886
-99.95106394 141.26793176 -68.38000000 186.07167470
0.00000000 0.00000000 0.00000000 0.00000000
0.00000000 0.00000000 0.00000000 0.00000000
-102.73067087 139.56458644 -71.64000000 187.52107648
-105.51027781 137.86124111 -71.64000000 187.80423351
-108.28988474 136.15789579 -71.64000000 188.14345943
-111.06949168 134.45455047 -71.64000000 188.53845158
-102.73067087 139.56458644 -68.38000000 186.29999711
-105.51027781 137.86124111 -68.38000000 186.58500724
-108.28988474 136.15789579 -68.38000000 186.92644576
-111.06949168 134.45455047 -68.38000000 187.32400413
-99.95106394 141.26793176 -61.86000000 183.77568752
-97.17145700 142.97127708 -61.86000000 183.60211798
-94.39185007 144.67462240 -61.86000000 183.48631373
-91.61224313 146.37796772 -61.86000000 183.42838419
-99.95106394 141.26793176 -65.12000000 184.89850763
-97.17145700 142.97127708 -65.12000000 184.72599310
-94.39185007 144.67462240 -65.12000000 184.61089384
-91.61224313 146.37796772 -65.12000000 184.55331730
0.00000000 0.00000000 0.00000000 0.00000000
0.00000000 0.00000000 0.00000000 0.00000000
-111.06949168 134.45455047 -61.86000000 185.04355629
-108.28988474 136.15789579 -61.86000000 184.64108786
-105.51027781 137.86124111 -61.86000000 184.29541537
-102.73067087 139.56458644 -61.86000000 184.00685891
-111.06949168 134.45455047 -65.12000000 186.15872938
-108.28988474 136.15789579 -65.12000000 185.75867712
-105.51027781 137.86124111 -65.12000000 185.41508818
-102.73067087 139.56458644 -65.12000000 185.12827695
-91.61224313 146.37796772 -58.60000000 182.35479847
-94.39185007 144.67462240 -58.60000000 182.41306895
-97.17145700 142.97127708 -58.60000000 182.52955411
-99.95106394 141.26793176 -58.60000000 182.70414260
-91.61224313 146.37796772 -55.34000000 181.33347216
-94.39185007 144.67462240 -55.34000000 181.39207073
-97.17145700 142.97127708 -55.34000000 181.50921113
-99.95106394 141.26793176 -55.34000000 181.68478011
0.00000000 0.00000000 0.00000000 0.00000000
0.00000000 0.00000000 0.00000000 0.00000000
-102.73067087 139.56458644 -58.60000000 182.93666807
-105.51027781 137.86124111 -58.60000000 183.22690994
-108.28988474 136.15789579 -58.60000000 183.57459444
-111.06949168 134.45455047 -58.60000000 183.97939593
-102.73067087 139.56458644 -55.34000000 181.91860852
-105.51027781 137.86124111 -55.34000000 182.21047205
-108.28988474 136.15789579 -55.34000000 182.56009237
-111.06949168 134.45455047 -55.34000000 182.96713837
-80.49381539 153.19134900 -31.90000000 175.96719503
-83.27342232 151.48800368 -31.90000000 175.78591560
-86.05302926 149.78465836 -31.90000000 175.66495873
-88.83263619 148.08131304 -31.90000000 175.60444905
-80.49381539 153.19134900 -28.64000000 175.40551110
-83.27342232 151.48800368 -28.64000000 175.22365059
-86.05302926 149.78465836 -28.64000000 175.10230531
-88.83263619 148.08131304 -28.64000000 175.04160113
0.00000000 0.00000000 0.00000000 0.00000000
0.00000000 0.00000000 0.00000000 0.00000000
-69.37538764 160.00473029 -31.90000000 177.29091383
-72.15499458 158.30138497 -31.90000000 176.87080518
-74.93460152 156.59803965 -31.90000000 176.50991622
-77.71420845 154.89469432 -31.90000000 176.20861081
-69.37538764 160.00473029 -28.64000000 176.73343692
-72.15499458 158.30138497 -28.64000000 176.31199995
-74.93460152 156.59803965 -28.64000000 175.94996483
-77.71420845 154.89469432 -28.64000000 175.64769889
-88.83263619 148.08131304 -35.16000000 176.22581572
-86.05302926 149.78465836 -35.16000000 176.28611212
-83.27342232 151.48800368 -35.16000000 176.40664309
-80.49381539 153.19134900 -35.16000000 176.58728529
-88.83263619 148.08131304 -38.42000000 176.90508451
-86.05302926 149.78465836 -38.42000000 176.96514946
-83.27342232 151.48800368 -38.42000000 177.08521826
-80.49381539 153.19134900 -38.42000000 177.26516896
0.00000000 0.00000000 0.00000000 0.00000000
0.00000000 0.00000000 0.00000000 0.00000000
-77.71420845 154.89469432 -35.16000000 176.82785449
-74.93460152 156.59803965 -35.16000000 177.12810654
-72.15499458 158.30138497 -35.16000000 177.48773852
-69.37538764 160.00473029 -35.16000000 177.90639034
-77.71420845 154.89469432 -38.42000000 177.50481944
-74.93460152 156.59803965 -38.42000000 177.80392832
-72.15499458 158.30138497 -38.42000000 178.16219612
-69.37538764 160.00473029 -38.42000000 178.57926678
-80.49381539 153.19134900 -44.94000000 178.79163103
-83.27342232 151.48800368 -44.94000000 178.61321823
-86.05302926 149.78465836 -44.94000000 178.49417729
-88.83263619 148.08131304 -44.94000000 178.43462703
-80.49381539 153.19134900 -41.68000000 178.00018574
-83.27342232 151.48800368 -41.68000000 177.82097887
-86.05302926 149.78465836 -41.68000000 177.70140721
-88.83263619 148.08131304 -41.68000000 177.64159120
0.00000000 0.00000000 0.00000000 0.00000000
0.00000000 0.00000000 0.00000000 0.00000000
-69.37538764 160.00473029 -44.94000000 180.09459105
-72.15499458 158.30138497 -44.94000000 179.68103774
-74.93460152 156.59803965 -44.94000000 179.32580440
-77.71420845 154.89469432 -44.94000000 179.02923818
-69.37538764 160.00473029 -41.68000000 179.30889695
-72.15499458 158.30138497 -41.68000000 178.89352734
-74.93460152 156.59803965 -41.68000000 178.53672710
-77.71420845 154.89469432 -41.68000000 178.23884797
-88.83263619 148.08131304 -48.20000000 179.28344186
-86.05302926 149.78465836 -48.20000000 179.34271026
-83.27342232 151.48800368 -48.20000000 179.46118835
-80.49381539 153.19134900 -48.20000000 179.63875897
-88.83263619 148.08131304 -51.46000000 180.18724740
-86.05302926 149.78465836 -51.46000000 180.24621861
-83.27342232 151.48800368 -51.46000000 180.36410321
-80.49381539 153.19134900 -51.46000000 180.54078577
0.00000000 0.00000000 0.00000000 0.00000000
0.00000000 0.00000000 0.00000000 0.00000000
-77.71420845 154.89469432 -48.20000000 179.87524712
-74.93460152 156.59803965 -48.20000000 180.17042078
-72.15499458 158.30138497 -48.20000000 180.52399210
-69.37538764 160.00473029 -48.20000000 180.93561873
-77.71420845 154.89469432 -51.46000000 180.77609390
-74.93460152 156.59803965 -51.46000000 181.06979904
-72.15499458 158.30138497 -51.46000000 181.42161758
-69.37538764 160.00473029 -51.46000000 181.83121219
-99.95106394 141.26793176 -48.20000000 179.63875897
-97.17145700 142.97127708 -48.20000000 179.46118835
-94.39185007 144.67462240 -48.20000000 179.34271026
-91.61224313 146.37796772 -48.20000000 179.28344186
-99.95106394 141.26793176 -51.46000000 180.54078577
-97.17145700 142.97127708 -51.46000000 180.36410321
-94.39185007 144.67462240 -51.46000000 180.24621861
-91.61224313 146.37796772 -51.46000000 180.18724740
0.00000000 0.00000000 0.00000000 0.00000000
0.00000000 0.00000000 0.00000000 0.00000000
-111.06949168 134.45455047 -48.20000000 180.93561873
-108.28988474 136.15789579 -48.20000000 180.52399210
-105.51027781 137.86124111 -48.20000000 180.17042078
-102.73067087 139.56458644 -48.20000000 179.87524712
-111.06949168 134.45455047 -51.46000000 181.83121219
-108.28988474 136.15789579 -51.46000000 181.42161758
-105.51027781 137.86124111 -51.46000000 181.06979904
-102.73067087 139.56458644 -51.46000000 180.77609390
-91.61224313 146.37796772 -44.94000000 178.43462703
-94.39185007 144.67462240 -44.94000000 178.49417729
-97.17145700 142.97127708 -44.94000000 178.61321823
-99.95106394 141.26793176 -44.94000000 178.79163103
-91.61224313 146.37796772 -41.68000000 177.64159120
-94.39185007 144.67462240 -41.68000000 177.70140721
-97.17145700 142.97127708 -41.68000000 177.82097887
-99.95106394 141.26793176 -41.68000000 178.00018574
0.00000000 0.00000000 0.00000000 0.00000000
0.00000000 0.00000000 0.00000000 0.00000000
-102.73067087 139.56458644 -44.94000000 179.02923818
-105.51027781 137.86124111 -44.94000000 179.32580440
-108.28988474 136.15789579 -44.94000000 179.68103774
-111.06949168 134.45455047 -44.94000000 180.09459105
-102.73067087 139.56458644 -41.68000000 178.23884797
-105.51027781 137.86124111 -41.68000000 178.53672710
-108.28988474 136.15789579 -41.68000000 178.89352734
-111.06949168 134.45455047 -41.68000000 179.30889695
-99.95106394 141.26793176 -35.16000000 176.58728529
-97.17145700 142.97127708 -35.16000000 176.40664309
-94.39185007 144.67462240 -35.16000000 176.28611212
-91.61224313 146.37796772 -35.16000000 176.22581572
-99.95106394 141.26793176 -38.42000000 177.26516896
-97.17145700 142.97127708 -38.42000000 177.08521826
-94.39185007 144.67462240 -38.42000000 176.96514946
-91.61224313 146.37796772 -38.42000000 176.90508451
0.00000000 0.00000000 0.00000000 0.00000000
0.00000000 0.00000000 0.00000000 0.00000000
-111.06949168 134.45455047 -35.16000000 177.90639034
-108.28988474 136.15789579 -35.16000000 177.48773852
-105.51027781 137.86124111 -35.16000000 177.12810654
-102.73067087 139.56458644 -35.16000000 176.82785449
-111.06949168 134.45455047 -38.42000000 178.57926678
-108.28988474 136.15789579 -38.42000000 178.16219612
-105.51027781 137.86124111 -38.42000000 177.80392832
-102.73067087 139.56458644 -38.42000000 177.50481944
-91.61224313 146.37796772 -31.90000000 175.60444905
-94.39185007 144.67462240 -31.90000000 175.66495873
-97.17145700 142.97127708 -31.90000000 175.78591560
-99.95106394 141.26793176 -31.90000000 175.96719503
-91.61224313 146.37796772 -28.64000000 175.04160113
-94.39185007 144.67462240 -28.64000000 175.10230531
-97.17145700 142.97127708 -28.64000000 175.22365059
-99.95106394 141.26793176 -28.64000000 175.40551110
0.00000000 0.00000000 0.00000000 0.00000000
0.00000000 0.00000000 0.00000000 0.00000000
-102.73067087 139.56458644 -31.90000000 176.20861081
-105.51027781 137.86124111 -31.90000000 176.50991622
-108.28988474 136.15789579 -31.90000000 176.87080518
-111.06949168 134.45455047 -31.90000000 177.29091383
-102.73067087 139.56458644 -28.64000000 175.64769889
-105.51027781 137.86124111 -28.64000000 175.94996483
-108.28988474 136.15789579 -28.64000000 176.31199995
-111.06949168 134.45455047 -28.64000000 176.73343692
-80.49381539 153.19134900 -5.20000000 173.12967315
-83.27342232 151.48800368 -5.20000000 172.94541950
-86.05302926 149.78465836 -5.20000000 172.82247459
-88.83263619 148.08131304 -5.20000000 172.76096933
-80.49381539 153.19134900 -1.94000000 173.06243765
-83.27342232 151.48800368 -1.94000000 172.87811234
-86.05302926 149.78465836 -1.94000000 172.75511953
-88.83263619 148.08131304 -1.94000000 172.69359028
0.00000000 0.00000000 0.00000000 0.00000000
0.00000000 0.00000000 0.00000000 0.00000000
-69.37538764 160.00473029 -5.20000000 174.47492119
-72.15499458 158.30138497 -5.20000000 174.04801557
-74.93460152 156.59803965 -5.20000000 173.68126129
-77.71420845 154.89469432 -5.20000000 173.37504009
-69.37538764 160.00473029 -1.94000000 174.40820429
-72.15499458 158.30138497 -1.94000000 173.98113497
-74.93460152 156.59803965 -1.94000000 173.61423941
-77.71420845 154.89469432 -1.94000000 173.30789978
-88.83263619 148.08131304 -8.46000000 172.88980342
-86.05302926 149.78465836 -8.46000000 172.95126286
-83.27342232 151.48800368 -8.46000000 173.07411628
-80.49381539 153.19134900 -8.46000000 173.25823307
-88.83263619 148.08131304 -11.72000000 173.07995530
-86.05302926 149.78465836 -11.72000000 173.14134724
-83.27342232 151.48800368 -11.72000000 173.26406588
-80.49381539 153.19134900 -11.72000000 173.44798103
0.00000000 0.00000000 0.00000000 0.00000000
0.00000000 0.00000000 0.00000000 0.00000000
-77.71420845 154.89469432 -8.46000000 173.50341819
-74.93460152 156.59803965 -8.46000000 173.80941322
-72.15499458 158.30138497 -8.46000000 174.17589766
-69.37538764 160.00473029 -8.46000000 174.60249060
-77.71420845 154.89469432 -11.72000000 173.69289831
-74.93460152 156.59803965 -11.72000000 173.99856012
-72.15499458 158.30138497 -11.72000000 174.36464700
-69.37538764 160.00473029 -11.72000000 174.79077929
-80.49381539 153.19134900 -18.24000000 174.01017592
-83.27342232 151.48800368 -18.24000000 173.82685559
-86.05302926 149.78465836 -18.24000000 173.70453456
-88.83263619 148.08131304 -18.24000000 173.64334172
-80.49381539 153.19134900 -14.98000000 173.69871653
-83.27342232 151.48800368 -14.98000000 173.51506714
-86.05302926 149.78465836 -14.98000000 173.39252615
-88.83263619 148.08131304 -14.98000000 173.33122317
0.00000000 0.00000000 0.00000000 0.00000000
0.00000000 0.00000000 0.00000000 0.00000000
-69.37538764 160.00473029 -18.24000000 175.34866901
-72.15499458 158.30138497 -18.24000000 174.92389581
-74.93460152 156.59803965 -18.24000000 174.55898179
-77.71420845 154.89469432 -18.24000000 174.25430303
-69.37538764 160.00473029 -14.98000000 175.03959131
-72.15499458 158.30138497 -14.98000000 174.61406623
-74.93460152 156.59803965 -14.98000000 174.24850337
-77.71420845 154.89469432 -14.98000000 173.94328077
-88.83263619 148.08131304 -21.50000000 174.01598353
-86.05302926 149.78465836 -21.50000000 174.07704537
-83.27342232 151.48800368 -21.50000000 174.19910483
-80.49381539 153.19134900 -21.50000000 174.38203384
-88.83263619 148.08131304 -24.76000000 174.44876074
-86.05302926 149.78465836 -24.76000000 174.50967115
-83.27342232 151.48800368 -24.76000000 174.63142823
-80.49381539 153.19134900 -24.76000000 174.81390484
0.00000000 0.00000000 0.00000000 0.00000000
0.00000000 0.00000000 0.00000000 0.00000000
-77.71420845 154.89469432 -21.50000000 174.62564109
-74.93460152 156.59803965 -21.50000000 174.92967308
-72.15499458 158.30138497 -21.50000000 175.29381542
-69.37538764 160.00473029 -21.50000000 175.71769440
-77.71420845 154.89469432 -24.76000000 175.05691110
-74.93460152 156.59803965 -24.76000000 175.36019538
-72.15499458 158.30138497 -24.76000000 175.72344558
-69.37538764 160.00473029 -24.76000000 176.14629069
-99.95106394 141.26793176 -21.50000000 174.38203384
-97.17145700 142.97127708 -21.50000000 174.19910483
-94.39185007 144.67462240 -21.50000000 174.07704537
-91.61224313 146.37796772 -21.50000000 174.01598353
-99.95106394 141.26793176 -24.76000000 174.81390484
-97.17145700 142.97127708 -24.76000000 174.63142823
-94.39185007 144.67462240 -24.76000000 174.50967115
-91.61224313 146.37796772 -24.76000000 174.44876074
0.00000000 0.00000000 0.00000000 0.00000000
0.00000000 0.00000000 0.00000000 0.00000000
-111.06949168 134.45455047 -21.50000000 175.71769440
-108.28988474 136.15789579 -21.50000000 175.29381542
-105.51027781 137.86124111 -21.50000000 174.92967308
-102.73067087 139.56458644 -21.50000000 174.62564109
-111.06949168 134.45455047 -24.76000000 176.14629069
-108.28988474 136.15789579 -24.76000000 175.72344558
-105.51027781 137.86124111 -24.76000000 175.36019538
-102.73067087 139.56458644 -24.76000000 175.05691110
-91.61224313 146.37796772 -18.24000000 173.64334172
-94.39185007 144.67462240 -18.24000000 173.70453456
-97.17145700 142.97127708 -18.24000000 173.82685559
-99.95106394 141.26793176 -18.24000000 174.01017592
-91.61224313 146.37796772 -14.98000000 173.33122317
-94.39185007 144.67462240 -14.98000000 173.39252615
-97.17145700 142.97127708 -14.98000000 173.51506714
-99.95106394 141.26793176 -14.98000000 173.69871653
0.00000000 0.00000000 0.00000000 0.00000000
0.00000000 0.00000000 0.00000000 0.00000000
-102.73067087 139.56458644 -18.24000000 174.25430303
-105.51027781 137.86124111 -18.24000000 174.55898179
-108.28988474 136.15789579 -18.24000000 174.92389581
-111.06949168 134.45455047 -18.24000000 175.34866901
-102.73067087 139.56458644 -14.98000000 173.94328077
-105.51027781 137.86124111 -14.98000000 174.24850337
-108.28988474 136.15789579 -14.98000000 174.61406623
-111.06949168 134.45455047 -14.98000000 175.03959131
-99.95106394 141.26793176 -8.46000000 173.25823307
-97.17145700 142.97127708 -8.46000000 173.07411628
-94.39185007 144.67462240 -8.46000000 172.95126286
-91.61224313 146.37796772 -8.46000000 172.88980342
-99.95106394 141.26793176 -11.72000000 173.44798103
-97.17145700 142.97127708 -11.72000000 173.26406588
-94.39185007 144.67462240 -11.72000000 173.14134724
-91.61224313 146.37796772 -11.72000000 173.07995530
0.00000000 0.00000000 0.00000000 0.00000000
0.00000000 0.00000000 0.00000000 0.00000000
-111.06949168 134.45455047 -8.46000000 174.60249060
-108.28988474 136.15789579 -8.46000000 174.17589766
-105.51027781 137.86124111 -8.46000000 173.80941322
-102.73067087 139.56458644 -8.46000000 173.50341819
-111.06949168 134.45455047 -11.72000000 174.79077929
-108.28988474 136.15789579 -11.72000000 174.36464700
-105.51027781 137.86124111 -11.72000000 173.99856012
-102.73067087 139.56458644 -11.72000000 173.69289831
-91.61224313 146.37796772 -5.20000000 172.76096933
-94.39185007 144.67462240 -5.20000000 172.82247459
-97.17145700 142.97127708 -5.20000000 172.94541950
-99.95106394 141.26793176 -5.20000000 173.12967315
-91.61224313 146.37796772 -1.94000000 172.69359028
-94.39185007 144.67462240 -1.94000000 172.75511953
-97.17145700 142.97127708 -1.94000000 172.87811234
-99.95106394 141.26793176 -1.94000000 173.06243765
0.00000000 0.00000000 0.00000000 0.00000000
0.00000000 0.00000000 0.00000000 0.00000000
-102.73067087 139.56458644 -5.20000000 173.37504009
-105.51027781 137.86124111 -5.20000000 173.68126129
-108.28988474 136.15789579 -5.20000000 174.04801557
-111.06949168 134.45455047 -5.20000000 174.47492119
-102.73067087 139.56458644 -1.94000000 173.30789978
-105.51027781 137.86124111 -1.94000000 173.61423941
-108.28988474 136.15789579 -1.94000000 173.98113497
-111.06949168 134.45455047 -1.94000000 174.40820429
-80.49381539 153.19134900 21.50000000 174.38203384
-83.27342232 151.48800368 21.50000000 174.19910483
-86.05302926 149.78465836 21.50000000 174.07704537
-88.83263619 148.08131304 21.50000000 174.01598353
-80.49381539 153.19134900 24.76000000 174.81390484
-83.27342232 151.48800368 24.76000000 174.63142823
-86.05302926 149.78465836 24.76000000 174.50967115
-88.83263619 148.08131304 24.76000000 174.44876074
0.00000000 0.00000000 0.00000000 0.00000000
0.00000000 0.00000000 0.00000000 0.00000000
-69.37538764 160.00473029 21.50000000 175.71769440
-72.15499458 158.30138497 21.50000000 175.29381542
-74.93460152 156.59803965 21.50000000 174.92967308
-77.71420845 154.89469432 21.50000000 174.62564109
-69.37538764 160.00473029 24.76000000 176.14629069
-72.15499458 158.30138497 24.76000000 175.72344558
-74.93460152 156.59803965 24.76000000 175.36019538
-77.71420845 154.89469432 24.76000000 175.05691110
-88.83263619 148.08131304 18.24000000 173.64334172
-86.05302926 149.78465836 18.24000000 173.70453456
-83.27342232 151.48800368 18.24000000 173.82685559
-80.49381539 153.19134900 18.24000000 174.01017592
-88.83263619 148.08131304 14.98000000 173.33122317
-86.05302926 149.78465836 14.98000000 173.39252615
-83.27342232 151.48800368 14.98000000 173.51506714
-80.49381539 153.19134900 14.98000000 173.69871653
0.00000000 0.00000000 0.00000000 0.00000000
0.00000000 0.00000000 0.00000000 0.00000000
-77.71420845 154.89469432 18.24000000 174.25430303
-74.93460152 156.59803965 18.24000000 174.55898179
-72.15499458 158.30138497 18.24000000 174.92389581
-69.37538764 160.00473029 18.24000000 175.34866901
-77.71420845 154.89469432 14.98000000 173.94328077
-74.93460152 156.59803965 14.98000000 174.24850337
-72.15499458 158.30138497 14.98000000 174.61406623
-69.37538764 160.00473029 14.98000000 175.03959131
-80.49381539 153.19134900 8.46000000 173.25823307
-83.27342232 151.48800368 8.46000000 173.07411628
-86.05302926 149.78465836 8.46000000 172.95126286
-88.83263619 148.08131304 8.46000000 172.88980342
-80.49381539 153.19134900 11.72000000 173.44798103
-83.27342232 151.48800368 11.72000000 173.26406588
-86.05302926 149.78465836 11.72000000 173.14134724
-88.83263619 148.08131304 11.72000000 173.07995530
0.00000000 0.00000000 0.00000000 0.00000000
0.00000000 0.00000000 0.00000000 0.00000000
-69.37538764 160.00473029 8.46000000 174.60249060
-72.15499458 158.30138497 8.46000000 174.17589766
-74.93460152 156.59803965 8.46000000 173.80941322
-77.71420845 154.89469432 8.46000000 173.50341819
-69.37538764 160.00473029 11.72000000 174.79077929
-72.15499458 158.30138497 11.72000000 174.36464700
-74.93460152 156.59803965 11.72000000 173.99856012
-77.71420845 154.89469432 11.72000000 173.69289831
-88.83263619 148.08131304 5.20000000 172.76096933
-86.05302926 149.78465836 5.20000000 172.82247459
-83.27342232 151.48800368 5.20000000 172.94541950
-80.49381539 153.19134900 5.20000000 173.12967315
-88.83263619 148.08131304 1.94000000 172.69359028
-86.05302926 149.78465836 1.94000000 172.75511953
-83.27342232 151.48800368 1.94000000 172.87811234
-80.49381539 153.19134900 1.94000000 173.06243765
0.00000000 0.00000000 0.00000000 0.00000000
0.00000000 0.00000000 0.00000000 0.00000000
-77.71420845 154.89469432 5.20000000 173.37504009
-74.93460152 156.59803965 5.20000000 173.68126129
-72.15499458 158.30138497 5.20000000 174.04801557
-69.37538764 160.00473029 5.20000000 174.47492119
-77.71420845 154.89469432 1.94000000 173.30789978
-74.93460152 156.59803965 1.94000000 173.61423941
-72.15499458 158.30138497 1.94000000 173.98113497
-69.37538764 160.00473029 1.94000000 174.40820429
-99.95106394 141.26793176 5.20000000 173.12967315
-97.17145700 142.97127708 5.20000000 172.94541950
-94.39185007 144.67462240 5.20000000 172.82247459
-91.61224313 146.37796772 5.20000000 172.76096933
-99.95106394 141.26793176 1.94000000 173.06243765
-97.17145700 142.97127708 1.94000000 172.87811234
-94.39185007 144.67462240 1.94000000 172.75511953
-91.61224313 146.37796772 1.94000000 172.69359028
0.00000000 0.00000000 0.00000000 0.00000000
0.00000000 0.00000000 0.00000000 0.00000000
-111.06949168 134.45455047 5.20000000 174.47492119
-108.28988474 136.15789579 5.20000000 174.04801557
-105.51027781 137.86124111 5.20000000 173.68126129
-102.73067087 139.56458644 5.20000000 173.37504009
-111.06949168 134.45455047 1.94000000 174.40820429
-108.28988474 136.15789579 1.94000000 173.98113497
-105.51027781 137.86124111 1.94000000 173.61423941
-102.73067087 139.56458644 1.94000000 173.30789978
-91.61224313 146.37796772 8.46000000 172.88980342
-94.39185007 144.67462240 8.46000000 172.95126286
-97.17145700 142.97127708 8.46000000 173.07411628
-99.95106394 141.26793176 8.46000000 173.25823307
-91.61224313 146.37796772 11.72000000 173.07995530
-94.39185007 144.67462240 11.72000000 173.14134724
-97.17145700 142.97127708 11.72000000 173.26406588
-99.95106394 141.26793176 11.72000000 173.44798103
0.00000000 0.00000000 0.00000000 0.00000000
0.00000000 0.00000000 0.00000000 0.00000000
-102.73067087 139.56458644 8.46000000 173.50341819
-105.51027781 137.86124111 8.46000000 173.80941322
-108.28988474 136.15789579 8.46000000 174.17589766
-111.06949168 134.45455047 8.46000000 174.60249060
-102.73067087 139.56458644 11.72000000 173.69289831
-105.51027781 137.86124111 11.72000000 173.99856012
-108.28988474 136.15789579 11.72000000 174.36464700
-111.06949168 134.45455047 11.72000000 174.79077929
-99.95106394 141.26793176 18.24000000 174.01017592
-97.17145700 142.97127708 18.24000000 173.82685559
-94.39185007 144.67462240 18.24000000 173.70453456
-91.61224313 146.37796772 18.24000000 173.64334172
-99.95106394 141.26793176 14.98000000 173.69871653
-97.17145700 142.97127708 14.98000000 173.51506714
-94.39185007 144.67462240 14.98000000 173.39252615
-91.61224313 146.37796772 14.98000000 173.33122317
0.00000000 0.00000000 0.00000000 0.00000000
0.00000000 0.00000000 0.00000000 0.00000000
-111.06949168 134.45455047 18.24000000 175.34866901
-108.28988474 136.15789579 18.24000000 174.92389581
-105.51027781 137.86124111 18.24000000 174.55898179
-102.73067087 139.56458644 18.24000000 174.25430303
-111.06949168 134.45455047 14.98000000 175.03959131
-108.28988474 136.15789579 14.98000000 174.61406623
-105.51027781 137.86124111 14.98000000 174.24850337
-102.73067087 139.56458644 14.98000000 173.94328077
-91.61224313 146.37796772 21.50000000 174.01598353
-94.39185007 144.67462240 21.50000000 174.07704537
-97.17145700 142.97127708 21.50000000 174.19910483
-99.95106394 141.26793176 21.50000000 174.38203384
-91.61224313 146.37796772 24.76000000 174.44876074
-94.39185007 144.67462240 24.76000000 174.50967115
-97.17145700 142.97127708 24.76000000 174.63142823
-99.95106394 141.26793176 24.76000000 174.81390484
0.00000000 0.00000000 0.00000000 0.00000000
0.00000000 0.00000000 0.00000000 0.00000000
-102.73067087 139.56458644 21.50000000 174.62564109
-105.51027781 137.86124111 21.50000000 174.92967308
-108.28988474 136.15789579 21.50000000 175.29381542
-111.06949168 134.45455047 21.50000000 175.71769440
-102.73067087 139.56458644 24.76000000 175.05691110
-105.51027781 137.86124111 24.76000000 175.36019538
-108.28988474 136.15789579 24.76000000 175.72344558
-111.06949168 134.45455047 24.76000000 176.14629069
-80.49381539 153.19134900 48.20000000 179.63875897
-83.27342232 151.48800368 48.20000000 179.46118835
-86.05302926 149.78465836 48.20000000 179.34271026
-88.83263619 148.08131304 48.20000000 179.28344186
-80.49381539 153.19134900 51.46000000 180.54078577
-83.27342232 151.48800368 51.46000000 180.36410321
-86.05302926 149.78465836 51.46000000 180.24621861
-88.83263619 148.08131304 51.46000000 180.18724740
0.00000000 0.00000000 0.00000000 0.00000000
0.00000000 0.00000000 0.00000000 0.00000000
-69.37538764 160.00473029 48.20000000 180.93561873
-72.15499458 158.30138497 48.20000000 180.52399210
-74.93460152 156.59803965 48.20000000 180.17042078
-77.71420845 154.89469432 48.20000000 179.87524712
-69.37538764 160.00473029 51.46000000 181.83121219
-72.15499458 158.30138497 51.46000000 181.42161758
-74.93460152 156.59803965 51.46000000 181.06979904
-77.71420845 154.89469432 51.46000000 180.77609390
-88.83263619 148.08131304 44.94000000 178.43462703
-86.05302926 149.78465836 44.94000000 178.49417729
-83.27342232 151.48800368 44.94000000 178.61321823
-80.49381539 153.19134900 44.94000000 178.79163103
-88.83263619 148.08131304 41.68000000 177.64159120
-86.05302926 149.78465836 41.68000000 177.70140721
-83.27342232 151.48800368 41.68000000 177.82097887
-80.49381539 153.19134900 41.68000000 178.00018574
0.00000000 0.00000000 0.00000000 0.00000000
0.00000000 0.00000000 0.00000000 0.00000000
-77.71420845 154.89469432 44.94000000 179.02923818
-74.93460152 156.59803965 44.94000000 179.32580440
-72.15499458 158.30138497 44.94000000 179.68103774
-69.37538764 160.00473029 44.94000000 180.09459105
-77.71420845 154.89469432 41.68000000 178.23884797
-74.93460152 156.59803965 41.68000000 178.53672710
-72.15499458 158.30138497 41.68000000 178.89352734
-69.37538764 160.00473029 41.68000000 179.30889695
-80.49381539 153.19134900 35.16000000 176.58728529
-83.27342232 151.48800368 35.16000000 176.40664309
-86.05302926 149.78465836 35.16000000 176.28611212
-88.83263619 148.08131304 35.16000000 176.22581572
-80.49381539 153.19134900 38.42000000 177.26516896
-83.27342232 151.48800368 38.42000000 177.08521826
-86.05302926 149.78465836 38.42000000 176.96514946
-88.83263619 148.08131304 38.42000000 176.90508451
0.00000000 0.00000000 0.00000000 0.00000000
0.00000000 0.00000000 0.00000000 0.00000000
-69.37538764 160.00473029 35.16000000 177.90639034
-72.15499458 158.30138497 35.16000000 177.48773852
-74.93460152 156.59803965 35.16000000 177.12810654
-77.71420845 154.89469432 35.16000000 176.82785449
-69.37538764 160.00473029 38.42000000 178.57926678
-72.15499458 158.30138497 38.42000000 178.16219612
-74.93460152 156.59803965 38.42000000 177.80392832
-77.71420845 154.89469432 38.42000000 177.50481944
-88.83263619 148.08131304 31.90000000 175.60444905
-86.05302926 149.78465836 31.90000000 175.66495873
-83.27342232 151.48800368 31.90000000 175.78591560
-80.49381539 153.19134900 31.90000000 175.96719503
-88.83263619 148.08131304 28.64000000 175.04160113
-86.05302926 149.78465836 28.64000000 175.10230531
-83.27342232 151.48800368 28.64000000 175.22365059
-80.49381539 153.19134900 28.64000000 175.40551110
0.00000000 0.00000000 0.00000000 0.00000000
0.00000000 0.00000000 0.00000000 0.00000000
-77.71420845 154.89469432 31.90000000 176.20861081
-74.93460152 156.59803965 31.90000000 176.50991622
-72.15499458 158.30138497 31.90000000 176.87080518
-69.37538764 160.00473029 31.90000000 177.29091383
-77.71420845 154.89469432 28.64000000 175.64769889
-74.93460152 156.59803965 28.64000000 175.94996483
-72.15499458 158.30138497 28.64000000 176.31199995
-69.37538764 160.00473029 28.64000000 176.73343692
-99.95106394 141.26793176 31.90000000 175.96719503
-97.17145700 142.97127708 31.90000000 175.78591560
-94.39185007 144.67462240 31.90000000 175.66495873
-91.61224313 146.37796772 31.90000000 175.60444905
-99.95106394 141.26793176 28.64000000 175.40551110
-97.17145700 142.97127708 28.64000000 175.22365059
-94.39185007 144.67462240 28.64000000 175.10230531
-91.61224313 146.37796772 28.64000000 175.04160113
0.00000000 0.00000000 0.00000000 0.00000000
0.00000000 0.00000000 0.00000000 0.00000000
-111.06949168 134.45455047 31.90000000 177.29091383
-108.28988474 136.15789579 31.90000000 176.87080518
-105.51027781 137.86124111 31.90000000 176.50991622
-102.73067087 139.56458644 31.90000000 176.20861081
-111.06949168 134.45455047 28.64000000 176.73343692
-108.28988474 136.15789579 28.64000000 176.31199995
-105.51027781 137.86124111 28.64000000 175.94996483
-102.73067087 139.56458644 28.64000000 175.64769889
-91.61224313 146.37796772 35.16000000 176.22581572
-94.39185007 144.67462240 35.16000000 176.28611212
-97.17145700 142.97127708 35.16000000 176.40664309
-99.95106394 141.26793176 35.16000000 176.58728529
-91.61224313 146.37796772 38.42000000 176.90508451
-94.39185007 144.67462240 38.42000000 176.96514946
-97.17145700 142.97127708 38.42000000 177.08521826
-99.95106394 141.26793176 38.42000000 177.26516896
0.00000000 0.00000000 0.00000000 0.00000000
0.00000000 0.00000000 0.00000000 0.00000000
-102.73067087 139.56458644 35.16000000 176.82785449
-105.51027781 137.86124111 35.16000000 177.12810654
-108.28988474 136.15789579 35.16000000 177.48773852
-111.06949168 134.45455047 35.16000000 177.90639034
-102.73067087 139.56458644 38.42000000 177.50481944
-105.51027781 137.86124111 38.42000000 177.80392832
-108.28988474 136.15789579 38.42000000 178.16219612
-111.06949168 134.45455047 38.42000000 178.57926678
-99.95106394 141.26793176 44.94000000 178.79163103
-97.17145700 142.97127708 44.94000000 178.61321823
-94.39185007 144.67462240 44.94000000 178.49417729
-91.61224313 146.37796772 44.94000000 178.43462703
-99.95106394 141.26793176 41.68000000 178.00018574
-97.17145700 142.97127708 41.68000000 177.82097887
-94.39185007 144.67462240 41.68000000 177.70140721
-91.61224313 146.37796772 41.68000000 177.64159120
0.00000000 0.00000000 0.00000000 0.00000000
0.00000000 0.00000000 0.00000000 0.00000000
-111.06949168 134.45455047 44.94000000 180.09459105
-108.28988474 136.15789579 44.94000000 179.68103774
-105.51027781 137.86124111 44.94000000 179.32580440
-102.73067087 139.56458644 44.94000000 179.02923818
-111.06949168 134.45455047 41.68000000 179.30889695
-108.28988474 136.15789579 41.68000000 178.89352734
-105.51027781 137.86124111 41.68000000 178.53672710
-102.73067087 139.56458644 41.68000000 178.23884797
-91.61224313 146.37796772 48.20000000 179.28344186
-94.39185007 144.67462240 48.20000000 179.34271026
-97.17145700 142.97127708 48.20000000 179.46118835
-99.95106394 141.26793176 48.20000000 179.63875897
-91.61224313 146.37796772 51.46000000 180.18724740
-94.39185007 144.67462240 51.46000000 180.24621861
-97.17145700 142.97127708 51.46000000 180.36410321
-99.95106394 141.26793176 51.46000000 180.54078577
0.00000000 0.00000000 0.00000000 0.00000000
0.00000000 0.00000000 0.00000000 0.00000000
-102.73067087 139.56458644 48.20000000 179.87524712
-105.51027781 137.86124111 48.20000000 180.17042078
-108.28988474 136.15789579 48.20000000 180.52399210
-111.06949168 134.45455047 48.20000000 180.93561873
-102.73067087 139.56458644 51.46000000 180.77609390
-105.51027781 137.86124111 51.46000000 181.06979904
-108.28988474 136.15789579 51.46000000 181.42161758
-111.06949168 134.45455047 51.46000000 181.83121219
-80.49381539 153.19134900 74.90000000 188.56525058
-83.27342232 151.48800368 74.90000000 188.39609371
-86.05302926 149.78465836 74.90000000 188.28323804
-88.83263619 148.08131304 74.90000000 188.22678482
-80.49381539 153.19134900 78.16000000 189.88372580
-83.27342232 151.48800368 78.16000000 189.71574454
-86.05302926 149.78465836 78.16000000 189.60367434
-88.83263619 148.08131304 78.16000000 189.54761440
0.00000000 0.00000000 0.00000000 0.00000000
0.00000000 0.00000000 0.00000000 0.00000000
-69.37538764 160.00473029 74.90000000 189.80112783
-72.15499458 158.30138497 74.90000000 189.40876887
-74.93460152 156.59803965 74.90000000 189.07181314
-77.71420845 154.89469432 74.90000000 188.79055730
-69.37538764 160.00473029 78.16000000 191.11107693
-72.15499458 158.30138497 78.16000000 190.72141286
-74.93460152 156.59803965 78.16000000 190.38678033
-77.71420845 154.89469432 78.16000000 190.10746993
-88.83263619 148.08131304 71.64000000 186.95347583
-86.05302926 149.78465836 71.64000000 187.01031342
-83.27342232 151.48800368 71.64000000 187.12393680
-80.49381539 153.19134900 71.64000000 187.29424264
-88.83263619 148.08131304 68.38000000 185.72866479
-86.05302926 149.78465836 68.38000000 185.78587709
-83.27342232 151.48800368 68.38000000 185.90024886
-80.49381539 153.19134900 68.38000000 186.07167470
0.00000000 0.00000000 0.00000000 0.00000000
0.00000000 0.00000000 0.00000000 0.00000000
-77.71420845 154.89469432 71.64000000 187.52107648
-74.93460152 156.59803965 71.64000000 187.80423351
-72.15499458 158.30138497 71.64000000 188.14345943
-69.37538764 160.00473029 71.64000000 188.53845158
-77.71420845 154.89469432 68.38000000 186.29999711
-74.93460152 156.59803965 68.38000000 186.58500724
-72.15499458 158.30138497 68.38000000 186.92644576
-69.37538764 160.00473029 68.38000000 187.32400413
-80.49381539 153.19134900 61.86000000 183.77568752
-83.27342232 151.48800368 61.86000000 183.60211798
-86.05302926 149.78465836 61.86000000 183.48631373
-88.83263619 148.08131304 61.86000000 183.42838419
-80.49381539 153.19134900 65.12000000 184.89850763
-83.27342232 151.48800368 65.12000000 184.72599310
-86.05302926 149.78465836 65.12000000 184.61089384
-88.83263619 148.08131304 65.12000000 184.55331730
0.00000000 0.00000000 0.00000000 0.00000000
0.00000000 0.00000000 0.00000000 0.00000000
-69.37538764 160.00473029 61.86000000 185.04355629
-72.15499458 158.30138497 61.86000000 184.64108786
-74.93460152 156.59803965 61.86000000 184.29541537
-77.71420845 154.89469432 61.86000000 184.00685891
-69.37538764 160.00473029 65.12000000 186.15872938
-72.15499458 158.30138497 65.12000000 185.75867712
-74.93460152 156.59803965 65.12000000 185.41508818
-77.71420845 154.89469432 65.12000000 185.12827695
-88.83263619 148.08131304 58.60000000 182.35479847
-86.05302926 149.78465836 58.60000000 182.41306895
-83.27342232 151.48800368 58.60000000 182.52955411
-80.49381539 153.19134900 58.60000000 182.70414260
-88.83263619 148.08131304 55.34000000 181.33347216
-86.05302926 149.78465836 55.34000000 181.39207073
-83.27342232 151.48800368 55.34000000 181.50921113
-80.49381539 153.19134900 55.34000000 181.68478011
0.00000000 0.00000000 0.00000000 0.00000000
0.00000000 0.00000000 0.00000000 0.00000000
-77.71420845 154.89469432 58.60000000 182.93666807
-74.93460152 156.59803965 58.60000000 183.22690994
-72.15499458 158.30138497 58.60000000 183.57459444
-69.37538764 160.00473029 58.60000000 183.97939593
-77.71420845 154.89469432 55.34000000 181.91860852
-74.93460152 156.59803965 55.34000000 182.21047205
-72.15499458 158.30138497 55.34000000 182.56009237
-69.37538764 160.00473029 55.34000000 182.96713837
-99.95106394 141.26793176 58.60000000 182.70414260
-97.17145700 142.97127708 58.60000000 182.52955411
-94.39185007 144.67462240 58.60000000 182.41306895
-91.61224313 146.37796772 58.60000000 182.35479847
-99.95106394 141.26793176 55.34000000 181.68478011
-97.17145700 142.97127708 55.34000000 181.50921113
-94.39185007 144.67462240 55.34000000 181.39207073
-91.61224313 146.37796772 55.34000000 181.33347216
0.00000000 0.00000000 0.00000000 0.00000000
0.00000000 0.00000000 0.00000000 0.00000000
-111.06949168 134.45455047 58.60000000 183.97939593
-108.28988474 136.15789579 58.60000000 183.57459444
-105.51027781 137.86124111 58.60000000 183.22690994
-102.73067087 139.56458644 58.60000000 182.93666807
-111.06949168 134.45455047 55.34000000 182.96713837
-108.28988474 136.15789579 55.34000000 182.56009237
-105.51027781 137.86124111 55.34000000 182.21047205
-102.73067087 139.56458644 55.34000000 181.91860852
-91.61224313 146.37796772 61.86000000 183.42838419
-94.39185007 144.67462240 61.86000000 183.48631373
-97.17145700 142.97127708 61.86000000 183.60211798
-99.95106394 141.26793176 61.86000000 183.77568752
-91.61224313 146.37796772 65.12000000 184.55331730
-94.39185007 144.67462240 65.12000000 184.61089384
-97.17145700 142.97127708 65.12000000 184.72599310
-99.95106394 141.26793176 65.12000000 184.89850763
0.00000000 0.00000000 0.00000000 0.00000000
0.00000000 0.00000000 0.00000000 0.00000000
-102.73067087 139.56458644 61.86000000 184.00685891
-105.51027781 137.86124111 61.86000000 184.29541537
-108.28988474 136.15789579 61.86000000 184.64108786
-111.06949168 134.45455047 61.86000000 185.04355629
-102.73067087 139.56458644 65.12000000 185.12827695
-105.51027781 137.86124111 65.12000000 185.41508818
-108.28988474 136.15789579 65.12000000 185.75867712
-111.06949168 134.45455047 65.12000000 186.15872938
-99.95106394 141.26793176 71.64000000 187.29424264
-97.17145700 142.97127708 71.64000000 187.12393680
-94.39185007 144.67462240 71.64000000 187.01031342
-91.61224313 146.37796772 71.64000000 186.95347583
-99.95106394 141.26793176 68.38000000 186.07167470
-97.17145700 142.97127708 68.38000000 185.90024886
-94.39185007 144.67462240 68.38000000 185.78587709
-91.61224313 146.37796772 68.38000000 185.72866479
0.00000000 0.00000000 0.00000000 0.00000000
0.00000000 0.00000000 0.00000000 0.00000000
-111.06949168 134.45455047 71.64000000 188.53845158
-108.28988474 136.15789579 71.64000000 188.14345943
-105.51027781 137.86124111 71.64000000 187.80423351
-102.73067087 139.56458644 71.64000000 187.52107648
-111.06949168 134.45455047 68.38000000 187.32400413
-108.28988474 136.15789579 68.38000000 186.92644576
-105.51027781 137.86124111 68.38000000 186.58500724
-102.73067087 139.56458644 68.38000000 186.29999711
-91.61224313 146.37796772 74.90000000 188.22678482
-94.39185007 144.67462240 74.90000000 188.28323804
-97.17145700 142.97127708 74.90000000 188.39609371
-99.95106394 141.26793176 74.90000000 188.56525058
-91.61224313 146.37796772 78.16000000 189.54761440
-94.39185007 144.67462240 78.16000000 189.60367434
-97.17145700 142.97127708 78.16000000 189.71574454
-99.95106394 141.26793176 78.16000000 189.88372580
0.00000000 0.00000000 0.00000000 0.00000000
0.00000000 0.00000000 0.00000000 0.00000000
-102.73067087 139.56458644 74.90000000 188.79055730
-105.51027781 137.86124111 74.90000000 189.07181314
-108.28988474 136.15789579 74.90000000 189.40876887
-111.06949168 134.45455047 74.90000000 189.80112783
-102.73067087 139.56458644 78.16000000 190.10746993
-105.51027781 137.86124111 78.16000000 190.38678033
-108.28988474 136.15789579 78.16000000 190.72141286
-111.06949168 134.45455047 78.16000000 191.11107693
-15.74279728 172.33400146 -58.60000000 182.70414260
-18.96266127 171.82402510 -58.60000000 182.52955411
-22.18252527 171.31404875 -58.60000000 182.41306895
-25.40238926 170.80407239 -58.60000000 182.35479847
-15.74279728 172.33400146 -55.34000000 181.68478011
-18.96266127 171.82402510 -55.34000000 181.50921113
-22.18252527 171.31404875 -55.34000000 181.39207073
-25.40238926 170.80407239 -55.34000000 181.33347216
0.00000000 0.00000000 0.00000000 0.00000000
0.00000000 0.00000000 0.00000000 0.00000000
-2.86334132 174.37390688 -58.60000000 183.97939593
-6.08320531 173.86393053 -58.60000000 183.57459444
-9.30306930 173.35395417 -58.60000000 183.22690994
-12.52293329 172.84397781 -58.60000000 182.93666807
-2.86334132 174.37390688 -55.34000000 182.96713837
-6.08320531 173.86393053 -55.34000000 182.56009237
-9.30306930 173.35395417 -55.34000000 182.21047205
-12.52293329 172.84397781 -55.34000000 181.91860852
-25.40238926 170.80407239 -61.86000000 183.42838419
-22.18252527 171.31404875 -61.86000000 183.48631373
-18.96266127 171.82402510 -61.86000000 183.60211798
-15.74279728 172.33400146 -61.86000000 183.77568752
-25.40238926 170.80407239 -65.12000000 184.55331730
-22.18252527 171.31404875 -65.12000000 184.61089384
-18.96266127 171.82402510 -65.12000000 184.72599310
-15.74279728 172.33400146 -65.12000000 184.89850763
0.00000000 0.00000000 0.00000000 0.00000000
0.00000000 0.00000000 0.00000000 0.00000000
-12.52293329 172.84397781 -61.86000000 184.00685891
-9.30306930 173.35395417 -61.86000000 184.29541537
-6.08320531 173.86393053 -61.86000000 184.64108786
-2.86334132 174.37390688 -61.86000000 185.04355629
-12.52293329 172.84397781 -65.12000000 185.12827695
-9.30306930 173.35395417 -65.12000000 185.41508818
-6.08320531 173.86393053 -65.12000000 185.75867712
-2.86334132 174.37390688 -65.12000000 186.15872938
-15.74279728 172.33400146 -71.64000000 187.29424264
-18.96266127 171.82402510 -71.64000000 187.12393680
-22.18252527 171.31404875 -71.64000000 187.01031342
-25.40238926 170.80407239 -71.64000000 186.95347583
-15.74279728 172.33400146 -68.38000000 186.07167470
-18.96266127 171.82402510 -68.38000000 185.90024886
-22.18252527 171.31404875 -68.38000000 185.78587709
-25.40238926 170.80407239 -68.38000000 185.72866479
0.00000000 0.00000000 0.00000000 0.00000000
0.00000000 0.00000000 0.00000000 0.00000000
-2.86334132 174.37390688 -71.64000000 188.53845158
-6.08320531 173.86393053 -71.64000000 188.14345943
-9.30306930 173.35395417 -71.64000000 187.80423351
-12.52293329 172.84397781 -71.64000000 187.52107648
-2.86334132 174.37390688 -68.38000000 187.32400413
-6.08320531 173.86393053 -68.38000000 186.92644576
-9.30306930 173.35395417 -68.38000000 186.58500724
-12.52293329 172.84397781 -68.38000000 186.29999711
-25.40238926 170.80407239 -74.90000000 188.22678482
-22.18252527 171.31404875 -74.90000000 188.28323804
-18.96266127 171.82402510 -74.90000000 188.39609371
-15.74279728 172.33400146 -74.90000000 188.56525058
-25.40238926 170.80407239 -78.16000000 189.54761440
-22.18252527 171.31404875 -78.16000000 189.60367434
-18.96266127 171.82402510 -78.16000000 189.71574454
-15.74279728 172.33400146 -78.16000000 189.88372580
0.00000000 0.00000000 0.00000000 0.00000000
0.00000000 0.00000000 0.00000000 0.00000000
-12.52293329 172.84397781 -74.90000000 188.79055730
-9.30306930 173.35395417 -74.90000000 189.07181314
-6.08320531 173.86393053 -74.90000000 189.40876887
-2.86334132 174.37390688 -74.90000000 189.80112783
-12.52293329 172.84397781 -78.16000000 190.10746993
-9.30306930 173.35395417 -78.16000000 190.38678033
-6.08320531 173.86393053 -78.16000000 190.72141286
-2.86334132 174.37390688 -78.16000000 191.11107693
-38.28184522 168.76416697 -74.90000000 188.56525058
-35.06198123 169.27414332 -74.90000000 188.39609371
-31.84211724 169.78411968 -74.90000000 188.28323804
-28.62225325 170.29409603 -74.90000000 188.22678482
-38.28184522 168.76416697 -78.16000000 189.88372580
-35.06198123 169.27414332 -78.16000000 189.71574454
-31.84211724 169.78411968 -78.16000000 189.60367434
-28.62225325 170.29409603 -78.16000000 189.54761440
0.00000000 0.00000000 0.00000000 0.00000000
0.00000000 0.00000000 0.00000000 0.00000000
-51.16130118 166.72426154 -74.90000000 189.80112783
-47.94143719 167.23423790 -74.90000000 189.40876887
-44.72157320 167.74421425 -74.90000000 189.07181314
-41.50170921 168.25419061 -74.90000000 188.79055730
-51.16130118 166.72426154 -78.16000000 191.11107693
-47.94143719 167.23423790 -78.16000000 190.72141286
-44.72157320 167.74421425 -78.16000000 190.38678033
-41.50170921 168.25419061 -78.16000000 190.10746993
-28.62225325 170.29409603 -71.64000000 186.95347583
-31.84211724 169.78411968 -71.64000000 187.01031342
-35.06198123 169.27414332 -71.64000000 187.12393680
-38.28184522 168.76416697 -71.64000000 187.29424264
-28.62225325 170.29409603 -68.38000000 185.72866479
-31.84211724 169.78411968 -68.38000000 185.78587709
-35.06198123 169.27414332 -68.38000000 185.90024886
-38.28184522 168.76416697 -68.38000000 186.07167470
0.00000000 0.00000000 0.00000000 0.00000000
0.00000000 0.00000000 0.00000000 0.00000000
-41.50170921 168.25419061 -71.64000000 187.52107648
-44.72157320 167.74421425 -71.64000000 187.80423351
-47.94143719 167.23423790 -71.64000000 188.14345943
-51.16130118 166.72426154 -71.64000000 188.53845158
-41.50170921 168.25419061 -68.38000000 186.29999711
-44.72157320 167.74421425 -68.38000000 186.58500724
-47.94143719 167.23423790 -68.38000000 186.92644576
-51.16130118 166.72426154 -68.38000000 187.32400413
-38.28184522 168.76416697 -61.86000000 183.77568752
-35.06198123 169.27414332 -61.86000000 183.60211798
-31.84211724 169.78411968 -61.86000000 183.48631373
-28.62225325 170.29409603 -61.86000000 183.42838419
-38.28184522 168.76416697 -65.12000000 184.89850763
-35.06198123 169.27414332 -65.12000000 184.72599310
-31.84211724 169.78411968 -65.12000000 184.61089384
-28.62225325 170.29409603 -65.12000000 184.55331730
0.00000000 0.00000000 0.00000000 0.00000000
0.00000000 0.00000000 0.00000000 0.00000000
-51.16130118 166.72426154 -61.86000000 185.04355629
-47.94143719 167.23423790 -61.86000000 184.64108786
-44.72157320 167.74421425 -61.86000000 184.29541537
-41.50170921 168.25419061 -61.86000000 184.00685891
-51.16130118 166.72426154 -65.12000000 186.15872938
-47.94143719 167.23423790 -65.12000000 185.75867712
-44.72157320 167.74421425 -65.12000000 185.41508818
-41.50170921 168.25419061 -65.12000000 185.12827695
-28.62225325 170.29409603 -58.60000000 182.35479847
-31.84211724 169.78411968 -58.60000000 182.41306895
-35.06198123 169.27414332 -58.60000000 182.52955411
-38.28184522 168.76416697 -58.60000000 182.70414260
-28.62225325 170.29409603 -55.34000000 181.33347216
-31.84211724 169.78411968 -55.34000000 181.39207073
-35.06198123 169.27414332 -55.34000000 181.50921113
-38.28184522 168.76416697 -55.34000000 181.68478011
0.00000000 0.00000000 0.00000000 0.00000000
0.00000000 0.00000000 0.00000000 0.00000000
-41.50170921 168.25419061 -58.60000000 182.93666807
-44.72157320 167.74421425 -58.60000000 183.22690994
-47.94143719 167.23423790 -58.60000000 183.57459444
-51.16130118 166.72426154 -58.60000000 183.97939593
-41.50170921 168.25419061 -55.34000000 181.91860852
-44.72157320 167.74421425 -55.34000000 182.21047205
-47.94143719 167.23423790 -55.34000000 182.56009237
-51.16130118 166.72426154 -55.34000000 182.96713837
-15.74279728 172.33400146 -31.90000000 175.96719503
-18.96266127 171.82402510 -31.90000000 175.78591560
-22.18252527 171.31404875 -31.90000000 175.66495873
-25.40238926 170.80407239 -31.90000000 175.60444905
-15.74279728 172.33400146 -28.64000000 175.40551110
-18.96266127 171.82402510 -28.64000000 175.22365059
-22.18252527 171.31404875 -28.64000000 175.10230531
-25.40238926 170.80407239 -28.64000000 175.04160113
0.00000000 0.00000000 0.00000000 0.00000000
0.00000000 0.00000000 0.00000000 0.00000000
-2.86334132 174.37390688 -31.90000000 177.29091383
-6.08320531 173.86393053 -31.90000000 176.87080518
-9.30306930 173.35395417 -31.90000000 176.50991622
-12.52293329 172.84397781 -31.90000000 176.20861081
-2.86334132 174.37390688 -28.64000000 176.73343692
-6.08320531 173.86393053 -28.64000000 176.31199995
-9.30306930 173.35395417 -28.64000000 175.94996483
-12.52293329 172.84397781 -28.64000000 175.64769889
-25.40238926 170.80407239 -35.16000000 176.22581572
-22.18252527 171.31404875 -35.16000000 176.28611212
-18.96266127 171.82402510 -35.16000000 176.40664309
-15.74279728 172.33400146 -35.16000000 176.58728529
-25.40238926 170.80407239 -38.42000000 176.90508451
-22.18252527 171.31404875 -38.42000000 176.96514946
-18.96266127 171.82402510 -38.42000000 177.08521826
-15.74279728 172.33400146 -38.42000000 177.26516896
0.00000000 0.00000000 0.00000000 0.00000000
0.00000000 0.00000000 0.00000000 0.00000000
-12.52293329 172.84397781 -35.16000000 176.82785449
-9.30306930 173.35395417 -35.16000000 177.12810654
-6.08320531 173.86393053 -35.16000000 177.48773852
-2.86334132 174.37390688 -35.16000000 177.90639034
-12.52293329 172.84397781 -38.42000000 177.50481944
-9.30306930 173.35395417 -38.42000000 177.80392832
-6.08320531 173.86393053 -38.42000000 178.16219612
-2.86334132 174.37390688 -38.42000000 178.57926678
-15.74279728 172.33400146 -44.94000000 178.79163103
-18.96266127 171.82402510 -44.94000000 178.61321823
-22.18252527 171.31404875 -44.94000000 178.49417729
-25.40238926 170.80407239 -44.94000000 178.43462703
-15.74279728 172.33400146 -41.68000000 178.00018574
-18.96266127 171.82402510 -41.68000000 177.82097887
-22.18252527 171.31404875 -41.68000000 177.70140721
-25.40238926 170.80407239 -41.68000000 177.64159120
0.00000000 0.00000000 0.00000000 0.00000000
0.00000000 0.00000000 0.00000000 0.00000000
-2.86334132 174.37390688 -44.94000000 180.09459105
-6.08320531 173.86393053 -44.94000000 179.68103774
-9.30306930 173.35395417 -44.94000000 179.32580440
-12.52293329 172.84397781 -44.94000000 179.02923818
-2.86334132 174.37390688 -41.68000000 179.30889695
-6.08320531 173.86393053 -41.68000000 178.89352734
-9.30306930 173.35395417 -41.68000000 178.53672710
-12.52293329 172.84397781 -41.68000000 178.23884797
-25.40238926 170.80407239 -48.20000000 179.28344186
-22.18252527 171.31404875 -48.20000000 179.34271026
-18.96266127 171.82402510 -48.20000000 179.46118835
-15.74279728 172.33400146 -48.20000000 179.63875897
-25.40238926 170.80407239 -51.46000000 180.18724740
-22.18252527 171.31404875 -51.46000000 180.24621861
-18.96266127 171.82402510 -51.46000000 180.36410321
-15.74279728 172.33400146 -51.46000000 180.54078577
0.00000000 0.00000000 0.00000000 0.00000000
0.00000000 0.00000000 0.00000000 0.00000000
-12.52293329 172.84397781 -48.20000000 179.87524712
-9.30306930 173.35395417 -48.20000000 180.17042078
-6.08320531 173.86393053 -48.20000000 180.52399210
-2.86334132 174.37390688 -48.20000000 180.93561873
-12.52293329 172.84397781 -51.46000000 180.77609390
-9.30306930 173.35395417 -51.46000000 181.06979904
-6.08320531 173.86393053 -51.46000000 181.42161758
-2.86334132 174.37390688 -51.46000000 181.83121219
-38.28184522 168.76416697 -48.20000000 179.63875897
-35.06198123 169.27414332 -48.20000000 179.46118835
-31.84211724 169.78411968 -48.20000000 179.34271026
-28.62225325 170.29409603 -48.20000000 179.28344186
-38.28184522 168.76416697 -51.46000000 180.54078577
-35.06198123 169.27414332 -51.46000000 180.36410321
-31.84211724 169.78411968 -51.46000000 180.24621861
-28.62225325 170.29409603 -51.46000000 180.18724740
0.00000000 0.00000000 0.00000000 0.00000000
0.00000000 0.00000000 0.00000000 0.00000000
-51.16130118 166.72426154 -48.20000000 180.93561873
-47.94143719 167.23423790 -48.20000000 180.52399210
-44.72157320 167.74421425 -48.20000000 180.17042078
-41.50170921 168.25419061 -48.20000000 179.87524712
-51.16130118 166.72426154 -51.46000000 181.83121219
-47.94143719 167.23423790 -51.46000000 181.42161758
-44.72157320 167.74421425 -51.46000000 181.06979904
-41.50170921 168.25419061 -51.46000000 180.77609390
-28.62225325 170.29409603 -44.94000000 178.43462703
-31.84211724 169.78411968 -44.94000000 178.49417729
-35.06198123 169.27414332 -44.94000000 178.61321823
-38.28184522 168.76416697 -44.94000000 178.79163103
-28.62225325 170.29409603 -41.68000000 177.64159120
-31.84211724 169.78411968 -41.68000000 177.70140721
-35.06198123 169.27414332 -41.68000000 177.82097887
-38.28184522 168.76416697 -41.68000000 178.00018574
0.00000000 0.00000000 0.00000000 0.00000000
0.00000000 0.00000000 0.00000000 0.00000000
-41.50170921 168.25419061 -44.94000000 179.02923818
-44.72157320 167.74421425 -44.94000000 179.32580440
-47.94143719 167.23423790 -44.94000000 179.68103774
-51.16130118 166.72426154 -44.94000000 180.09459105
-41.50170921 168.25419061 -41.68000000 178.23884797
-44.72157320 167.74421425 -41.68000000 178.53672710
-47.94143719 167.23423790 -41.68000000 178.89352734
-51.16130118 166.72426154 -41.68000000 179.30889695
-38.28184522 168.76416697 -35.16000000 176.58728529
-35.06198123 169.27414332 -35.16000000 176.40664309
-31.84211724 169.78411968 -35.16000000 176.28611212
-28.62225325 170.29409603 -35.16000000 176.22581572
-38.28184522 168.76416697 -38.42000000 177.26516896
-35.06198123 169.27414332 -38.42000000 177.08521826
-31.84211724 169.78411968 -38.42000000 176.96514946
-28.62225325 170.29409603 -38.42000000 176.90508451
0.00000000 0.00000000 0.00000000 0.00000000
0.00000000 0.00000000 0.00000000 0.00000000
-51.16130118 166.72426154 -35.16000000 177.90639034
-47.94143719 167.23423790 -35.16000000 177.48773852
-44.72157320 167.74421425 -35.16000000 177.12810654
-41.50170921 168.25419061 -35.16000000 176.82785449
-51.16130118 166.72426154 -38.42000000 178.57926678
-47.94143719 167.23423790 -38.42000000 178.16219612
-44.72157320 167.74421425 -38.42000000 177.80392832
-41.50170921 168.25419061 -38.42000000 177.50481944
-28.62225325 170.29409603 -31.90000000 175.60444905
-31.84211724 169.78411968 -31.90000000 175.66495873
-35.06198123 169.27414332 -31.90000000 175.78591560
-38.28184522 168.76416697 -31.90000000 175.96719503
-28.62225325 170.29409603 -28.64000000 175.04160113
-31.84211724 169.78411968 -28.64000000 175.10230531
-35.06198123 169.27414332 -28.64000000 175.22365059
-38.28184522 168.76416697 -28.64000000 175.40551110
0.00000000 0.00000000 0.00000000 0.00000000
0.00000000 0.00000000 0.00000000 0.00000000
-41.50170921 168.25419061 -31.90000000 176.20861081
-44.72157320 167.74421425 -31.90000000 176.50991622
-47.94143719 167.23423790 -31.90000000 176.87080518
-51.16130118 166.72426154 -31.90000000 177.29091383
-41.50170921 168.25419061 -28.64000000 175.64769889
-44.72157320 167.74421425 -28.64000000 175.94996483
-47.94143719 167.23423790 -28.64000000 176.31199995
-51.16130118 166.72426154 -28.64000000 176.73343692
-15.74279728 172.33400146 -5.20000000 173.12967315
-18.96266127 171.82402510 -5.20000000 172.94541950
-22.18252527 171.31404875 -5.20000000 172.82247459
-25.40238926 170.80407239 -5.20000000 172.76096933
-15.74279728 172.33400146 -1.94000000 173.06243765
-18.96266127 171.82402510 -1.94000000 172.87811234
-22.18252527 171.31404875 -1.94000000 172.75511953
-25.40238926 170.80407239 -1.94000000 172.69359028
0.00000000 0.00000000 0.00000000 0.00000000
0.00000000 0.00000000 0.00000000 0.00000000
-2.86334132 174.37390688 -5.20000000 174.47492119
-6.08320531 173.86393053 -5.20000000 174.04801557
-9.30306930 173.35395417 -5.20000000 173.68126129
-12.52293329 172.84397781 -5.20000000 173.37504009
-2.86334132 174.37390688 -1.94000000 174.40820429
-6.08320531 173.86393053 -1.94000000 173.98113497
-9.30306930 173.35395417 -1.94000000 173.61423941
-12.52293329 172.84397781 -1.94000000 173.30789978
-25.40238926 170.80407239 -8.46000000 172.88980342
-22.18252527 171.31404875 -8.46000000 172.95126286
-18.96266127 171.82402510 -8.46000000 173.07411628
-15.74279728 172.33400146 -8.46000000 173.25823307
-25.40238926 170.80407239 -11.72000000 173.07995530
-22.18252527 171.31404875 -11.72000000 173.14134724
-18.96266127 171.82402510 -11.72000000 173.26406588
-15.74279728 172.33400146 -11.72000000 173.44798103
0.00000000 0.00000000 0.00000000 0.00000000
0.00000000 0.00000000 0.00000000 0.00000000
-12.52293329 172.84397781 -8.46000000 173.50341819
-9.30306930 173.35395417 -8.46000000 173.80941322
-6.08320531 173.86393053 -8.46000000 174.17589766
-2.86334132 174.37390688 -8.46000000 174.60249060
-12.52293329 172.84397781 -11.72000000 173.69289831
-9.30306930 173.35395417 -11.72000000 173.99856012
-6.08320531 173.86393053 -11.72000000 174.36464700
-2.86334132 174.37390688 -11.72000000 174.79077929
-15.74279728 172.33400146 -18.24000000 174.01017592
-18.96266127 171.82402510 -18.24000000 173.82685559
-22.18252527 171.31404875 -18.24000000 173.70453456
-25.40238926 170.80407239 -18.24000000 173.64334172
-15.74279728 172.33400146 -14.98000000 173.69871653
-18.96266127 171.82402510 -14.98000000 173.51506714
-22.18252527 171.31404875 -14.98000000 173.39252615
-25.40238926 170.80407239 -14.98000000 173.33122317
0.00000000 0.00000000 0.00000000 0.00000000
0.00000000 0.00000000 0.00000000 0.00000000
-2.86334132 174.37390688 -18.24000000 175.34866901
-6.08320531 173.86393053 -18.24000000 174.92389581
-9.30306930 173.35395417 -18.24000000 174.55898179
-12.52293329 172.84397781 -18.24000000 174.25430303
-2.86334132 174.37390688 -14.98000000 175.03959131
-6.08320531 173.86393053 -14.98000000 174.61406623
-9.30306930 173.35395417 -14.98000000 174.24850337
-12.52293329 172.84397781 -14.98000000 173.94328077
-25.40238926 170.80407239 -21.50000000 174.01598353
-22.18252527 171.31404875 -21.50000000 174.07704537
-18.96266127 171.82402510 -21.50000000 174.19910483
-15.74279728 172.33400146 -21.50000000 174.38203384
-25.40238926 170.80407239 -24.76000000 174.44876074
-22.18252527 171.31404875 -24.76000000 174.50967115
-18.96266127 171.82402510 -24.76000000 174.63142823
-15.74279728 172.33400146 -24.76000000 174.81390484
0.00000000 0.00000000 0.00000000 0.00000000
0.00000000 0.00000000 0.00000000 0.00000000
-12.52293329 172.84397781 -21.50000000 174.62564109
-9.30306930 173.35395417 -21.50000000 174.92967308
-6.08320531 173.86393053 -21.50000000 175.29381542
-2.86334132 174.37390688 -21.50000000 175.71769440
-12.52293329 172.84397781 -24.76000000 175.05691110
-9.30306930 173.35395417 -24.76000000 175.36019538
-6.08320531 173.86393053 -24.76000000 175.72344558
-2.86334132 174.37390688 -24.76000000 176.14629069
-38.28184522 168.76416697 -21.50000000 174.38203384
-35.06198123 169.27414332 -21.50000000 174.19910483
-31.84211724 169.78411968 -21.50000000 174.07704537
-28.62225325 170.29409603 -21.50000000 174.01598353
-38.28184522 168.76416697 -24.76000000 174.81390484
-35.06198123 169.27414332 -24.76000000 174.63142823
-31.84211724 169.78411968 -24.76000000 174.50967115
-28.62225325 170.29409603 -24.76000000 174.44876074
0.00000000 0.00000000 0.00000000 0.00000000
0.00000000 0.00000000 0.00000000 0.00000000
-51.16130118 166.72426154 -21.50000000 175.71769440
-47.94143719 167.23423790 -21.50000000 175.29381542
-44.72157320 167.74421425 -21.50000000 174.92967308
-41.50170921 168.25419061 -21.50000000 174.62564109
-51.16130118 166.72426154 -24.76000000 176.14629069
-47.94143719 167.23423790 -24.76000000 175.72344558
-44.72157320 167.74421425 -24.76000000 175.36019538
-41.50170921 168.25419061 -24.76000000 175.05691110
-28.62225325 170.29409603 -18.24000000 173.64334172
-31.84211724 169.78411968 -18.24000000 173.70453456
-35.06198123 169.27414332 -18.24000000 173.82685559
-38.28184522 168.76416697 -18.24000000 174.01017592
-28.62225325 170.29409603 -14.98000000 173.33122317
-31.84211724 169.78411968 -14.98000000 173.39252615
-35.06198123 169.27414332 -14.98000000 173.51506714
-38.28184522 168.76416697 -14.98000000 173.69871653
0.00000000 0.00000000 0.00000000 0.00000000
0.00000000 0.00000000 0.00000000 0.00000000
-41.50170921 168.25419061 -18.24000000 174.25430303
-44.72157320 167.74421425 -18.24000000 174.55898179
-47.94143719 167.23423790 -18.24000000 174.92389581
-51.16130118 166.72426154 -18.24000000 175.34866901
-41.50170921 168.25419061 -14.98000000 173.94328077
-44.72157320 167.74421425 -14.98000000 174.24850337
-47.94143719 167.23423790 -14.98000000 174.61406623
-51.16130118 166.72426154 -14.98000000 175.03959131
-38.28184522 168.76416697 -8.46000000 173.25823307
-35.06198123 169.27414332 -8.46000000 173.07411628
-31.84211724 169.78411968 -8.46000000 172.95126286
-28.62225325 170.29409603 -8.46000000 172.88980342
-38.28184522 168.76416697 -11.72000000 173.44798103
-35.06198123 169.27414332 -11.72000000 173.26406588
-31.84211724 169.78411968 -11.72000000 173.14134724
-28.62225325 170.29409603 -11.72000000 173.07995530
0.00000000 0.00000000 0.00000000 0.00000000
0.00000000 0.00000000 0.00000000 0.00000000
-51.16130118 166.72426154 -8.46000000 174.60249060
-47.94143719 167.23423790 -8.46000000 174.17589766
-44.72157320 167.74421425 -8.46000000 173.80941322
-41.50170921 168.25419061 -8.46000000 173.50341819
-51.16130118 166.72426154 -11.72000000 174.79077929
-47.94143719 167.23423790 -11.72000000 174.36464700
-44.72157320 167.74421425 -11.72000000 173.99856012
-41.50170921 168.25419061 -11.72000000 173.69289831
-28.62225325 170.29409603 -5.20000000 172.76096933
-31.84211724 169.78411968 -5.20000000 172.82247459
-35.06198123 169.27414332 -5.20000000 172.94541950
-38.28184522 168.76416697 -5.20000000 173.12967315
-28.62225325 170.29409603 -1.94000000 172.69359028
-31.84211724 169.78411968 -1.94000000 172.75511953
-35.06198123 169.27414332 -1.94000000 172.87811234
-38.28184522 168.76416697 -1.94000000 173.06243765
0.00000000 0.00000000 0.00000000 0.00000000
0.00000000 0.00000000 0.00000000 0.00000000
-41.50170921 168.25419061 -5.20000000 173.37504009
-44.72157320 167.74421425 -5.20000000 173.68126129
-47.94143719 167.23423790 -5.20000000 174.04801557
-51.16130118 166.72426154 -5.20000000 174.47492119
-41.50170921 168.25419061 -1.94000000 173.30789978
-44.72157320 167.74421425 -1.94000000 173.61423941
-47.94143719 167.23423790 -1.94000000 173.98113497
-51.16130118 166.72426154 -1.94000000 174.40820429
-15.74279728 172.33400146 21.50000000 174.38203384
-18.96266127 171.82402510 21.50000000 174.19910483
-22.18252527 171.31404875 21.50000000 174.07704537
-25.40238926 170.80407239 21.50000000 174.01598353
-15.74279728 172.33400146 24.76000000 174.81390484
-18.96266127 171.82402510 24.76000000 174.63142823
-22.18252527 171.31404875 24.76000000 174.50967115
-25.40238926 170.80407239 24.76000000 174.44876074
0.00000000 0.00000000 0.00000000 0.00000000
0.00000000 0.00000000 0.00000000 0.00000000
-2.86334132 174.37390688 21.50000000 175.71769440
-6.08320531 173.86393053 21.50000000 175.29381542
-9.30306930 173.35395417 21.50000000 174.92967308
-12.52293329 172.84397781 21.50000000 174.62564109
-2.86334132 174.37390688 24.76000000 176.14629069
-6.08320531 173.86393053 24.76000000 175.72344558
-9.30306930 173.35395417 24.76000000 175.36019538
-12.52293329 172.84397781 24.76000000 175.05691110
-25.40238926 170.80407239 18.24000000 173.64334172
-22.18252527 171.31404875 18.24000000 173.70453456
-18.96266127 171.82402510 18.24000000 173.82685559
-15.74279728 172.33400146 18.24000000 174.01017592
-25.40238926 170.80407239 14.98000000 173.33122317
-22.18252527 171.31404875 14.98000000 173.39252615
-18.96266127 171.82402510 14.98000000 173.51506714
-15.74279728 172.33400146 14.98000000 173.69871653
0.00000000 0.00000000 0.00000000 0.00000000
0.00000000 0.00000000 0.00000000 0.00000000
-12.52293329 172.84397781 18.24000000 174.25430303
-9.30306930 173.35395417 18.24000000 174.55898179
-6.08320531 173.86393053 18.24000000 174.92389581
-2.86334132 174.37390688 18.24000000 175.34866901
-12.52293329 172.84397781 14.98000000 173.94328077
-9.30306930 173.35395417 14.98000000 174.24850337
-6.08320531 173.86393053 14.98000000 174.61406623
-2.86334132 174.37390688 14.98000000 175.03959131
-15.74279728 172.33400146 8.46000000 173.25823307
-18.96266127 171.82402510 8.46000000 173.07411628
-22.18252527 171.31404875 8.46000000 172.95126286
-25.40238926 170.80407239 8.46000000 172.88980342
-15.74279728 172.33400146 11.72000000 173.44798103
-18.96266127 171.82402510 11.72000000 173.26406588
-22.18252527 171.31404875 11.72000000 173.14134724
-25.40238926 170.80407239 11.72000000 173.07995530
0.00000000 0.00000000 0.00000000 0.00000000
0.00000000 0.00000000 0.00000000 0.00000000
-2.86334132 174.37390688 8.46000000 174.60249060
-6.08320531 173.86393053 8.46000000 174.17589766
-9.30306930 173.35395417 8.46000000 173.80941322
-12.52293329 172.84397781 8.46000000 173.50341819
-2.86334132 174.37390688 11.72000000 174.79077929
-6.08320531 173.86393053 11.72000000 174.36464700
-9.30306930 173.35395417 11.72000000 173.99856012
-12.52293329 172.84397781 11.72000000 173.69289831
-25.40238926 170.80407239 5.20000000 172.76096933
-22.18252527 171.31404875 5.20000000 172.82247459
-18.96266127 171.82402510 5.20000000 172.94541950
-15.74279728 172.33400146 5.20000000 173.12967315
-25.40238926 170.80407239 1.94000000 172.69359028
-22.18252527 171.31404875 1.94000000 172.75511953
-18.96266127 171.82402510 1.94000000 172.87811234
-15.74279728 172.33400146 1.94000000 173.06243765
0.00000000 0.00000000 0.00000000 0.00000000
0.00000000 0.00000000 0.00000000 0.00000000
-12.52293329 172.84397781 5.20000000 173.37504009
-9.30306930 173.35395417 5.20000000 173.68126129
-6.08320531 173.86393053 5.20000000 174.04801557
-2.86334132 174.37390688 5.20000000 174.47492119
-12.52293329 172.84397781 1.94000000 173.30789978
-9.30306930 173.35395417 1.94000000 173.61423941
-6.08320531 173.86393053 1.94000000 173.98113497
-2.86334132 174.37390688 1.94000000 174.40820429
-38.28184522 168.76416697 5.20000000 173.12967315
-35.06198123 169.27414332 5.20000000 172.94541950
-31.84211724 169.78411968 5.20000000 172.82247459
-28.62225325 170.29409603 5.20000000 172.76096933
-38.28184522 168.76416697 1.94000000 173.06243765
-35.06198123 169.27414332 1.94000000 172.87811234
-31.84211724 169.78411968 1.94000000 172.75511953
-28.62225325 170.29409603 1.94000000 172.69359028
0.00000000 0.00000000 0.00000000 0.00000000
0.00000000 0.00000000 0.00000000 0.00000000
-51.16130118 166.72426154 5.20000000 174.47492119
-47.94143719 167.23423790 5.20000000 174.04801557
-44.72157320 167.74421425 5.20000000 173.68126129
-41.50170921 168.25419061 5.20000000 173.37504009
-51.16130118 166.72426154 1.94000000 174.40820429
-47.94143719 167.23423790 1.94000000 173.98113497
-44.72157320 167.74421425 1.94000000 173.61423941
-41.50170921 168.25419061 1.94000000 173.30789978
-28.62225325 170.29409603 8.46000000 172.88980342
-31.84211724 169.78411968 8.46000000 172.95126286
-35.06198123 169.27414332 8.46000000 173.07411628
-38.28184522 168.76416697 8.46000000 173.25823307
-28.62225325 170.29409603 11.72000000 173.07995530
-31.84211724 169.78411968 11.72000000 173.14134724
-35.06198123 169.27414332 11.72000000 173.26406588
-38.28184522 168.76416697 11.72000000 173.44798103
0.00000000 0.00000000 0.00000000 0.00000000
0.00000000 0.00000000 0.00000000 0.00000000
-41.50170921 168.25419061 8.46000000 173.50341819
-44.72157320 167.74421425 8.46000000 173.80941322
-47.94143719 167.23423790 8.46000000 174.17589766
-51.16130118 166.72426154 8.46000000 174.60249060
-41.50170921 168.25419061 11.72000000 173.69289831
-44.72157320 167.74421425 11.72000000 173.99856012
-47.94143719 167.23423790 11.72000000 174.36464700
-51.16130118 166.72426154 11.72000000 174.79077929
-38.28184522 168.76416697 18.24000000 174.01017592
-35.06198123 169.27414332 18.24000000 173.82685559
-31.84211724 169.78411968 18.24000000 173.70453456
-28.62225325 170.29409603 18.24000000 173.64334172
-38.28184522 168.76416697 14.98000000 173.69871653
-35.06198123 169.27414332 14.98000000 173.51506714
-31.84211724 169.78411968 14.98000000 173.39252615
-28.62225325 170.29409603 14.98000000 173.33122317
0.00000000 0.00000000 0.00000000 0.00000000
0.00000000 0.00000000 0.00000000 0.00000000
-51.16130118 166.72426154 18.24000000 175.34866901
-47.94143719 167.23423790 18.24000000 174.92389581
-44.72157320 167.74421425 18.24000000 174.55898179
-41.50170921 168.25419061 18.24000000 174.25430303
-51.16130118 166.72426154 14.98000000 175.03959131
-47.94143719 167.23423790 14.98000000 174.61406623
-44.72157320 167.74421425 14.98000000 174.24850337
-41.50170921 168.25419061 14.98000000 173.94328077
-28.62225325 170.29409603 21.50000000 174.01598353
-31.84211724 169.78411968 21.50000000 174.07704537
-35.06198123 169.27414332 21.50000000 174.19910483
-38.28184522 168.76416697 21.50000000 174.38203384
-28.62225325 170.29409603 24.76000000 174.44876074
-31.84211724 169.78411968 24.76000000 174.50967115
-35.06198123 169.27414332 24.76000000 174.63142823
-38.28184522 168.76416697 24.76000000 174.81390484
0.00000000 0.00000000 0.00000000 0.00000000
0.00000000 0.00000000 0.00000000 0.00000000
-41.50170921 168.25419061 21.50000000 174.62564109
-44.72157320 167.74421425 21.50000000 174.92967308
-47.94143719 167.23423790 21.50000000 175.29381542
-51.16130118 166.72426154 21.50000000 175.71769440
-41.50170921 168.25419061 24.76000000 175.05691110
-44.72157320 167.74421425 24.76000000 175.36019538
-47.94143719 167.23423790 24.76000000 175.72344558
-51.16130118 166.72426154 24.76000000 176.14629069
-15.74279728 172.33400146 48.20000000 179.63875897
-18.96266127 171.82402510 48.20000000 179.46118835
-22.18252527 171.31404875 48.20000000 179.34271026
-25.40238926 170.80407239 48.20000000 179.28344186
-15.74279728 172.33400146 51.46000000 180.54078577
-18.96266127 171.82402510 51.46000000 180.36410321
-22.18252527 171.31404875 51.46000000 180.24621861
-25.40238926 170.80407239 51.46000000 180.18724740
0.00000000 0.00000000 0.00000000 0.00000000
0.00000000 0.00000000 0.00000000 0.00000000
-2.86334132 174.37390688 48.20000000 180.93561873
-6.08320531 173.86393053 48.20000000 180.52399210
-9.30306930 173.35395417 48.20000000 180.17042078
-12.52293329 172.84397781 48.20000000 179.87524712
-2.86334132 174.37390688 51.46000000 181.83121219
-6.08320531 173.86393053 51.46000000 181.42161758
-9.30306930 173.35395417 51.46000000 181.06979904
-12.52293329 172.84397781 51.46000000 180.77609390
-25.40238926 170.80407239 44.94000000 178.43462703
-22.18252527 171.31404875 44.94000000 178.49417729
-18.96266127 171.82402510 44.94000000 178.61321823
-15.74279728 172.33400146 44.94000000 178.79163103
-25.40238926 170.80407239 41.68000000 177.64159120
-22.18252527 171.31404875 41.68000000 177.70140721
-18.96266127 171.82402510 41.68000000 177.82097887
-15.74279728 172.33400146 41.68000000 178.00018574
0.00000000 0.00000000 0.00000000 0.00000000
0.00000000 0.00000000 0.00000000 0.00000000
-12.52293329 172.84397781 44.94000000 179.02923818
-9.30306930 173.35395417 44.94000000 179.32580440
-6.08320531 173.86393053 44.94000000 179.68103774
-2.86334132 174.37390688 44.94000000 180.09459105
-12.52293329 172.84397781 41.68000000 178.23884797
-9.30306930 173.35395417 41.68000000 178.53672710
-6.08320531 173.86393053 41.68000000 178.89352734
-2.86334132 174.37390688 41.68000000 179.30889695
-15.74279728 172.33400146 35.16000000 176.58728529
-18.96266127 171.82402510 35.16000000 176.40664309
-22.18252527 171.31404875 35.16000000 176.28611212
-25.40238926 170.80407239 35.16000000 176.22581572
-15.74279728 172.33400146 38.42000000 177.26516896
-18.96266127 171.82402510 38.42000000 177.08521826
-22.18252527 171.31404875 38.42000000 176.96514946
-25.40238926 170.80407239 38.42000000 176.90508451
0.00000000 0.00000000 0.00000000 0.00000000
0.00000000 0.00000000 0.00000000 0.00000000
-2.86334132 174.37390688 35.16000000 177.90639034
-6.08320531 173.86393053 35.16000000 177.48773852
-9.30306930 173.35395417 35.16000000 177.12810654
-12.52293329 172.84397781 35.16000000 176.82785449
-2.86334132 174.37390688 38.42000000 178.57926678
-6.08320531 173.86393053 38.42000000 178.16219612
-9.30306930 173.35395417 38.42000000 177.80392832
-12.52293329 172.84397781 38.42000000 177.50481944
-25.40238926 170.80407239 31.90000000 175.60444905
-22.18252527 171.31404875 31.90000000 175.66495873
-18.96266127 171.82402510 31.90000000 175.78591560
-15.74279728 172.33400146 31.90000000 175.96719503
-25.40238926 170.80407239 28.64000000 175.04160113
-22.18252527 171.31404875 28.64000000 175.10230531
-18.96266127 171.82402510 28.64000000 175.22365059
-15.74279728 172.33400146 28.64000000 175.40551110
0.00000000 0.00000000 0.00000000 0.00000000
0.00000000 0.00000000 0.00000000 0.00000000
-12.52293329 172.84397781 31.90000000 176.20861081
-9.30306930 173.35395417 31.90000000 176.50991622
-6.08320531 173.86393053 31.90000000 176.87080518
-2.86334132 174.37390688 31.90000000 177.29091383
-12.52293329 172.84397781 28.64000000 175.64769889
-9.30306930 173.35395417 28.64000000 175.94996483
-6.08320531 173.86393053 28.64000000 176.31199995
-2.86334132 174.37390688 28.64000000 176.73343692
-38.28184522 168.76416697 31.90000000 175.96719503
-35.06198123 169.27414332 31.90000000 175.78591560
-31.84211724 169.78411968 31.90000000 175.66495873
-28.62225325 170.29409603 31.90000000 175.60444905
-38.28184522 168.76416697 28.64000000 175.40551110
-35.06198123 169.27414332 28.64000000 175.22365059
-31.84211724 169.78411968 28.64000000 175.10230531
-28.62225325 170.29409603 28.64000000 175.04160113
0.00000000 0.00000000 0.00000000 0.00000000
0.00000000 0.00000000 0.00000000 0.00000000
-51.16130118 166.72426154 31.90000000 177.29091383
-47.94143719 167.23423790 31.90000000 176.87080518
-44.72157320 167.74421425 31.90000000 176.50991622
-41.50170921 168.25419061 31.90000000 176.20861081
-51.16130118 166.72426154 28.64000000 176.73343692
-47.94143719 167.23423790 28.64000000 176.31199995
-44.72157320 167.74421425 28.64000000 175.94996483
-41.50170921 168.25419061 28.64000000 175.64769889
-28.62225325 170.29409603 35.16000000 176.22581572
-31.84211724 169.78411968 35.16000000 176.28611212
-35.06198123 169.27414332 35.16000000 176.40664309
-38.28184522 168.76416697 35.16000000 176.58728529
-28.62225325 170.29409603 38.42000000 176.90508451
-31.84211724 169.78411968 38.42000000 176.96514946
-35.06198123 169.27414332 38.42000000 177.08521826
-38.28184522 168.76416697 38.42000000 177.26516896
0.00000000 0.00000000 0.00000000 0.00000000
0.00000000 0.00000000 0.00000000 0.00000000
-41.50170921 168.25419061 35.16000000 176.82785449
-44.72157320 167.74421425 35.16000000 177.12810654
-47.94143719 167.23423790 35.16000000 177.48773852
-51.16130118 166.72426154 35.16000000 177.90639034
-41.50170921 168.25419061 38.42000000 177.50481944
-44.72157320 167.74421425 38.42000000 177.80392832
-47.94143719 167.23423790 38.42000000 178.16219612
-51.16130118 166.72426154 38.42000000 178.57926678
-38.28184522 168.76416697 44.94000000 178.79163103
-35.06198123 169.27414332 44.94000000 178.61321823
-31.84211724 169.78411968 44.94000000 178.49417729
-28.62225325 170.29409603 44.94000000 178.43462703
-38.28184522 168.76416697 41.68000000 178.00018574
-35.06198123 169.27414332 41.68000000 177.82097887
-31.84211724 169.78411968 41.68000000 177.70140721
-28.62225325 170.29409603 41.68000000 177.64159120
0.00000000 0.00000000 0.00000000 0.00000000
0.00000000 0.00000000 0.00000000 0.00000000
-51.16130118 166.72426154 44.94000000 180.09459105
-47.94143719 167.23423790 44.94000000 179.68103774
-44.72157320 167.74421425 44.94000000 179.32580440
-41.50170921 168.25419061 44.94000000 179.02923818
-51.16130118 166.72426154 41.68000000 179.30889695
-47.94143719 167.23423790 41.68000000 178.89352734
-44.72157320 167.74421425 41.68000000 178.53672710
-41.50170921 168.25419061 41.68000000 178.23884797
-28.62225325 170.29409603 48.20000000 179.28344186
-31.84211724 169.78411968 48.20000000 179.34271026
-35.06198123 169.27414332 48.20000000 179.46118835
-38.28184522 168.76416697 48.20000000 179.63875897
-28.62225325 170.29409603 51.46000000 180.18724740
-31.84211724 169.78411968 51.46000000 180.24621861
-35.06198123 169.27414332 51.46000000 180.36410321
-38.28184522 168.76416697 51.46000000 180.54078577
0.00000000 0.00000000 0.00000000 0.00000000
0.00000000 0.00000000 0.00000000 0.00000000
-41.50170921 168.25419061 48.20000000 179.87524712
-44.72157320 167.74421425 48.20000000 180.17042078
-47.94143719 167.23423790 48.20000000 180.52399210
-51.16130118 166.72426154 48.20000000 180.93561873
-41.50170921 168.25419061 51.46000000 180.77609390
-44.72157320 167.74421425 51.46000000 181.06979904
-47.94143719 167.23423790 51.46000000 181.42161758
-51.16130118 166.72426154 51.46000000 181.83121219
-15.74279728 172.33400146 74.90000000 188.56525058
-18.96266127 171.82402510 74.90000000 188.39609371
-22.18252527 171.31404875 74.90000000 188.28323804
-25.40238926 170.80407239 74.90000000 188.22678482
-15.74279728 172.33400146 78.16000000 189.88372580
-18.96266127 171.82402510 78.16000000 189.71574454
-22.18252527 171.31404875 78.16000000 189.60367434
-25.40238926 170.80407239 78.16000000 189.54761440
0.00000000 0.00000000 0.00000000 0.00000000
0.00000000 0.00000000 0.00000000 0.00000000
-2.86334132 174.37390688 74.90000000 189.80112783
-6.08320531 173.86393053 74.90000000 189.40876887
-9.30306930 173.35395417 74.90000000 189.07181314
-12.52293329 172.84397781 74.90000000 188.79055730
-2.86334132 174.37390688 78.16000000 191.11107693
-6.08320531 173.86393053 78.16000000 190.72141286
-9.30306930 173.35395417 78.16000000 190.38678033
-12.52293329 172.84397781 78.16000000 190.10746993
-25.40238926 170.80407239 71.64000000 186.95347583
-22.18252527 171.31404875 71.64000000 187.01031342
-18.96266127 171.82402510 71.64000000 187.12393680
-15.74279728 172.33400146 71.64000000 187.29424264
-25.40238926 170.80407239 68.38000000 185.72866479
-22.18252527 171.31404875 68.38000000 185.78587709
-18.96266127 171.82402510 68.38000000 185.90024886
-15.74279728 172.33400146 68.38000000 186.07167470
0.00000000 0.00000000 0.00000000 0.00000000
0.00000000 0.00000000 0.00000000 0.00000000
-12.52293329 172.84397781 71.64000000 187.52107648
-9.30306930 173.35395417 71.64000000 187.80423351
-6.08320531 173.86393053 71.64000000 188.14345943
-2.86334132 174.37390688 71.64000000 188.53845158
-12.52293329 172.84397781 68.38000000 186.29999711
-9.30306930 173.35395417 68.38000000 186.58500724
-6.08320531 173.86393053 68.38000000 186.92644576
-2.86334132 174.37390688 68.38000000 187.32400413
-15.74279728 172.33400146 61.86000000 183.77568752
-18.96266127 171.82402510 61.86000000 183.60211798
-22.18252527 171.31404875 61.86000000 183.48631373
-25.40238926 170.80407239 61.86000000 183.42838419
-15.74279728 172.33400146 65.12000000 184.89850763
-18.96266127 171.82402510 65.12000000 184.72599310
-22.18252527 171.31404875 65.12000000 184.61089384
-25.40238926 170.80407239 65.12000000 184.55331730
0.00000000 0.00000000 0.00000000 0.00000000
0.00000000 0.00000000 0.00000000 0.00000000
-2.86334132 174.37390688 61.86000000 185.04355629
-6.08320531 173.86393053 61.86000000 184.64108786
-9.30306930 173.35395417 61.86000000 184.29541537
-12.52293329 172.84397781 61.86000000 184.00685891
-2.86334132 174.37390688 65.12000000 186.15872938
-6.08320531 173.86393053 65.12000000 185.75867712
-9.30306930 173.35395417 65.12000000 185.41508818
-12.52293329 172.84397781 65.12000000 185.12827695
-25.40238926 170.80407239 58.60000000 182.35479847
-22.18252527 171.31404875 58.60000000 182.41306895
-18.96266127 171.82402510 58.60000000 182.52955411
-15.74279728 172.33400146 58.60000000 182.70414260
-25.40238926 170.80407239 55.34000000 181.33347216
-22.18252527 171.31404875 55.34000000 181.39207073
-18.96266127 171.82402510 55.34000000 181.50921113
-15.74279728 172.33400146 55.34000000 181.68478011
0.00000000 0.00000000 0.00000000 0.00000000
0.00000000 0.00000000 0.00000000 0.00000000
-12.52293329 172.84397781 58.60000000 182.93666807
-9.30306930 173.35395417 58.60000000 183.22690994
-6.08320531 173.86393053 58.60000000 183.57459444
-2.86334132 174.37390688 58.60000000 183.97939593
-12.52293329 172.84397781 55.34000000 181.91860852
-9.30306930 173.35395417 55.34000000 182.21047205
-6.08320531 173.86393053 55.34000000 182.56009237
-2.86334132 174.37390688 55.34000000 182.96713837
-38.28184522 168.76416697 58.60000000 182.70414260
-35.06198123 169.27414332 58.60000000 182.52955411
-31.84211724 169.78411968 58.60000000 182.41306895
-28.62225325 170.29409603 58.60000000 182.35479847
-38.28184522 168.76416697 55.34000000 181.68478011
-35.06198123 169.27414332 55.34000000 181.50921113
-31.84211724 169.78411968 55.34000000 181.39207073
-28.62225325 170.29409603 55.34000000 181.33347216
0.00000000 0.00000000 0.00000000 0.00000000
0.00000000 0.00000000 0.00000000 0.00000000
-51.16130118 166.72426154 58.60000000 183.97939593
-47.94143719 167.23423790 58.60000000 183.57459444
-44.72157320 167.74421425 58.60000000 183.22690994
-41.50170921 168.25419061 58.60000000 182.93666807
-51.16130118 166.72426154 55.34000000 182.96713837
-47.94143719 167.23423790 55.34000000 182.56009237
-44.72157320 167.74421425 55.34000000 182.21047205
-41.50170921 168.25419061 55.34000000 181.91860852
-28.62225325 170.29409603 61.86000000 183.42838419
-31.84211724 169.78411968 61.86000000 183.48631373
-35.06198123 169.27414332 61.86000000 183.60211798
-38.28184522 168.76416697 61.86000000 183.77568752
-28.62225325 170.29409603 65.12000000 184.55331730
-31.84211724 169.78411968 65.12000000 184.61089384
-35.06198123 169.27414332 65.12000000 184.72599310
-38.28184522 168.76416697 65.12000000 184.89850763
0.00000000 0.00000000 0.00000000 0.00000000
0.00000000 0.00000000 0.00000000 0.00000000
-41.50170921 168.25419061 61.86000000 184.00685891
-44.72157320 167.74421425 61.86000000 184.29541537
-47.94143719 167.23423790 61.86000000 184.64108786
-51.16130118 166.72426154 61.86000000 185.04355629
-41.50170921 168.25419061 65.12000000 185.12827695
-44.72157320 167.74421425 65.12000000 185.41508818
-47.94143719 167.23423790 65.12000000 185.75867712
-51.16130118 166.72426154 65.12000000 186.15872938
-38.28184522 168.76416697 71.64000000 187.29424264
-35.06198123 169.27414332 71.64000000 187.12393680
-31.84211724 169.78411968 71.64000000 187.01031342
-28.62225325 170.29409603 71.64000000 186.95347583
-38.28184522 168.76416697 68.38000000 186.07167470
-35.06198123 169.27414332 68.38000000 185.90024886
-31.84211724 169.78411968 68.38000000 185.78587709
-28.62225325 170.29409603 68.38000000 185.72866479
0.00000000 0.00000000 0.00000000 0.00000000
0.00000000 0.00000000 0.00000000 0.00000000
-51.16130118 166.72426154 71.64000000 188.53845158
-47.94143719 167.23423790 71.64000000 188.14345943
-44.72157320 167.74421425 71.64000000 187.80423351
-41.50170921 168.25419061 71.64000000 187.52107648
-51.16130118 166.72426154 68.38000000 187.32400413
-47.94143719 167.23423790 68.38000000 186.92644576
-44.72157320 167.74421425 68.38000000 186.58500724
-41.50170921 168.25419061 68.38000000 186.29999711
-28.62225325 170.29409603 74.90000000 188.22678482
-31.84211724 169.78411968 74.90000000 188.28323804
-35.06198123 169.27414332 74.90000000 188.39609371
-38.28184522 168.76416697 74.90000000 188.56525058
-28.62225325 170.29409603 78.16000000 189.54761440
-31.84211724 169.78411968 78.16000000 189.60367434
-35.06198123 169.27414332 78.16000000 189.71574454
-38.28184522 168.76416697 78.16000000 189.88372580
0.00000000 0.00000000 0.00000000 0.00000000
0.00000000 0.00000000 0.00000000 0.00000000
-41.50170921 168.25419061 74.90000000 188.79055730
-44.72157320 167.74421425 74.90000000 189.07181314
-47.94143719 167.23423790 74.90000000 189.40876887
-51.16130118 166.72426154 74.90000000 189.80112783
-41.50170921 168.25419061 78.16000000 190.10746993
-44.72157320 167.74421425 78.16000000 190.38678033
-47.94143719 167.23423790 78.16000000 190.72141286
-51.16130118 166.72426154 78.16000000 191.11107693
51.40491900 165.24036440 -58.60000000 182.70414260
48.23499306 166.00139629 -58.60000000 182.52955411
45.06506711 166.76242818 -58.60000000 182.41306895
41.89514117 167.52346006 -58.60000000 182.35479847
51.40491900 165.24036440 -55.34000000 181.68478011
48.23499306 166.00139629 -55.34000000 181.50921113
45.06506711 166.76242818 -55.34000000 181.39207073
41.89514117 167.52346006 -55.34000000 181.33347216
0.00000000 0.00000000 0.00000000 0.00000000
0.00000000 0.00000000 0.00000000 0.00000000
64.08462276 162.19623686 -58.60000000 183.97939593
60.91469682 162.95726874 -58.60000000 183.57459444
57.74477088 163.71830063 -58.60000000 183.22690994
54.57484494 164.47933252 -58.60000000 182.93666807
64.08462276 162.19623686 -55.34000000 182.96713837
60.91469682 162.95726874 -55.34000000 182.56009237
57.74477088 163.71830063 -55.34000000 182.21047205
54.57484494 164.47933252 -55.34000000 181.91860852
41.89514117 167.52346006 -61.86000000 183.42838419
45.06506711 166.76242818 -61.86000000 183.48631373
48.23499306 166.00139629 -61.86000000 183.60211798
51.40491900 165.24036440 -61.86000000 183.77568752
41.89514117 167.52346006 -65.12000000 184.55331730
45.06506711 166.76242818 -65.12000000 184.61089384
48.23499306 166.00139629 -65.12000000 184.72599310
51.40491900 165.24036440 -65.12000000 184.89850763
0.00000000 0.00000000 0.00000000 0.00000000
0.00000000 0.00000000 0.00000000 0.00000000
54.57484494 164.47933252 -61.86000000 184.00685891
57.74477088 163.71830063 -61.86000000 184.29541537
60.91469682 162.95726874 -61.86000000 184.64108786
64.08462276 162.19623686 -61.86000000 185.04355629
54.57484494 164.47933252 -65.12000000 185.12827695
57.74477088 163.71830063 -65.12000000 185.41508818
60.91469682 162.95726874 -65.12000000 185.75867712
64.08462276 162.19623686 -65.12000000 186.15872938
51.40491900 165.24036440 -71.64000000 187.29424264
48.23499306 166.00139629 -71.64000000 187.12393680
45.06506711 166.76242818 -71.64000000 187.01031342
41.89514117 167.52346006 -71.64000000 186.95347583
51.40491900 165.24036440 -68.38000000 186.07167470
48.23499306 166.00139629 -68.38000000 185.90024886
45.06506711 166.76242818 -68.38000000 185.78587709
41.89514117 167.52346006 -68.38000000 185.72866479
0.00000000 0.00000000 0.00000000 0.00000000
0.00000000 0.00000000 0.00000000 0.00000000
64.08462276 162.19623686 -71.64000000 188.53845158
60.91469682 162.95726874 -71.64000000 188.14345943
57.74477088 163.71830063 -71.64000000 187.80423351
54.57484494 164.47933252 -71.64000000 187.52107648
64.08462276 162.19623686 -68.38000000 187.32400413
60.91469682 162.95726874 -68.38000000 186.92644576
57.74477088 163.71830063 -68.38000000 186.58500724
54.57484494 164.47933252 -68.38000000 186.29999711
41.89514117 167.52346006 -74.90000000 188.22678482
45.06506711 166.76242818 -74.90000000 188.28323804
48.23499306 166.00139629 -74.90000000 188.39609371
51.40491900 165.24036440 -74.90000000 188.56525058
41.89514117 167.52346006 -78.16000000 189.54761440
45.06506711 166.76242818 -78.16000000 189.60367434
48.23499306 166.00139629 -78.16000000 189.71574454
51.40491900 165.24036440 -78.16000000 189.88372580
0.00000000 0.00000000 0.00000000 0.00000000
0.00000000 0.00000000 0.00000000 0.00000000
54.57484494 164.47933252 -74.90000000 188.79055730
57.74477088 163.71830063 -74.90000000 189.07181314
60.91469682 162.95726874 -74.90000000 189.40876887
64.08462276 162.19623686 -74.90000000 189.80112783
54.57484494 164.47933252 -78.16000000 190.10746993
57.74477088 163.71830063 -78.16000000 190.38678033
60.91469682 162.95726874 -78.16000000 190.72141286
64.08462276 162.19623686 -78.16000000 191.11107693
29.21543741 170.56758761 -74.90000000 188.56525058
32.38536335 169.80655572 -74.90000000 188.39609371
35.55528929 169.04552383 -74.90000000 188.28323804
38.72521523 168.28449195 -74.90000000 188.22678482
29.21543741 170.56758761 -78.16000000 189.88372580
32.38536335 169.80655572 -78.16000000 189.71574454
35.55528929 169.04552383 -78.16000000 189.60367434
38.72521523 168.28449195 -78.16000000 189.54761440
0.00000000 0.00000000 0.00000000 0.00000000
0.00000000 0.00000000 0.00000000 0.00000000
16.53573365 173.61171515 -74.90000000 189.80112783
19.70565959 172.85068326 -74.90000000 189.40876887
22.87558553 172.08965138 -74.90000000 189.07181314
26.04551147 171.32861949 -74.90000000 188.79055730
16.53573365 173.61171515 -78.16000000 191.11107693
19.70565959 172.85068326 -78.16000000 190.72141286
22.87558553 172.08965138 -78.16000000 190.38678033
26.04551147 171.32861949 -78.16000000 190.10746993
38.72521523 168.28449195 -71.64000000 186.95347583
35.55528929 169.04552383 -71.64000000 187.01031342
32.38536335 169.80655572 -71.64000000 187.12393680
29.21543741 170.56758761 -71.64000000 187.29424264
38.72521523 168.28449195 -68.38000000 185.72866479
35.55528929 169.04552383 -68.38000000 185.78587709
32.38536335 169.80655572 -68.38000000 185.90024886
29.21543741 170.56758761 -68.38000000 186.07167470
0.00000000 0.00000000 0.00000000 0.00000000
0.00000000 0.00000000 0.00000000 0.00000000
26.04551147 171.32861949 -71.64000000 187.52107648
22.87558553 172.08965138 -71.64000000 187.80423351
19.70565959 172.85068326 -71.64000000 188.14345943
16.53573365 173.61171515 -71.64000000 188.53845158
26.04551147 171.32861949 -68.38000000 186.29999711
22.87558553 172.08965138 -68.38000000 186.58500724
19.70565959 172.85068326 -68.38000000 186.92644576
16.53573365 173.61171515 -68.38000000 187.32400413
29.21543741 170.56758761 -61.86000000 183.77568752
32.38536335 169.80655572 -61.86000000 183.60211798
35.55528929 169.04552383 -61.86000000 183.48631373
38.72521523 168.28449195 -61.86000000 183.42838419
29.21543741 170.56758761 -65.12000000 184.89850763
32.38536335 169.80655572 -65.12000000 184.72599310
35.55528929 169.04552383 -65.12000000 184.61089384
38.72521523 168.28449195 -65.12000000 184.55331730
0.00000000 0.00000000 0.00000000 0.00000000
0.00000000 0.00000000 0.00000000 0.00000000
16.53573365 173.61171515 -61.86000000 185.04355629
19.70565959 172.85068326 -61.86000000 184.64108786
22.87558553 172.08965138 -61.86000000 184.29541537
26.04551147 171.32861949 -61.86000000 184.00685891
16.53573365 173.61171515 -65.12000000 186.15872938
19.70565959 172.85068326 -65.12000000 185.75867712
22.87558553 172.08965138 -65.12000000 185.41508818
26.04551147 171.32861949 -65.12000000 185.12827695
38.72521523 168.28449195 -58.60000000 182.35479847
35.55528929 169.04552383 -58.60000000 182.41306895
32.38536335 169.80655572 -58.60000000 182.52955411
29.21543741 170.56758761 -58.60000000 182.70414260
38.72521523 168.28449195 -55.34000000 181.33347216
35.55528929 169.04552383 -55.34000000 181.39207073
32.38536335 169.80655572 -55.34000000 181.50921113
29.21543741 170.56758761 -55.34000000 181.68478011
0.00000000 0.00000000 0.00000000 0.00000000
0.00000000 0.00000000 0.00000000 0.00000000
26.04551147 171.32861949 -58.60000000 182.93666807
22.87558553 172.08965138 -58.60000000 183.22690994
19.70565959 172.85068326 -58.60000000 183.57459444
16.53573365 173.61171515 -58.60000000 183.97939593
26.04551147 171.32861949 -55.34000000 181.91860852
22.87558553 172.08965138 -55.34000000 182.21047205
19.70565959 172.85068326 -55.34000000 182.56009237
16.53573365 173.61171515 -55.34000000 182.96713837
51.40491900 165.24036440 -31.90000000 175.96719503
48.23499306 166.00139629 -31.90000000 175.78591560
45.06506711 166.76242818 -31.90000000 175.66495873
41.89514117 167.52346006 -31.90000000 175.60444905
51.40491900 165.24036440 -28.64000000 175.40551110
48.23499306 166.00139629 -28.64000000 175.22365059
45.06506711 166.76242818 -28.64000000 175.10230531
41.89514117 167.52346006 -28.64000000 175.04160113
0.00000000 0.00000000 0.00000000 0.00000000
0.00000000 0.00000000 0.00000000 0.00000000
64.08462276 162.19623686 -31.90000000 177.29091383
60.91469682 162.95726874 -31.90000000 176.87080518
57.74477088 163.71830063 -31.90000000 176.50991622
54.57484494 164.47933252 -31.90000000 176.20861081
64.08462276 162.19623686 -28.64000000 176.73343692
60.91469682 162.95726874 -28.64000000 176.31199995
57.74477088 163.71830063 -28.64000000 175.94996483
54.57484494 164.47933252 -28.64000000 175.64769889
41.89514117 167.52346006 -35.16000000 176.22581572
45.06506711 166.76242818 -35.16000000 176.28611212
48.23499306 166.00139629 -35.16000000 176.40664309
51.40491900 165.24036440 -35.16000000 176.58728529
41.89514117 167.52346006 -38.42000000 176.90508451
45.06506711 166.76242818 -38.42000000 176.96514946
48.23499306 166.00139629 -38.42000000 177.08521826
51.40491900 165.24036440 -38.42000000 177.26516896
0.00000000 0.00000000 0.00000000 0.00000000
0.00000000 0.00000000 0.00000000 0.00000000
54.57484494 164.47933252 -35.16000000 176.82785449
57.74477088 163.71830063 -35.16000000 177.12810654
60.91469682 162.95726874 -35.16000000 177.48773852
64.08462276 162.19623686 -35.16000000 177.90639034
54.57484494 164.47933252 -38.42000000 177.50481944
57.74477088 163.71830063 -38.42000000 177.80392832
60.91469682 162.95726874 -38.42000000 178.16219612
64.08462276 162.19623686 -38.42000000 178.57926678
51.40491900 165.24036440 -44.94000000 178.79163103
48.23499306 166.00139629 -44.94000000 178.61321823
45.06506711 166.76242818 -44.94000000 178.49417729
41.89514117 167.52346006 -44.94000000 178.43462703
51.40491900 165.24036440 -41.68000000 178.00018574
48.23499306 166.00139629 -41.68000000 177.82097887
45.06506711 166.76242818 -41.68000000 177.70140721
41.89514117 167.52346006 -41.68000000 177.64159120
0.00000000 0.00000000 0.00000000 0.00000000
0.00000000 0.00000000 0.00000000 0.00000000
64.08462276 162.19623686 -44.94000000 180.09459105
60.91469682 162.95726874 -44.94000000 179.68103774
57.74477088 163.71830063 -44.94000000 179.32580440
54.57484494 164.47933252 -44.94000000 179.02923818
64.08462276 162.19623686 -41.68000000 179.30889695
60.91469682 162.95726874 -41.68000000 178.89352734
57.74477088 163.71830063 -41.68000000 178.53672710
54.57484494 164.47933252 -41.68000000 178.23884797
41.89514117 167.52346006 -48.20000000 179.28344186
45.06506711 166.76242818 -48.20000000 179.34271026
48.23499306 166.00139629 -48.20000000 179.46118835
51.40491900 165.24036440 -48.20000000 179.63875897
41.89514117 167.52346006 -51.46000000 180.18724740
45.06506711 166.76242818 -51.46000000 180.24621861
48.23499306 166.00139629 -51.46000000 180.36410321
51.40491900 165.24036440 -51.46000000 180.54078577
0.00000000 0.00000000 0.00000000 0.00000000
0.00000000 0.00000000 0.00000000 0.00000000
54.57484494 164.47933252 -48.20000000 179.87524712
57.74477088 163.71830063 -48.20000000 180.17042078
60.91469682 162.95726874 -48.20000000 180.52399210
64.08462276 162.19623686 -48.20000000 180.93561873
54.57484494 164.47933252 -51.46000000 180.77609390
57.74477088 163.71830063 -51.46000000 181.06979904
60.91469682 162.95726874 -51.46000000 181.42161758
64.08462276 162.19623686 -51.46000000 181.83121219
29.21543741 170.56758761 -48.20000000 179.63875897
32.38536335 169.80655572 -48.20000000 179.46118835
35.55528929 169.04552383 -48.20000000 179.34271026
38.72521523 168.28449195 -48.20000000 179.28344186
29.21543741 170.56758761 -51.46000000 180.54078577
32.38536335 169.80655572 -51.46000000 180.36410321
35.55528929 169.04552383 -51.46000000 180.24621861
38.72521523 168.28449195 -51.46000000 180.18724740
0.00000000 0.00000000 0.00000000 0.00000000
0.00000000 0.00000000 0.00000000 0.00000000
16.53573365 173.61171515 -48.20000000 180.93561873
19.70565959 172.85068326 -48.20000000 180.52399210
22.87558553 172.08965138 -48.20000000 180.17042078
26.04551147 171.32861949 -48.20000000 179.87524712
16.53573365 173.61171515 -51.46000000 181.83121219
19.70565959 172.85068326 -51.46000000 181.42161758
22.87558553 172.08965138 -51.46000000 181.06979904
26.04551147 171.32861949 -51.46000000 180.77609390
38.72521523 168.28449195 -44.94000000 178.43462703
35.55528929 169.04552383 -44.94000000 178.49417729
32.38536335 169.80655572 -44.94000000 178.61321823
29.21543741 170.56758761 -44.94000000 178.79163103
38.72521523 168.28449195 -41.68000000 177.64159120
35.55528929 169.04552383 -41.68000000 177.70140721
32.38536335 169.80655572 -41.68000000 177.82097887
29.21543741 170.56758761 -41.68000000 178.00018574
0.00000000 0.00000000 0.00000000 0.00000000
0.00000000 0.00000000 0.00000000 0.00000000
26.04551147 171.32861949 -44.94000000 179.02923818
22.87558553 172.08965138 -44.94000000 179.32580440
19.70565959 172.85068326 -44.94000000 179.68103774
16.53573365 173.61171515 -44.94000000 180.09459105
26.04551147 171.32861949 -41.68000000 178.23884797
22.87558553 172.08965138 -41.68000000 178.53672710
19.70565959 172.85068326 -41.68000000 178.89352734
16.53573365 173.61171515 -41.68000000 179.30889695
29.21543741 170.56758761 -35.16000000 176.58728529
32.38536335 169.80655572 -35.16000000 176.40664309
35.55528929 169.04552383 -35.16000000 176.28611212
38.72521523 168.28449195 -35.16000000 176.22581572
29.21543741 170.56758761 -38.42000000 177.26516896
32.38536335 169.80655572 -38.42000000 177.08521826
35.55528929 169.04552383 -38.42000000 176.96514946
38.72521523 168.28449195 -38.42000000 176.90508451
0.00000000 0.00000000 0.00000000 0.00000000
0.00000000 0.00000000 0.00000000 0.00000000
16.53573365 173.61171515 -35.16000000 177.90639034
19.70565959 172.85068326 -35.16000000 177.48773852
22.87558553 172.08965138 -35.16000000 177.12810654
26.04551147 171.32861949 -35.16000000 176.82785449
16.53573365 173.61171515 -38.42000000 178.57926678
19.70565959 172.85068326 -38.42000000 178.16219612
22.87558553 172.08965138 -38.42000000 177.80392832
26.04551147 171.32861949 -38.42000000 177.50481944
38.72521523 168.28449195 -31.90000000 175.60444905
35.55528929 169.04552383 -31.90000000 175.66495873
32.38536335 169.80655572 -31.90000000 175.78591560
29.21543741 170.56758761 -31.90000000 175.96719503
38.72521523 168.28449195 -28.64000000 175.04160113
35.55528929 169.04552383 -28.64000000 175.10230531
32.38536335 169.80655572 -28.64000000 175.22365059
29.21543741 170.56758761 -28.64000000 175.40551110
0.00000000 0.00000000 0.00000000 0.00000000
0.00000000 0.00000000 0.00000000 0.00000000
26.04551147 171.32861949 -31.90000000 176.20861081
22.87558553 172.08965138 -31.90000000 176.50991622
19.70565959 172.85068326 -31.90000000 176.87080518
16.53573365 173.61171515 -31.90000000 177.29091383
26.04551147 171.32861949 -28.64000000 175.64769889
22.87558553 172.08965138 -28.64000000 175.94996483
19.70565959 172.85068326 -28.64000000 176.31199995
16.53573365 173.61171515 -28.64000000 176.73343692
51.40491900 165.24036440 -5.20000000 173.12967315
48.23499306 166.00139629 -5.20000000 172.94541950
45.06506711 166.76242818 -5.20000000 172.82247459
41.89514117 167.52346006 -5.20000000 172.76096933
51.40491900 165.24036440 -1.94000000 173.06243765
48.23499306 166.00139629 -1.94000000 172.87811234
45.06506711 166.76242818 -1.94000000 172.75511953
41.89514117 167.52346006 -1.94000000 172.69359028
0.00000000 0.00000000 0.00000000 0.00000000
0.00000000 0.00000000 0.00000000 0.00000000
64.08462276 162.19623686 -5.20000000 174.47492119
60.91469682 162.95726874 -5.20000000 174.04801557
57.74477088 163.71830063 -5.20000000 173.68126129
54.57484494 164.47933252 -5.20000000 173.37504009
64.08462276 162.19623686 -1.94000000 174.40820429
60.91469682 162.95726874 -1.94000000 173.98113497
57.74477088 163.71830063 -1.94000000 173.61423941
54.57484494 164.47933252 -1.94000000 173.30789978
41.89514117 167.52346006 -8.46000000 172.88980342
45.06506711 166.76242818 -8.46000000 172.95126286
48.23499306 166.00139629 -8.46000000 173.07411628
51.40491900 165.24036440 -8.46000000 173.25823307
41.89514117 167.52346006 -11.72000000 173.07995530
45.06506711 166.76242818 -11.72000000 173.14134724
48.23499306 166.00139629 -11.72000000 173.26406588
51.40491900 165.24036440 -11.72000000 173.44798103
0.00000000 0.00000000 0.00000000 0.00000000
0.00000000 0.00000000 0.00000000 0.00000000
54.57484494 164.47933252 -8.46000000 173.50341819
57.74477088 163.71830063 -8.46000000 173.80941322
60.91469682 162.95726874 -8.46000000 174.17589766
64.08462276 162.19623686 -8.46000000 174.60249060
54.57484494 164.47933252 -11.72000000 173.69289831
57.74477088 163.71830063 -11.72000000 173.99856012
60.91469682 162.95726874 -11.72000000 174.36464700
64.08462276 162.19623686 -11.72000000 174.79077929
51.40491900 165.24036440 -18.24000000 174.01017592
48.23499306 166.00139629 -18.24000000 173.82685559
45.06506711 166.76242818 -18.24000000 173.70453456
41.89514117 167.52346006 -18.24000000 173.64334172
51.40491900 165.24036440 -14.98000000 173.69871653
48.23499306 166.00139629 -14.98000000 173.51506714
45.06506711 166.76242818 -14.98000000 173.39252615
41.89514117 167.52346006 -14.98000000 173.33122317
0.00000000 0.00000000 0.00000000 0.00000000
0.00000000 0.00000000 0.00000000 0.00000000
64.08462276 162.19623686 -18.24000000 175.34866901
60.91469682 162.95726874 -18.24000000 174.92389581
57.74477088 163.71830063 -18.24000000 174.55898179
54.57484494 164.47933252 -18.24000000 174.25430303
64.08462276 162.19623686 -14.98000000 175.03959131
60.91469682 162.95726874 -14.98000000 174.61406623
57.74477088 163.71830063 -14.98000000 174.24850337
54.57484494 164.47933252 -14.98000000 173.94328077
41.89514117 167.52346006 -21.50000000 174.01598353
45.06506711 166.76242818 -21.50000000 174.07704537
48.23499306 166.00139629 -21.50000000 174.19910483
51.40491900 165.24036440 -21.50000000 174.38203384
41.89514117 167.52346006 -24.76000000 174.44876074
45.06506711 166.76242818 -24.76000000 174.50967115
48.23499306 166.00139629 -24.76000000 174.63142823
51.40491900 165.24036440 -24.76000000 174.81390484
0.00000000 0.00000000 0.00000000 0.00000000
0.00000000 0.00000000 0.00000000 0.00000000
54.57484494 164.47933252 -21.50000000 174.62564109
57.74477088 163.71830063 -21.50000000 174.92967308
60.91469682 162.95726874 -21.50000000 175.29381542
64.08462276 162.19623686 -21.50000000 175.71769440
54.57484494 164.47933252 -24.76000000 175.05691110
57.74477088 163.71830063 -24.76000000 175.36019538
60.91469682 162.95726874 -24.76000000 175.72344558
64.08462276 162.19623686 -24.76000000 176.14629069
29.21543741 170.56758761 -21.50000000 174.38203384
32.38536335 169.80655572 -21.50000000 174.19910483
35.55528929 169.04552383 -21.50000000 174.07704537
38.72521523 168.28449195 -21.50000000 174.01598353
29.21543741 170.56758761 -24.76000000 174.81390484
32.38536335 169.80655572 -24.76000000 174.63142823
35.55528929 169.04552383 -24.76000000 174.50967115
38.72521523 168.28449195 -24.76000000 174.44876074
0.00000000 0.00000000 0.00000000 0.00000000
0.00000000 0.00000000 0.00000000 0.00000000
16.53573365 173.61171515 -21.50000000 175.71769440
19.70565959 172.85068326 -21.50000000 175.29381542
22.87558553 172.08965138 -21.50000000 174.92967308
26.04551147 171.32861949 -21.50000000 174.62564109
16.53573365 173.61171515 -24.76000000 176.14629069
19.70565959 172.85068326 -24.76000000 175.72344558
22.87558553 172.08965138 -24.76000000 175.36019538
26.04551147 171.32861949 -24.76000000 175.05691110
38.72521523 168.28449195 -18.24000000 173.64334172
35.55528929 169.04552383 -18.24000000 173.70453456
32.38536335 169.80655572 -18.24000000 173.82685559
29.21543741 170.56758761 -18.24000000 174.01017592
38.72521523 168.28449195 -14.98000000 173.33122317
35.55528929 169.04552383 -14.98000000 173.39252615
32.38536335 169.80655572 -14.98000000 173.51506714
29.21543741 170.56758761 -14.98000000 173.69871653
0.00000000 0.00000000 0.00000000 0.00000000
0.00000000 0.00000000 0.00000000 0.00000000
26.04551147 171.32861949 -18.24000000 174.25430303
22.87558553 172.08965138 -18.24000000 174.55898179
19.70565959 172.85068326 -18.24000000 174.92389581
16.53573365 173.61171515 -18.24000000 175.34866901
26.04551147 171.32861949 -14.98000000 173.94328077
22.87558553 172.08965138 -14.98000000 174.24850337
19.70565959 172.85068326 -14.98000000 174.61406623
16.53573365 173.61171515 -14.98000000 175.03959131
29.21543741 170.56758761 -8.46000000 173.25823307
32.38536335 169.80655572 -8.46000000 173.07411628
35.55528929 169.04552383 -8.46000000 172.95126286
38.72521523 168.28449195 -8.46000000 172.88980342
29.21543741 170.56758761 -11.72000000 173.44798103
32.38536335 169.80655572 -11.72000000 173.26406588
35.55528929 169.04552383 -11.72000000 173.14134724
38.72521523 168.28449195 -11.72000000 173.07995530
0.00000000 0.00000000 0.00000000 0.00000000
0.00000000 0.00000000 0.00000000 0.00000000
16.53573365 173.61171515 -8.46000000 174.60249060
19.70565959 172.85068326 -8.46000000 174.17589766
22.87558553 172.08965138 -8.46000000 173.80941322
26.04551147 171.32861949 -8.46000000 173.50341819
16.53573365 173.61171515 -11.72000000 174.79077929
19.70565959 172.85068326 -11.72000000 174.36464700
22.87558553 172.08965138 -11.72000000 173.99856012
26.04551147 171.32861949 -11.72000000 173.69289831
38.72521523 168.28449195 -5.20000000 172.76096933
35.55528929 169.04552383 -5.20000000 172.82247459
32.38536335 169.80655572 -5.20000000 172.94541950
29.21543741 170.56758761 -5.20000000 173.12967315
38.72521523 168.28449195 -1.94000000 172.69359028
35.55528929 169.04552383 -1.94000000 172.75511953
32.38536335 169.80655572 -1.94000000 172.87811234
29.21543741 170.56758761 -1.94000000 173.06243765
0.00000000 0.00000000 0.00000000 0.00000000
0.00000000 0.00000000 0.00000000 0.00000000
26.04551147 171.32861949 -5.20000000 173.37504009
22.87558553 172.08965138 -5.20000000 173.68126129
19.70565959 172.85068326 -5.20000000 174.04801557
16.53573365 173.61171515 -5.20000000 174.47492119
26.04551147 171.32861949 -1.94000000 173.30789978
22.87558553 172.08965138 -1.94000000 173.61423941
19.70565959 172.85068326 -1.94000000 173.98113497
16.53573365 173.61171515 -1.94000000 174.40820429
51.40491900 165.24036440 21.50000000 174.38203384
48.23499306 166.00139629 21.50000000 174.19910483
45.06506711 166.76242818 21.50000000 174.07704537
41.89514117 167.52346006 21.50000000 174.01598353
51.40491900 165.24036440 24.76000000 174.81390484
48.23499306 166.00139629 24.76000000 174.63142823
45.06506711 166.76242818 24.76000000 174.50967115
41.89514117 167.52346006 24.76000000 174.44876074
0.00000000 0.00000000 0.00000000 0.00000000
0.00000000 0.00000000 0.00000000 0.00000000
64.08462276 162.19623686 21.50000000 175.71769440
60.91469682 162.95726874 21.50000000 175.29381542
57.74477088 163.71830063 21.50000000 174.92967308
54.57484494 164.47933252 21.50000000 174.62564109
64.08462276 162.19623686 24.76000000 176.14629069
60.91469682 162.95726874 24.76000000 175.72344558
57.74477088 163.71830063 24.76000000 175.36019538
54.57484494 164.47933252 24.76000000 175.05691110
41.89514117 167.52346006 18.24000000 173.64334172
45.06506711 166.76242818 18.24000000 173.70453456
48.23499306 166.00139629 18.24000000 173.82685559
51.40491900 165.24036440 18.24000000 174.01017592
41.89514117 167.52346006 14.98000000 173.33122317
45.06506711 166.76242818 14.98000000 173.39252615
48.23499306 166.00139629 14.98000000 173.51506714
51.40491900 165.24036440 14.98000000 173.69871653
0.00000000 0.00000000 0.00000000 0.00000000
0.00000000 0.00000000 0.00000000 0.00000000
54.57484494 164.47933252 18.24000000 174.25430303
57.74477088 163.71830063 18.24000000 174.55898179
60.91469682 162.95726874 18.24000000 174.92389581
64.08462276 162.19623686 18.24000000 175.34866901
54.57484494 164.47933252 14.98000000 173.94328077
57.74477088 163.71830063 14.98000000 174.24850337
60.91469682 162.95726874 14.98000000 174.61406623
64.08462276 162.19623686 14.98000000 175.03959131
51.40491900 165.24036440 8.46000000 173.25823307
48.23499306 166.00139629 8.46000000 173.07411628
45.06506711 166.76242818 8.46000000 172.95126286
41.89514117 167.52346006 8.46000000 172.88980342
51.40491900 165.24036440 11.72000000 173.44798103
48.23499306 166.00139629 11.72000000 173.26406588
45.06506711 166.76242818 11.72000000 173.14134724
41.89514117 167.52346006 11.72000000 173.07995530
0.00000000 0.00000000 0.00000000 0.00000000
0.00000000 0.00000000 0.00000000 0.00000000
64.08462276 162.19623686 8.46000000 174.60249060
60.91469682 162.95726874 8.46000000 174.17589766
57.74477088 163.71830063 8.46000000 173.80941322
54.57484494 164.47933252 8.46000000 173.50341819
64.08462276 162.19623686 11.72000000 174.79077929
60.91469682 162.95726874 11.72000000 174.36464700
57.74477088 163.71830063 11.72000000 173.99856012
54.57484494 164.47933252 11.72000000 173.69289831
41.89514117 167.52346006 5.20000000 172.76096933
45.06506711 166.76242818 5.20000000 172.82247459
48.23499306 166.00139629 5.20000000 172.94541950
51.40491900 165.24036440 5.20000000 173.12967315
41.89514117 167.52346006 1.94000000 172.69359028
45.06506711 166.76242818 1.94000000 172.75511953
48.23499306 166.00139629 1.94000000 172.87811234
51.40491900 165.24036440 1.94000000 173.06243765
0.00000000 0.00000000 0.00000000 0.00000000
0.00000000 0.00000000 0.00000000 0.00000000
54.57484494 164.47933252 5.20000000 173.37504009
57.74477088 163.71830063 5.20000000 173.68126129
60.91469682 162.95726874 5.20000000 174.04801557
64.08462276 162.19623686 5.20000000 174.47492119
54.57484494 164.47933252 1.94000000 173.30789978
57.74477088 163.71830063 1.94000000 173.61423941
60.91469682 162.95726874 1.94000000 173.98113497
64.08462276 162.19623686 1.94000000 174.40820429
29.21543741 170.56758761 5.20000000 173.12967315
32.38536335 169.80655572 5.20000000 172.94541950
35.55528929 169.04552383 5.20000000 172.82247459
38.72521523 168.28449195 5.20000000 172.76096933
29.21543741 170.56758761 1.94000000 173.06243765
32.38536335 169.80655572 1.94000000 172.87811234
35.55528929 169.04552383 1.94000000 172.75511953
38.72521523 168.28449195 1.94000000 172.69359028
0.00000000 0.00000000 0.00000000 0.00000000
0.00000000 0.00000000 0.00000000 0.00000000
16.53573365 173.61171515 5.20000000 174.47492119
19.70565959 172.85068326 5.20000000 174.04801557
22.87558553 172.08965138 5.20000000 173.68126129
26.04551147 171.32861949 5.20000000 173.37504009
16.53573365 173.61171515 1.94000000 174.40820429
19.70565959 172.85068326 1.94000000 173.98113497
22.87558553 172.08965138 1.94000000 173.61423941
26.04551147 171.32861949 1.94000000 173.30789978
38.72521523 168.28449195 8.46000000 172.88980342
35.55528929 169.04552383 8.46000000 172.95126286
32.38536335 169.80655572 8.46000000 173.07411628
29.21543741 170.56758761 8.46000000 173.25823307
38.72521523 168.28449195 11.72000000 173.07995530
35.55528929 169.04552383 11.72000000 173.14134724
32.38536335 169.80655572 11.72000000 173.26406588
29.21543741 170.56758761 11.72000000 173.44798103
0.00000000 0.00000000 0.00000000 0.00000000
0.00000000 0.00000000 0.00000000 0.00000000
26.04551147 171.32861949 8.46000000 173.50341819
22.87558553 172.08965138 8.46000000 173.80941322
19.70565959 172.85068326 8.46000000 174.17589766
16.53573365 173.61171515 8.46000000 174.60249060
26.04551147 171.32861949 11.72000000 173.69289831
22.87558553 172.08965138 11.72000000 173.99856012
19.70565959 172.85068326 11.72000000 174.36464700
16.53573365 173.61171515 11.72000000 174.79077929
29.21543741 170.56758761 18.24000000 174.01017592
32.38536335 169.80655572 18.24000000 173.82685559
35.55528929 169.04552383 18.24000000 173.70453456
38.72521523 168.28449195 18.24000000 173.64334172
29.21543741 170.56758761 14.98000000 173.69871653
32.38536335 169.80655572 14.98000000 173.51506714
35.55528929 169.04552383 14.98000000 173.39252615
38.72521523 168.28449195 14.98000000 173.33122317
0.00000000 0.00000000 0.00000000 0.00000000
0.00000000 0.00000000 0.00000000 0.00000000
16.53573365 173.61171515 18.24000000 175.34866901
19.70565959 172.85068326 18.24000000 174.92389581
22.87558553 172.08965138 18.24000000 174.55898179
26.04551147 171.32861949 18.24000000 174.25430303
16.53573365 173.61171515 14.98000000 175.03959131
19.70565959 172.85068326 14.98000000 174.61406623
22.87558553 172.08965138 14.98000000 174.24850337
26.04551147 171.32861949 14.98000000 173.94328077
38.72521523 168.28449195 21.50000000 174.01598353
35.55528929 169.04552383 21.50000000 174.07704537
32.38536335 169.80655572 21.50000000 174.19910483
29.21543741 170.56758761 21.50000000 174.38203384
38.72521523 168.28449195 24.76000000 174.44876074
35.55528929 169.04552383 24.76000000 174.50967115
32.38536335 169.80655572 24.76000000 174.63142823
29.21543741 170.56758761 24.76000000 174.81390484
0.00000000 0.00000000 0.00000000 0.00000000
0.00000000 0.00000000 0.00000000 0.00000000
26.04551147 171.32861949 21.50000000 174.62564109
22.87558553 172.08965138 21.50000000 174.92967308
19.70565959 172.85068326 21.50000000 175.29381542
16.53573365 173.61171515 21.50000000 175.71769440
26.04551147 171.32861949 24.76000000 175.05691110
22.87558553 172.08965138 24.76000000 175.36019538
19.70565959 172.85068326 24.76000000 175.72344558
16.53573365 173.61171515 24.76000000 176.14629069
51.40491900 165.24036440 48.20000000 179.63875897
48.23499306 166.00139629 48.20000000 179.46118835
45.06506711 166.76242818 48.20000000 179.34271026
41.89514117 167.52346006 48.20000000 179.28344186
51.40491900 165.24036440 51.46000000 180.54078577
48.23499306 166.00139629 51.46000000 180.36410321
45.06506711 166.76242818 51.46000000 180.24621861
41.89514117 167.52346006 51.46000000 180.18724740
0.00000000 0.00000000 0.00000000 0.00000000
0.00000000 0.00000000 0.00000000 0.00000000
64.08462276 162.19623686 48.20000000 180.93561873
60.91469682 162.95726874 48.20000000 180.52399210
57.74477088 163.71830063 48.20000000 180.17042078
54.57484494 164.47933252 48.20000000 179.87524712
64.08462276 162.19623686 51.46000000 181.83121219
60.91469682 162.95726874 51.46000000 181.42161758
57.74477088 163.71830063 51.46000000 181.06979904
54.57484494 164.47933252 51.46000000 180.77609390
41.89514117 167.52346006 44.94000000 178.43462703
45.06506711 166.76242818 44.94000000 178.49417729
48.23499306 166.00139629 44.94000000 178.61321823
51.40491900 165.24036440 44.94000000 178.79163103
41.89514117 167.52346006 41.68000000 177.64159120
45.06506711 166.76242818 41.68000000 177.70140721
48.23499306 166.00139629 41.68000000 177.82097887
51.40491900 165.24036440 41.68000000 178.00018574
0.00000000 0.00000000 0.00000000 0.00000000
0.00000000 0.00000000 0.00000000 0.00000000
54.57484494 164.47933252 44.94000000 179.02923818
57.74477088 163.71830063 44.94000000 179.32580440
60.91469682 162.95726874 44.94000000 179.68103774
64.08462276 162.19623686 44.94000000 180.09459105
54.57484494 164.47933252 41.68000000 178.23884797
57.74477088 163.71830063 41.68000000 178.53672710
60.91469682 162.95726874 41.68000000 178.89352734
64.08462276 162.19623686 41.68000000 179.30889695
51.40491900 165.24036440 35.16000000 176.58728529
48.23499306 166.00139629 35.16000000 176.40664309
45.06506711 166.76242818 35.16000000 176.28611212
41.89514117 167.52346006 35.16000000 176.22581572
51.40491900 165.24036440 38.42000000 177.26516896
48.23499306 166.00139629 38.42000000 177.08521826
45.06506711 166.76242818 38.42000000 176.96514946
41.89514117 167.52346006 38.42000000 176.90508451
0.00000000 0.00000000 0.00000000 0.00000000
0.00000000 0.00000000 0.00000000 0.00000000
64.08462276 162.19623686 35.16000000 177.90639034
60.91469682 162.95726874 35.16000000 177.48773852
57.74477088 163.71830063 35.16000000 177.12810654
54.57484494 164.47933252 35.16000000 176.82785449
64.08462276 162.19623686 38.42000000 178.57926678
60.91469682 162.95726874 38.42000000 178.16219612
57.74477088 163.71830063 38.42000000 177.80392832
54.57484494 164.47933252 38.42000000 177.50481944
41.89514117 167.52346006 31.90000000 175.60444905
45.06506711 166.76242818 31.90000000 175.66495873
48.23499306 166.00139629 31.90000000 175.78591560
51.40491900 165.24036440 31.90000000 175.96719503
41.89514117 167.52346006 28.64000000 175.04160113
45.06506711 166.76242818 28.64000000 175.10230531
48.23499306 166.00139629 28.64000000 175.22365059
51.40491900 165.24036440 28.64000000 175.40551110
0.00000000 0.00000000 0.00000000 0.00000000
0.00000000 0.00000000 0.00000000 0.00000000
54.57484494 164.47933252 31.90000000 176.20861081
57.74477088 163.71830063 31.90000000 176.50991622
60.91469682 162.95726874 31.90000000 176.87080518
64.08462276 162.19623686 31.90000000 177.29091383
54.57484494 164.47933252 28.64000000 175.64769889
57.74477088 163.71830063 28.64000000 175.94996483
60.91469682 162.95726874 28.64000000 176.31199995
64.08462276 162.19623686 28.64000000 176.73343692
29.21543741 170.56758761 31.90000000 175.96719503
32.38536335 169.80655572 31.90000000 175.78591560
35.55528929 169.04552383 31.90000000 175.66495873
38.72521523 168.28449195 31.90000000 175.60444905
29.21543741 170.56758761 28.64000000 175.40551110
32.38536335 169.80655572 28.64000000 175.22365059
35.55528929 169.04552383 28.64000000 175.10230531
38.72521523 168.28449195 28.64000000 175.04160113
0.00000000 0.00000000 0.00000000 0.00000000
0.00000000 0.00000000 0.00000000 0.00000000
16.53573365 173.61171515 31.90000000 177.29091383
19.70565959 172.85068326 31.90000000 176.87080518
22.87558553 172.08965138 31.90000000 176.50991622
26.04551147 171.32861949 31.90000000 176.20861081
16.53573365 173.61171515 28.64000000 176.73343692
19.70565959 172.85068326 28.64000000 176.31199995
22.87558553 172.08965138 28.64000000 175.94996483
26.04551147 171.32861949 28.64000000 175.64769889
38.72521523 168.28449195 35.16000000 176.22581572
35.55528929 169.04552383 35.16000000 176.28611212
32.38536335 169.80655572 35.16000000 176.40664309
29.21543741 170.56758761 35.16000000 176.58728529
38.72521523 168.28449195 38.42000000 176.90508451
35.55528929 169.04552383 38.42000000 176.96514946
32.38536335 169.80655572 38.42000000 177.08521826
29.21543741 170.56758761 38.42000000 177.26516896
0.00000000 0.00000000 0.00000000 0.00000000
0.00000000 0.00000000 0.00000000 0.00000000
26.04551147 171.32861949 35.16000000 176.82785449
22.87558553 172.08965138 35.16000000 177.12810654
19.70565959 172.85068326 35.16000000 177.48773852
16.53573365 173.61171515 35.16000000 177.90639034
26.04551147 171.32861949 38.42000000 177.50481944
22.87558553 172.08965138 38.42000000 177.80392832
19.70565959 172.85068326 38.42000000 178.16219612
16.53573365 173.61171515 38.42000000 178.57926678
29.21543741 170.56758761 44.94000000 178.79163103
32.38536335 169.80655572 44.94000000 178.61321823
35.55528929 169.04552383 44.94000000 178.49417729
38.72521523 168.28449195 44.94000000 178.43462703
29.21543741 170.56758761 41.68000000 178.00018574
32.38536335 169.80655572 41.68000000 177.82097887
35.55528929 169.04552383 41.68000000 177.70140721
38.72521523 168.28449195 41.68000000 177.64159120
0.00000000 0.00000000 0.00000000 0.00000000
0.00000000 0.00000000 0.00000000 0.00000000
16.53573365 173.61171515 44.94000000 180.09459105
19.70565959 172.85068326 44.94000000 179.68103774
22.87558553 172.08965138 44.94000000 179.32580440
26.04551147 171.32861949 44.94000000 179.02923818
16.53573365 173.61171515 41.68000000 179.30889695
19.70565959 172.85068326 41.68000000 178.89352734
22.87558553 172.08965138 41.68000000 178.53672710
26.04551147 171.32861949 41.68000000 178.23884797
38.72521523 168.28449195 48.20000000 179.28344186
35.55528929 169.04552383 48.20000000 179.34271026
32.38536335 169.80655572 48.20000000 179.46118835
29.21543741 170.56758761 48.20000000 179.63875897
38.72521523 168.28449195 51.46000000 180.18724740
35.55528929 169.04552383 51.46000000 180.24621861
32.38536335 169.80655572 51.46000000 180.36410321
29.21543741 170.56758761 51.46000000 180.54078577
0.00000000 0.00000000 0.00000000 0.00000000
0.00000000 0.00000000 0.00000000 0.00000000
26.04551147 171.32861949 48.20000000 179.87524712
22.87558553 172.08965138 48.20000000 180.17042078
19.70565959 172.85068326 48.20000000 180.52399210
16.53573365 173.61171515 48.20000000 180.93561873
26.04551147 171.32861949 51.46000000 180.77609390
22.87558553 172.08965138 51.46000000 181.06979904
19.70565959 172.85068326 51.46000000 181.42161758
16.53573365 173.61171515 51.46000000 181.83121219
51.40491900 165.24036440 74.90000000 188.56525058
48.23499306 166.00139629 74.90000000 188.39609371
45.06506711 166.76242818 74.90000000 188.28323804
41.89514117 167.52346006 74.90000000 188.22678482
51.40491900 165.24036440 78.16000000 189.88372580
48.23499306 166.00139629 78.16000000 189.71574454
45.06506711 166.76242818 78.16000000 189.60367434
41.89514117 167.52346006 78.16000000 189.54761440
0.00000000 0.00000000 0.00000000 0.00000000
0.00000000 0.00000000 0.00000000 0.00000000
64.08462276 162.19623686 74.90000000 189.80112783
60.91469682 162.95726874 74.90000000 189.40876887
57.74477088 163.71830063 74.90000000 189.07181314
54.57484494 164.47933252 74.90000000 188.79055730
64.08462276 162.19623686 78.16000000 191.11107693
60.91469682 162.95726874 78.16000000 190.72141286
57.74477088 163.71830063 78.16000000 190.38678033
54.57484494 164.47933252 78.16000000 190.10746993
41.89514117 167.52346006 71.64000000 186.95347583
45.06506711 166.76242818 71.64000000 187.01031342
48.23499306 166.00139629 71.64000000 187.12393680
51.40491900 165.24036440 71.64000000 187.29424264
41.89514117 167.52346006 68.38000000 185.72866479
45.06506711 166.76242818 68.38000000 185.78587709
48.23499306 166.00139629 68.38000000 185.90024886
51.40491900 165.24036440 68.38000000 186.07167470
0.00000000 0.00000000 0.00000000 0.00000000
0.00000000 0.00000000 0.00000000 0.00000000
54.57484494 164.47933252 71.64000000 187.52107648
57.74477088 163.71830063 71.64000000 187.80423351
60.91469682 162.95726874 71.64000000 188.14345943
64.08462276 162.19623686 71.64000000 188.53845158
54.57484494 164.47933252 68.38000000 186.29999711
57.74477088 163.71830063 68.38000000 186.58500724
60.91469682 162.95726874 68.38000000 186.92644576
64.08462276 162.19623686 68.38000000 187.32400413
51.40491900 165.24036440 61.86000000 183.77568752
48.23499306 166.00139629 61.86000000 183.60211798
45.06506711 166.76242818 61.86000000 183.48631373
41.89514117 167.52346006 61.86000000 183.42838419
51.40491900 165.24036440 65.12000000 184.89850763
48.23499306 166.00139629 65.12000000 184.72599310
45.06506711 166.76242818 65.12000000 184.61089384
41.89514117 167.52346006 65.12000000 184.55331730
0.00000000 0.00000000 0.00000000 0.00000000
0.00000000 0.00000000 0.00000000 0.00000000
64.08462276 162.19623686 61.86000000 185.04355629
60.91469682 162.95726874 61.86000000 184.64108786
57.74477088 163.71830063 61.86000000 184.29541537
54.57484494 164.47933252 61.86000000 184.00685891
64.08462276 162.19623686 65.12000000 186.15872938
60.91469682 162.95726874 65.12000000 185.75867712
57.74477088 163.71830063 65.12000000 185.41508818
54.57484494 164.47933252 65.12000000 185.12827695
41.89514117 167.52346006 58.60000000 182.35479847
45.06506711 166.76242818 58.60000000 182.41306895
48.23499306 166.00139629 58.60000000 182.52955411
51.40491900 165.24036440 58.60000000 182.70414260
41.89514117 167.52346006 55.34000000 181.33347216
45.06506711 166.76242818 55.34000000 181.39207073
48.23499306 166.00139629 55.34000000 181.50921113
51.40491900 165.24036440 55.34000000 181.68478011
0.00000000 0.00000000 0.00000000 0.00000000
0.00000000 0.00000000 0.00000000 0.00000000
54.57484494 164.47933252 58.60000000 182.93666807
57.74477088 163.71830063 58.60000000 183.22690994
60.91469682 162.95726874 58.60000000 183.57459444
64.08462276 162.19623686 58.60000000 183.97939593
54.57484494 164.47933252 55.34000000 181.91860852
57.74477088 163.71830063 55.34000000 182.21047205
60.91469682 162.95726874 55.34000000 182.56009237
64.08462276 162.19623686 55.34000000 182.96713837
29.21543741 170.56758761 58.60000000 182.70414260
32.38536335 169.80655572 58.60000000 182.52955411
35.55528929 169.04552383 58.60000000 182.41306895
38.72521523 168.28449195 58.60000000 182.35479847
29.21543741 170.56758761 55.34000000 181.68478011
32.38536335 169.80655572 55.34000000 181.50921113
35.55528929 169.04552383 55.34000000 181.39207073
38.72521523 168.28449195 55.34000000 181.33347216
0.00000000 0.00000000 0.00000000 0.00000000
0.00000000 0.00000000 0.00000000 0.00000000
16.53573365 173.61171515 58.60000000 183.97939593
19.70565959 172.85068326 58.60000000 183.57459444
22.87558553 172.08965138 58.60000000 183.22690994
26.04551147 171.32861949 58.60000000 182.93666807
16.53573365 173.61171515 55.34000000 182.96713837
19.70565959 172.85068326 55.34000000 182.56009237
22.87558553 172.08965138 55.34000000 182.21047205
26.04551147 171.32861949 55.34000000 181.91860852
38.72521523 168.28449195 61.86000000 183.42838419
35.55528929 169.04552383 61.86000000 183.48631373
32.38536335 169.80655572 61.86000000 183.60211798
29.21543741 170.56758761 61.86000000 183.77568752
38.72521523 168.28449195 65.12000000 184.55331730
35.55528929 169.04552383 65.12000000 184.61089384
32.38536335 169.80655572 65.12000000 184.72599310
29.21543741 170.56758761 65.12000000 184.89850763
0.00000000 0.00000000 0.00000000 0.00000000
0.00000000 0.00000000 0.00000000 0.00000000
26.04551147 171.32861949 61.86000000 184.00685891
22.87558553 172.08965138 61.86000000 184.29541537
19.70565959 172.85068326 61.86000000 184.64108786
16.53573365 173.61171515 61.86000000 185.04355629
26.04551147 171.32861949 65.12000000 185.12827695
22.87558553 172.08965138 65.12000000 185.41508818
19.70565959 172.85068326 65.12000000 185.75867712
16.53573365 173.61171515 65.12000000 186.15872938
29.21543741 170.56758761 71.64000000 187.29424264
32.38536335 169.80655572 71.64000000 187.12393680
35.55528929 169.04552383 71.64000000 187.01031342
38.72521523 168.28449195 71.64000000 186.95347583
29.21543741 170.56758761 68.38000000 186.07167470
32.38536335 169.80655572 68.38000000 185.90024886
35.55528929 169.04552383 68.38000000 185.78587709
38.72521523 168.28449195 68.38000000 185.72866479
0.00000000 0.00000000 0.00000000 0.00000000
0.00000000 0.00000000 0.00000000 0.00000000
16.53573365 173.61171515 71.64000000 188.53845158
19.70565959 172.85068326 71.64000000 188.14345943
22.87558553 172.08965138 71.64000000 187.80423351
26.04551147 171.32861949 71.64000000 187.52107648
16.53573365 173.61171515 68.38000000 187.32400413
19.70565959 172.85068326 68.38000000 186.92644576
22.87558553 172.08965138 68.38000000 186.58500724
26.04551147 171.32861949 68.38000000 186.29999711
38.72521523 168.28449195 74.90000000 188.22678482
35.55528929 169.04552383 74.90000000 188.28323804
32.38536335 169.80655572 74.90000000 188.39609371
29.21543741 170.56758761 74.90000000 188.56525058
38.72521523 168.28449195 78.16000000 189.54761440
35.55528929 169.04552383 78.16000000 189.60367434
32.38536335 169.80655572 78.16000000 189.71574454
29.21543741 170.56758761 78.16000000 189.88372580
0.00000000 0.00000000 0.00000000 0.00000000
0.00000000 0.00000000 0.00000000 0.00000000
26.04551147 171.32861949 74.90000000 188.79055730
22.87558553 172.08965138 74.90000000 189.07181314
19.70565959 172.85068326 74.90000000 189.40876887
16.53573365 173.61171515 74.90000000 189.80112783
26.04551147 171.32861949 78.16000000 190.10746993
22.87558553 172.08965138 78.16000000 190.38678033
19.70565959 172.85068326 78.16000000 190.72141286
16.53573365 173.61171515 78.16000000 191.11107693
